file_path,category,tissue
fold_1/sample_0/image.png,[0 0 0 0 1 1 2 2],3
fold_1/sample_1/image.png,[0 0 0 0 0 0 0 0 1 2],3
fold_1/sample_2/image.png,[0 0 0 0 0 0 0 0 2 2 2],3
fold_1/sample_3/image.png,[0 0 0 0 0 0 0 0 0 0],3
fold_1/sample_4/image.png,[0 0 0 1 1 2 2],3
fold_1/sample_5/image.png,[0 0 1 2 2 2 2],3
fold_1/sample_6/image.png,[0 0 0 0 0 1 1 2 2],3
fold_1/sample_7/image.png,[0 0 0 0 0 0 0 0 2 2],3
fold_1/sample_8/image.png,[0 0 1 2 2 2 2 2 2 2 2],3
fold_1/sample_9/image.png,[0 0 0 0 0 1 2 2 2 2 2 2 2],3
fold_1/sample_10/image.png,[0 0 0 0 0 0 0 0 0 0 0 0 0 0 0 0 0 2],3
fold_1/sample_11/image.png,[0 0 0 0 0 0 0 0 0 2 2 2 2 2],3
fold_1/sample_12/image.png,[0 0 0 0 0 0 0 2 2],3
fold_1/sample_13/image.png,[0 0 0 2 2 2 2 2 2],3
fold_1/sample_14/image.png,[0 0 0 0 0 1 2 2 2],3
fold_1/sample_15/image.png,[0 0 0 0 2 2 2 2 2 2 2 2],3
fold_1/sample_16/image.png,[0 0 0 0 0 0 0 1 2 2 2 2],3
fold_1/sample_17/image.png,[0 0 0 0 0 0 0 0 0 0 1 2 2 2 2 2 2],3
fold_1/sample_18/image.png,[0 0 0 0 1 2 2],3
fold_1/sample_19/image.png,[0 0 1 1 1 2 2 2 2 2 2 2 2],3
fold_1/sample_20/image.png,[0 0 0 0 0 0 0 0 0 0],3
fold_1/sample_21/image.png,[0 0 0 0 0 0 0 0 0 2 2],3
fold_1/sample_22/image.png,[0 0 0 0 0 0 0 0],3
fold_1/sample_23/image.png,[0 0 0 0 0 0 0 2 2 2 2 2],3
fold_1/sample_24/image.png,[0 0 0 0 0 0 0 0 0 0],3
fold_1/sample_25/image.png,[0 0 0 0 0 0 0 0 0 0 0 0 0 2],3
fold_1/sample_26/image.png,[0 0 0 0 2 2 2 2 2 2 2],3
fold_1/sample_27/image.png,[0 0 0 0 2 2 2 2 2 2 2],3
fold_1/sample_28/image.png,[0 0 0 0 0 0 2 2 2 2 2 2 2 2 2 2],3
fold_1/sample_29/image.png,[0 0 0 0 0 0 0 2 2 2 2 2 2],3
fold_1/sample_30/image.png,[0 0 0 0 0 0 0 0 0 0 0 0],3
fold_1/sample_31/image.png,[1 1 1 1 1 1 1 2 2 2 2 2 2 2 2 2 2 2 2 2 2 2 2],3
fold_1/sample_32/image.png,[0 1 1 1 2 2 2 2 2 2 2 2],3
fold_1/sample_33/image.png,[0 0 0 0 0 0 0 0 0 0 0 2],3
fold_1/sample_34/image.png,[0 0 1 1 1 1 1 1 1 1 2 2 2 2 2 2 2 2 2],3
fold_1/sample_35/image.png,[0 0 0 0 0 0 1 1 2 2 2],3
fold_1/sample_36/image.png,[0 0 0 0 0 0 0 0 2 2 2 2 2],3
fold_1/sample_37/image.png,[0 0 1 2 2 2 2 2 2 2 2],3
fold_1/sample_38/image.png,[1 2 2 2 2 2 2],3
fold_1/sample_39/image.png,[0 0 0 0 0 0 0 0 0 0 2 2 2 2],3
fold_1/sample_40/image.png,[0 0 0 1 2 2 2 2 2 2 2 2],3
fold_1/sample_41/image.png,[1 2 2 2 2 2 2 2 2],3
fold_1/sample_42/image.png,[0 0 0 0 0 0 0 0 0 2 2 2 2 2],3
fold_1/sample_43/image.png,[0 0 2 2 2 2 2 2 2 2 2],3
fold_1/sample_44/image.png,[0 0 2 2 2 2 2 2 2],3
fold_1/sample_45/image.png,[1 2 2 4 4 4 4 4 4 4 4 4 4 4 4 4 4 4 4 4 4 4],3
fold_1/sample_46/image.png,[1 2 2 2 2 2 2 2 4 4 4 4 4 4 4 4 4 4 4 4 4 4 4 4 4 4 4 4 4],3
fold_1/sample_47/image.png,[1 2 2 2 2 2 2 2 2 4 4 4 4 4 4 4 4 4 4 4 4 4 4],3
fold_1/sample_48/image.png,[1 2 2 2 2 4],3
fold_1/sample_49/image.png,[2 4 4 4 4 4 4 4 4 4 4 4 4 4 4 4 4 4 4 4 4 4 4 4 4 4 4 4 4],3
fold_1/sample_50/image.png,[2 2 4 4 4 4 4 4 4 4 4 4 4 4 4],3
fold_1/sample_51/image.png,[0 0 0 0 2 2 2 2 2 2 2 2 2],3
fold_1/sample_52/image.png,[0 0 0 2],3
fold_1/sample_53/image.png,[0 0 0 0 0 0 0 0 0 0 0 0 0 0 0 0 0 0 0 0 0 0 0 0 0 0 0 0 0],3
fold_1/sample_54/image.png,[0 0 0 0 1 2 2 2 2],3
fold_1/sample_55/image.png,[0 0 0 0 0 0 0 0 0 0 0 0 0 0 0 2 2 2 2 2],3
fold_1/sample_56/image.png,[0 0 0 0 2 2 2 2 2 2 2 2 2 2 2 2],3
fold_1/sample_57/image.png,[1 1 2 2 2 2 2 2 2 2 2 2 2 2 2],3
fold_1/sample_58/image.png,[2 4 4 4 4 4 4 4 4 4 4 4 4 4 4 4 4 4 4 4 4 4 4 4 4 4 4 4 4 4 4],3
fold_1/sample_59/image.png,[1 1 2 2 4 4 4 4 4 4 4 4 4 4 4 4 4 4 4 4 4 4 4 4 4 4 4],3
fold_1/sample_60/image.png,[2 2 2 2 2 2 4 4 4 4 4 4 4 4 4 4 4 4 4 4 4 4 4 4],3
fold_1/sample_61/image.png,"[4 4 4 4 4 4 4 4 4 4 4 4 4 4 4 4 4 4 4 4 4 4 4 4 4 4 4 4 4 4 4 4 4 4 4 4 4
 4 4 4]",3
fold_1/sample_62/image.png,[1 2 2 2 2 2 2 2 2 4 4 4 4 4 4 4 4 4],3
fold_1/sample_63/image.png,[2 2 2 2 2 2 2 2 2 4 4 4 4 4 4 4 4 4 4 4],3
fold_1/sample_64/image.png,"[4 4 4 4 4 4 4 4 4 4 4 4 4 4 4 4 4 4 4 4 4 4 4 4 4 4 4 4 4 4 4 4 4 4 4 4 4
 4 4 4 4]",3
fold_1/sample_65/image.png,[2 2 2 2 2 2 2 2 2 2 2 2 2 2 4 4 4 4 4 4 4],3
fold_1/sample_66/image.png,"[2 2 4 4 4 4 4 4 4 4 4 4 4 4 4 4 4 4 4 4 4 4 4 4 4 4 4 4 4 4 4 4 4 4 4 4 4
 4 4 4 4]",3
fold_1/sample_67/image.png,[1 1 2 2 4 4 4 4 4 4 4 4 4 4 4 4 4 4 4 4 4 4 4 4 4 4 4 4 4 4 4 4 4 4 4 4 4],3
fold_1/sample_68/image.png,[2 2 2 2 2 4 4 4 4 4 4 4 4 4 4 4 4 4 4 4 4 4 4 4 4],3
fold_1/sample_69/image.png,[1 2 2 2 2 4 4 4 4 4 4 4 4 4 4 4 4 4],3
fold_1/sample_70/image.png,[2 2 2 2 2 2 2 2 4 4 4 4 4 4 4 4 4 4 4 4 4 4 4],3
fold_1/sample_71/image.png,[1 2 2 2 2 2 2 2 2 2 2 2 2 2 4 4 4 4 4 4 4 4 4 4 4 4 4 4 4 4 4 4 4 4 4 4],3
fold_1/sample_72/image.png,"[2 2 2 4 4 4 4 4 4 4 4 4 4 4 4 4 4 4 4 4 4 4 4 4 4 4 4 4 4 4 4 4 4 4 4 4 4
 4 4 4 4 4 4 4 4 4 4 4 4 4]",3
fold_1/sample_73/image.png,[0 0 2 2 2 2],3
fold_1/sample_74/image.png,[0 2 2 2 2],3
fold_1/sample_75/image.png,[0 0 0 0 0 0 0 0 0 0 2 2],3
fold_1/sample_76/image.png,[0 0 0 0 0 0 0 1 2 2 2],3
fold_1/sample_77/image.png,[1 1 1 2 2 2 2 2 2],3
fold_1/sample_78/image.png,[0 0 0 0 0 0 0 2 2],3
fold_1/sample_79/image.png,[1 1 1 2 2 2 2 2 2 2 2 2],3
fold_1/sample_80/image.png,[1 1 2 2],3
fold_1/sample_81/image.png,[0 0 2 2 2 2 2 2 2 2],3
fold_1/sample_82/image.png,[0 0 0 0 2 2 2 2 2 2 2],3
fold_1/sample_83/image.png,[2 2 4 4 4 4 4 4 4 4 4 4 4 4 4 4 4 4 4 4 4 4 4 4 4],3
fold_1/sample_84/image.png,"[2 2 2 2 2 2 2 2 2 2 2 2 4 4 4 4 4 4 4 4 4 4 4 4 4 4 4 4 4 4 4 4 4 4 4 4 4
 4 4 4 4 4 4 4 4 4 4 4 4]",3
fold_1/sample_85/image.png,"[2 2 2 2 2 2 2 2 2 2 2 4 4 4 4 4 4 4 4 4 4 4 4 4 4 4 4 4 4 4 4 4 4 4 4 4 4
 4 4 4 4 4]",3
fold_1/sample_86/image.png,"[1 4 4 4 4 4 4 4 4 4 4 4 4 4 4 4 4 4 4 4 4 4 4 4 4 4 4 4 4 4 4 4 4 4 4 4 4
 4 4 4 4 4 4 4 4 4 4 4 4 4 4 4 4 4 4 4 4 4 4 4 4 4 4 4 4 4]",3
fold_1/sample_87/image.png,[2 2 2 2 2 2 2 2 2 4 4 4 4 4 4 4 4 4 4 4 4 4 4 4 4 4 4 4],3
fold_1/sample_88/image.png,"[2 2 2 4 4 4 4 4 4 4 4 4 4 4 4 4 4 4 4 4 4 4 4 4 4 4 4 4 4 4 4 4 4 4 4 4 4
 4 4 4]",3
fold_1/sample_89/image.png,[2 2 2 2 2 2 2 2 2 2 2 4 4 4 4 4 4 4 4 4 4 4 4],3
fold_1/sample_90/image.png,"[4 4 4 4 4 4 4 4 4 4 4 4 4 4 4 4 4 4 4 4 4 4 4 4 4 4 4 4 4 4 4 4 4 4 4 4 4
 4 4 4 4 4 4 4 4 4 4 4 4 4 4 4]",3
fold_1/sample_91/image.png,[2 4 4 4 4 4 4 4 4 4 4 4 4 4 4 4 4 4 4 4 4 4 4 4 4 4 4 4 4 4 4],3
fold_1/sample_92/image.png,"[2 4 4 4 4 4 4 4 4 4 4 4 4 4 4 4 4 4 4 4 4 4 4 4 4 4 4 4 4 4 4 4 4 4 4 4 4
 4]",3
fold_1/sample_93/image.png,[0 0 0 0 1 2 2 2 2 2 2 2],3
fold_1/sample_94/image.png,[0 0 0 0 0 2 2 2 2 2 2 2 2 2],3
fold_1/sample_95/image.png,[0 0 0 0 0 0 0 0 0 0 0 0 0 0 0 0 0 0 0 0 0 0 0 0 1],3
fold_1/sample_96/image.png,[0 0 0 0 0 0 0 0 0 0 0 0 0 0 2 2],3
fold_1/sample_97/image.png,[0 0 0 0 0 0 0 0 0 0 0 0 0 1 2 2 2 2 2 2 2 2 2 2 2],3
fold_1/sample_98/image.png,[0 0 0 0 0 0 0 0 0 0 1 1 2 2 2 2],3
fold_1/sample_99/image.png,[0 0 1 1 1 1 1 2 2 2 2 2 2 2 2],3
fold_1/sample_100/image.png,[0 0 0 0 0 0 0 0 0 0 2 2 2 2 2 2 2 2 2 2 2],3
fold_1/sample_101/image.png,[0 0 0 0 0 0 0 0 0 0 1 1 1 1 1 2 2 2 2 2 2 2 2 2 2],3
fold_1/sample_102/image.png,[0 0 0 0 0 0 0 0 0 0 0 2 2 2 2 2 2 2 2 2 2 2 2 2],3
fold_1/sample_103/image.png,[2 2 2 2 2 2 2 2 4 4 4 4 4 4 4 4 4 4 4 4 4 4 4],3
fold_1/sample_104/image.png,[2 2 2 2 2 2 2 2 4 4 4 4 4 4 4 4 4 4 4 4 4 4 4 4 4],3
fold_1/sample_105/image.png,[2 2 2 2 2 2 2 4 4 4 4 4 4 4 4 4 4 4 4 4 4 4 4 4 4 4 4 4 4 4 4],3
fold_1/sample_106/image.png,[2 2 2 2 4 4 4 4 4 4 4 4 4 4 4 4 4 4 4 4 4 4 4 4 4 4 4 4 4 4 4 4 4 4],3
fold_1/sample_107/image.png,[1 1 2 2 2 2 2 2 2 2 2 4 4 4 4 4 4 4 4 4 4 4 4 4 4 4 4 4 4 4],3
fold_1/sample_108/image.png,[2 2 2 2 2 2 2 2 2 2 2 4 4 4 4 4 4 4 4 4],3
fold_1/sample_109/image.png,[2 2 2 2 2 2 2 2 2 2 2 2 2 4 4 4 4 4 4 4 4 4 4 4 4 4],3
fold_1/sample_110/image.png,"[2 2 2 2 2 2 2 4 4 4 4 4 4 4 4 4 4 4 4 4 4 4 4 4 4 4 4 4 4 4 4 4 4 4 4 4 4
 4 4]",3
fold_1/sample_111/image.png,[2 2 2 2 2 4 4 4 4 4 4 4 4 4 4 4 4 4 4 4 4 4 4 4 4 4 4 4 4 4 4 4 4 4],3
fold_1/sample_112/image.png,"[0 0 0 0 0 0 0 0 0 0 0 0 0 0 0 0 0 0 0 0 0 0 0 0 0 0 0 0 0 0 0 0 0 0 0 0 0
 0 2 2]",3
fold_1/sample_113/image.png,[0 0 0 0 0 0 0 0 0 0 0 0 0 0 0 0 0 0 0 0 0 0 0 0 0 0 0 0 2 2],3
fold_1/sample_114/image.png,[0 0 0 0 0 0 0 0 0 0 0 0 0 0 0 0 0 0 0 0 0 0 0 0 0 0 0 0 2 2 2],3
fold_1/sample_115/image.png,[0 0 0 0 0 0 0 0 0 0 0 0 0 0 0 0 0 0 0 0 0 0 0 0 0 0 2 2 2 2 2 2 2],3
fold_1/sample_116/image.png,"[0 0 0 0 0 0 0 0 0 0 0 0 0 0 0 0 0 0 0 0 0 0 0 0 0 0 0 0 0 0 0 0 0 0 0 0 0
 0 0 0 0 0 0 0 0 0 0 0 0 1]",3
fold_1/sample_117/image.png,"[1 1 1 1 1 1 1 1 1 1 1 1 1 1 1 1 1 1 1 1 1 1 1 1 1 1 1 1 1 1 1 1 1 1 1 1 1
 1 1 1 1 1 1 1 1 1 1 1 1 1 1 1 1 1 1 1 1 1 1 1 1 1 1 1 1 1 1 1 1 2 2 2]",3
fold_1/sample_118/image.png,"[1 1 1 1 1 1 1 1 1 1 1 1 1 1 1 1 1 1 1 1 1 1 1 1 1 1 1 1 1 1 1 1 1 1 1 1 2
 2 2 2 2 2 2 2 2 2 2 2 2 2]",3
fold_1/sample_119/image.png,"[0 0 0 0 0 0 0 0 0 1 1 1 1 1 1 1 1 1 1 1 1 1 1 1 1 1 1 1 1 1 1 1 1 1 1 1 1
 1 1 1 1 1 1 1 1 1 1 1 1 1 1 1 1 1 1 1 1 2 2 2]",3
fold_1/sample_120/image.png,"[0 0 1 1 1 1 1 1 1 1 1 1 1 1 1 1 1 1 1 1 1 1 1 1 1 1 1 1 1 1 1 1 1 1 1 1 1
 1 1 1 1 1 1 1 1 1 1 1 1 1 1 1 1 1 1 1 1 1 1 1 2 2 2]",3
fold_1/sample_121/image.png,[0 0 0 0 0 0 0 0 0 0 0 0 0 0 0 0 0 0 0 0 0 0 0 0 0 0 0 0 0 1 1 2 2 2 2 2],3
fold_1/sample_122/image.png,"[0 0 0 0 0 0 0 0 0 0 0 0 0 0 0 0 0 0 0 0 0 0 0 0 0 0 0 0 1 1 1 1 1 1 1 1 1
 2 2]",3
fold_1/sample_123/image.png,[1 2 2 2 2 2 2 2 2 2 2 2 4 4 4 4 4 4 4 4 4 4 4 4 4 4 4 4 4 4],3
fold_1/sample_124/image.png,[2 2 2 2 2 2 2 2 4 4 4 4 4 4 4 4 4 4 4 4 4 4 4 4 4 4 4 4 4 4 4 4 4 4 4 4 4],3
fold_1/sample_125/image.png,[1 2 2 2 2 2 2 4 4 4 4 4 4 4 4 4 4 4 4 4 4 4 4 4 4 4 4 4 4 4 4 4 4 4 4 4],3
fold_1/sample_126/image.png,[1 1 2 2 2 2 2 2 2 2 2 2 2 2 4 4 4 4 4 4 4 4 4 4 4],3
fold_1/sample_127/image.png,[2 2 2 2 2 2 2 2 2 2 4 4 4 4 4 4 4 4 4 4 4 4 4 4 4 4 4 4 4 4 4 4],3
fold_1/sample_128/image.png,"[1 1 2 2 2 2 2 2 2 2 2 2 4 4 4 4 4 4 4 4 4 4 4 4 4 4 4 4 4 4 4 4 4 4 4 4 4
 4 4]",3
fold_1/sample_129/image.png,"[1 1 2 2 2 2 2 2 2 2 2 2 2 2 4 4 4 4 4 4 4 4 4 4 4 4 4 4 4 4 4 4 4 4 4 4 4
 4 4 4 4 4 4 4 4 4 4 4 4]",3
fold_1/sample_130/image.png,[1 2 2 2 2 2 2 2 2 2 2 2 2 4 4 4 4 4 4],3
fold_1/sample_131/image.png,"[1 1 2 2 4 4 4 4 4 4 4 4 4 4 4 4 4 4 4 4 4 4 4 4 4 4 4 4 4 4 4 4 4 4 4 4 4
 4 4 4 4 4 4 4 4 4 4 4 4]",3
fold_1/sample_132/image.png,[2 2 2 2 2 2 2 2 2 2 2 2 2 2 2 2 2 4 4 4 4 4 4 4 4 4 4 4 4 4],3
fold_1/sample_133/image.png,[1 2 2 2 4],3
fold_1/sample_134/image.png,[2 2 2 2 2 4 4 4 4 4 4 4 4],3
fold_1/sample_135/image.png,[1 2 2 2 2 2 4 4 4 4 4 4 4 4 4 4 4 4 4 4 4 4 4 4 4 4 4 4 4 4 4 4 4 4 4 4],3
fold_1/sample_136/image.png,[1 1 1 2 2 2 2 2 2 2 2 2 2 2 2 2 2 4 4 4 4 4 4 4 4 4 4 4 4 4 4 4],3
fold_1/sample_137/image.png,[1 2 2 2 2 4 4 4 4 4 4 4 4 4 4 4 4 4 4 4 4 4 4],3
fold_1/sample_138/image.png,[2 2 2 2 2 2 2 4 4 4 4 4 4 4 4 4 4 4 4 4 4 4 4 4 4 4 4 4 4 4 4 4 4 4 4 4],3
fold_1/sample_139/image.png,"[2 2 4 4 4 4 4 4 4 4 4 4 4 4 4 4 4 4 4 4 4 4 4 4 4 4 4 4 4 4 4 4 4 4 4 4 4
 4 4 4]",3
fold_1/sample_140/image.png,[1 2 2 2 2 2 2 2 2 2],3
fold_1/sample_141/image.png,[0 0 0 0 0 0 0 0 0 2 2],3
fold_1/sample_142/image.png,[0 0 0 0 0 0 0 0 0 0 0 0 0 0 0 0 0 0 2 2 2 2 2],3
fold_1/sample_143/image.png,[0 0 0 0 0 0 0 0 0 0 0 0 0 0 0 0 0 0 0 0 0 0 0 0 0 0 1 2 2 2],3
fold_1/sample_144/image.png,[0 0 0 0 0 0 0 0 0 0 0 0 0 0 0 0 0 1 2 2],3
fold_1/sample_145/image.png,[0 0 0 0 0 0 2 2 2],3
fold_1/sample_146/image.png,[0 0 0 0 0 0 0 0 0 0 0 0 0 0 1 1 2 2],3
fold_1/sample_147/image.png,[0 0 0 0 0 0 0 0 0 0 0 0 2],3
fold_1/sample_148/image.png,[2 2 4 4 4 4 4 4 4 4 4 4 4 4 4 4 4],3
fold_1/sample_149/image.png,[4 4 4 4 4 4 4 4 4 4 4 4 4 4 4 4 4 4 4 4 4 4 4 4 4 4 4 4 4 4 4 4 4 4 4 4 4],3
fold_1/sample_150/image.png,"[2 2 2 2 2 2 2 2 2 2 2 4 4 4 4 4 4 4 4 4 4 4 4 4 4 4 4 4 4 4 4 4 4 4 4 4 4
 4]",3
fold_1/sample_151/image.png,[1 1 1 2 2 2 2 4 4 4 4 4 4 4 4 4 4 4 4 4 4 4 4 4 4 4],3
fold_1/sample_152/image.png,[1 4 4 4 4 4 4 4 4 4 4 4 4 4 4 4 4 4 4 4 4 4 4 4 4 4 4 4 4 4 4 4 4 4],3
fold_1/sample_153/image.png,[0 0 0 0 0 0 0 0 0 0 0 0 1 1 1 1],3
fold_1/sample_154/image.png,[0 1 1 1 1 1 1 1 1 1 2 2 2 2 2],3
fold_1/sample_155/image.png,[0 0 0 0 0 0 0 0 1 1 1 2],3
fold_1/sample_156/image.png,[0 0 0 0 1 1 1 1 1 1 1 2 2 2 2 2],3
fold_1/sample_157/image.png,[0 0 0 0 0 0 1 1 1 1 1 2 2 2 2],3
fold_1/sample_158/image.png,[1 2 2 2 2 2],3
fold_1/sample_159/image.png,[1 2 2 2 2 2 2 2 2 2 4 4 4 4 4 4 4 4],3
fold_1/sample_160/image.png,[1 2 2 2 2 2 2 2 2 2 2 2 4 4 4 4 4 4 4 4 4],3
fold_1/sample_161/image.png,[1 1 2 4 4 4 4 4 4 4 4 4 4 4 4 4 4 4 4 4 4 4 4 4 4 4 4 4 4 4 4 4 4],3
fold_1/sample_162/image.png,[1 1 2 2 2 2 2 2 4 4 4 4 4 4 4 4 4 4 4 4 4 4 4 4 4 4 4 4 4 4 4 4],3
fold_1/sample_163/image.png,[1 2 2 2 2 2 2 2 4 4 4 4 4 4 4 4 4 4 4 4 4 4 4],3
fold_1/sample_164/image.png,[1 2 2 2 2 4 4],3
fold_1/sample_165/image.png,[1 2 2 2 2 2 2 2 2 2 2 2 2 2 2 4 4 4 4 4],3
fold_1/sample_166/image.png,[2 2 2 2 2 4 4 4 4 4 4 4 4 4 4 4 4 4 4 4 4 4 4 4 4 4 4 4 4 4 4 4 4 4 4 4],3
fold_1/sample_167/image.png,"[1 1 2 2 2 2 2 2 2 4 4 4 4 4 4 4 4 4 4 4 4 4 4 4 4 4 4 4 4 4 4 4 4 4 4 4 4
 4 4]",3
fold_1/sample_168/image.png,[1 1 1 1 2 2 2 2 2 2 2 2 2 2 2 2 4 4 4 4 4 4 4 4 4 4 4 4 4 4 4],3
fold_1/sample_169/image.png,[1 2 2 2 2 2 2 2 2 2 2 4 4 4 4 4 4 4 4 4 4 4 4 4 4 4 4 4 4],3
fold_1/sample_170/image.png,[1 2 2 2 4 4 4 4 4 4 4 4 4 4 4 4 4 4 4 4 4 4 4 4 4 4 4 4 4 4 4],3
fold_1/sample_171/image.png,[2 2 2 2 2 2 2 4 4 4 4 4 4 4 4 4 4 4 4 4 4 4 4 4 4 4 4],3
fold_1/sample_172/image.png,[0 0 0 0 1 2],3
fold_1/sample_173/image.png,[0 1 2 2],3
fold_1/sample_174/image.png,[1 2 2 2 4 4],3
fold_1/sample_175/image.png,[2 2 2 2 2 2 2 4 4 4 4 4 4 4 4 4 4 4 4 4 4 4 4 4 4 4 4 4 4 4 4 4 4 4 4 4 4],3
fold_1/sample_176/image.png,[2 2 4 4 4 4 4 4 4 4 4 4 4 4 4 4 4 4 4 4 4 4 4 4 4 4 4 4 4 4],3
fold_1/sample_177/image.png,[1 1 2 2 2 2 2 2 2 2 4 4 4 4 4 4 4 4 4 4 4 4 4 4 4 4 4 4],3
fold_1/sample_178/image.png,"[1 2 2 3 4 4 4 4 4 4 4 4 4 4 4 4 4 4 4 4 4 4 4 4 4 4 4 4 4 4 4 4 4 4 4 4 4
 4 4 4]",3
fold_1/sample_179/image.png,"[1 1 2 2 4 4 4 4 4 4 4 4 4 4 4 4 4 4 4 4 4 4 4 4 4 4 4 4 4 4 4 4 4 4 4 4 4
 4 4 4 4 4 4 4 4 4 4 4 4 4 4 4 4 4 4 4 4 4 4 4]",3
fold_1/sample_180/image.png,[0 0 1 1 2 2 2 2 2],3
fold_1/sample_181/image.png,[0 2 2 2 2 2 2 2 2],3
fold_1/sample_182/image.png,[0 2 2],3
fold_1/sample_183/image.png,[2 2 2 2 2 2 2 2 2 2 2 2 2 2],3
fold_1/sample_184/image.png,"[1 1 2 2 2 2 2 2 2 2 2 2 2 2 2 2 2 2 2 4 4 4 4 4 4 4 4 4 4 4 4 4 4 4 4 4 4
 4 4 4 4 4 4 4 4]",3
fold_1/sample_185/image.png,"[1 1 1 1 1 1 2 2 4 4 4 4 4 4 4 4 4 4 4 4 4 4 4 4 4 4 4 4 4 4 4 4 4 4 4 4 4
 4 4 4 4 4]",3
fold_1/sample_186/image.png,"[2 2 2 4 4 4 4 4 4 4 4 4 4 4 4 4 4 4 4 4 4 4 4 4 4 4 4 4 4 4 4 4 4 4 4 4 4
 4 4 4 4 4 4 4 4 4 4 4 4 4]",3
fold_1/sample_187/image.png,"[2 2 2 2 2 2 2 2 2 4 4 4 4 4 4 4 4 4 4 4 4 4 4 4 4 4 4 4 4 4 4 4 4 4 4 4 4
 4 4 4 4 4 4 4 4 4 4 4 4]",3
fold_1/sample_188/image.png,"[1 1 2 2 4 4 4 4 4 4 4 4 4 4 4 4 4 4 4 4 4 4 4 4 4 4 4 4 4 4 4 4 4 4 4 4 4
 4 4 4 4 4 4 4 4 4]",3
fold_1/sample_189/image.png,"[1 2 2 2 2 2 2 2 2 2 2 2 2 2 4 4 4 4 4 4 4 4 4 4 4 4 4 4 4 4 4 4 4 4 4 4 4
 4 4 4 4 4 4 4 4 4 4 4 4 4]",3
fold_1/sample_190/image.png,[1 1 2 2 2 2 4 4 4 4 4 4 4 4 4 4 4 4 4 4 4 4 4 4 4 4 4 4 4 4 4 4 4 4],3
fold_1/sample_191/image.png,[1 2 2 2 2 4 4 4 4 4 4 4 4 4 4 4 4 4 4 4 4 4 4],3
fold_1/sample_192/image.png,"[4 4 4 4 4 4 4 4 4 4 4 4 4 4 4 4 4 4 4 4 4 4 4 4 4 4 4 4 4 4 4 4 4 4 4 4 4
 4 4 4 4 4 4 4 4]",3
fold_1/sample_193/image.png,[4 4 4 4 4 4 4 4 4 4 4 4 4 4 4 4 4 4 4 4 4 4 4],3
fold_1/sample_194/image.png,[0 0 2 2],3
fold_1/sample_195/image.png,[0 0 0 0 0 0 0 0 0 0 0 2],3
fold_1/sample_196/image.png,[0 0 0 0 0 0 2 2 2 2 2 2],3
fold_1/sample_197/image.png,[0 0 0 0 0 0 0 0 0 0 0 0 0 0 0 0 0 0 0 0 0 0 0 2 2 2 2 2],3
fold_1/sample_198/image.png,[0 0 0 0 0 0 0 0 1 2 2 2 4],3
fold_1/sample_199/image.png,[0 0 0 0 2 2 2 2 2 2 2],3
fold_1/sample_200/image.png,[1 1 2 2 2 4 4 4 4 4 4 4 4 4 4 4 4 4 4 4 4 4 4 4 4 4 4],3
fold_1/sample_201/image.png,"[2 2 2 2 2 4 4 4 4 4 4 4 4 4 4 4 4 4 4 4 4 4 4 4 4 4 4 4 4 4 4 4 4 4 4 4 4
 4 4 4 4 4 4 4 4 4 4 4 4 4 4 4 4 4 4 4]",3
fold_1/sample_202/image.png,[1 1 1 2 2 2 2 2 2 2 2 2 2 2 2 4 4 4 4 4 4 4 4 4 4 4 4],3
fold_1/sample_203/image.png,[1 1 1 1 1 1 2 2 2 2 2 2 2],3
fold_1/sample_204/image.png,"[1 1 2 2 2 2 2 2 2 2 4 4 4 4 4 4 4 4 4 4 4 4 4 4 4 4 4 4 4 4 4 4 4 4 4 4 4
 4 4 4 4 4 4 4 4 4 4 4]",3
fold_1/sample_205/image.png,"[2 2 4 4 4 4 4 4 4 4 4 4 4 4 4 4 4 4 4 4 4 4 4 4 4 4 4 4 4 4 4 4 4 4 4 4 4
 4 4 4 4 4 4 4]",3
fold_1/sample_206/image.png,[1 2 2 2 2 2 2 4 4 4 4 4 4 4 4 4 4 4 4 4 4 4 4 4 4 4 4 4 4 4 4 4 4 4 4 4 4],3
fold_1/sample_207/image.png,[2 2 4 4 4 4 4 4 4 4 4 4 4 4 4 4 4 4 4 4 4 4 4 4 4 4 4 4 4 4 4 4],3
fold_1/sample_208/image.png,[1 2 2 2 2 2 2 2 2 4 4 4 4 4 4 4 4 4 4 4 4 4 4 4 4 4 4 4 4 4],3
fold_1/sample_209/image.png,[1 1 1 1 2 2 2 2 2 2 2 2 4 4 4 4 4 4 4 4 4 4 4 4 4 4 4],3
fold_1/sample_210/image.png,"[1 1 2 2 2 4 4 4 4 4 4 4 4 4 4 4 4 4 4 4 4 4 4 4 4 4 4 4 4 4 4 4 4 4 4 4 4
 4 4 4 4]",3
fold_1/sample_211/image.png,[1 1 1 2 2 2 2 2 2 2 2 2 2 2 2 2 2 4 4],3
fold_1/sample_212/image.png,"[2 2 2 2 2 4 4 4 4 4 4 4 4 4 4 4 4 4 4 4 4 4 4 4 4 4 4 4 4 4 4 4 4 4 4 4 4
 4 4 4 4 4 4 4 4 4 4 4 4 4 4]",3
fold_1/sample_213/image.png,"[1 1 1 2 2 2 2 2 2 2 2 2 2 4 4 4 4 4 4 4 4 4 4 4 4 4 4 4 4 4 4 4 4 4 4 4 4
 4 4 4 4 4 4 4 4]",3
fold_1/sample_214/image.png,"[1 1 2 2 2 2 2 2 2 2 2 2 2 4 4 4 4 4 4 4 4 4 4 4 4 4 4 4 4 4 4 4 4 4 4 4 4
 4 4 4 4 4]",3
fold_1/sample_215/image.png,"[1 1 1 2 2 2 2 2 2 2 2 2 2 2 2 2 4 4 4 4 4 4 4 4 4 4 4 4 4 4 4 4 4 4 4 4 4
 4]",3
fold_1/sample_216/image.png,[2 2 2 2 2 4 4 4 4 4 4 4 4 4 4 4 4 4 4 4 4],3
fold_1/sample_217/image.png,[2 2 2 2 2 2 2 4 4 4 4 4 4 4 4 4 4 4 4 4 4 4 4 4 4 4 4 4 4 4],3
fold_1/sample_218/image.png,[1 2 2 2 2 2 2 2 2 2 2 2 4 4 4 4 4 4 4 4 4 4 4 4 4 4 4],3
fold_1/sample_219/image.png,"[1 1 1 1 1 1 1 1 1 1 1 2 2 2 2 2 4 4 4 4 4 4 4 4 4 4 4 4 4 4 4 4 4 4 4 4 4
 4]",3
fold_1/sample_220/image.png,[4 4 4 4 4 4 4 4 4 4 4 4 4 4 4 4 4 4 4 4 4 4 4 4 4 4 4 4 4 4 4 4 4 4 4 4],3
fold_1/sample_221/image.png,[2 2 2 2 2 2 2 4 4 4 4 4 4 4 4 4 4 4 4 4 4 4 4 4 4 4 4 4 4 4 4 4],3
fold_1/sample_222/image.png,[2 2 2 2 4 4 4 4 4 4 4 4 4 4 4 4 4 4 4 4 4 4 4 4 4 4 4 4 4 4 4 4 4 4 4 4],3
fold_1/sample_223/image.png,"[2 2 4 4 4 4 4 4 4 4 4 4 4 4 4 4 4 4 4 4 4 4 4 4 4 4 4 4 4 4 4 4 4 4 4 4 4
 4 4 4 4 4 4 4 4 4 4 4 4 4 4 4 4]",3
fold_1/sample_224/image.png,"[1 1 2 4 4 4 4 4 4 4 4 4 4 4 4 4 4 4 4 4 4 4 4 4 4 4 4 4 4 4 4 4 4 4 4 4 4
 4]",3
fold_1/sample_225/image.png,[1 2 2 2 2 4 4 4 4 4 4 4 4 4 4 4 4 4 4 4 4 4 4 4 4],3
fold_1/sample_226/image.png,[2 2 2 2 2 2 2 4 4 4 4 4 4 4 4],3
fold_1/sample_227/image.png,"[1 2 2 2 2 2 4 4 4 4 4 4 4 4 4 4 4 4 4 4 4 4 4 4 4 4 4 4 4 4 4 4 4 4 4 4 4
 4 4 4 4 4 4]",3
fold_1/sample_228/image.png,"[1 1 2 2 2 2 2 2 2 4 4 4 4 4 4 4 4 4 4 4 4 4 4 4 4 4 4 4 4 4 4 4 4 4 4 4 4
 4 4 4]",3
fold_1/sample_229/image.png,"[1 1 2 2 2 2 2 2 2 2 2 2 4 4 4 4 4 4 4 4 4 4 4 4 4 4 4 4 4 4 4 4 4 4 4 4 4
 4]",3
fold_1/sample_230/image.png,"[1 2 2 2 2 2 2 2 2 4 4 4 4 4 4 4 4 4 4 4 4 4 4 4 4 4 4 4 4 4 4 4 4 4 4 4 4
 4 4 4 4]",3
fold_1/sample_231/image.png,[1 2 2 2 2 2 2 2 2 2 2 2 4 4 4 4 4 4 4 4 4 4 4],3
fold_1/sample_232/image.png,[1 1 2 2 2 2 4 4 4 4 4 4 4 4 4 4 4 4 4 4 4 4 4 4 4 4 4 4 4 4 4 4 4],3
fold_1/sample_233/image.png,[4 4 4 4 4 4 4 4 4 4 4 4 4 4 4 4 4 4 4 4 4 4 4 4 4 4 4 4 4 4 4 4 4 4 4 4 4],3
fold_1/sample_234/image.png,[0 2 2 2],3
fold_1/sample_235/image.png,[0 0 0 0 0 0 0 0 0 2 2 2],3
fold_1/sample_236/image.png,[2 2 2 2],3
fold_1/sample_237/image.png,[0 0 0 0 0 2],3
fold_1/sample_238/image.png,[0 0 0 0 0 0 0 0 0 0 0 0 0 0 0 0 1 2],3
fold_1/sample_239/image.png,[2 2 2 2],3
fold_1/sample_240/image.png,[1 1 1 1 1 2 2 2 2 2 2 2 4 4 4 4 4 4 4 4 4 4 4 4 4 4 4 4 4 4 4 4 4 4 4],3
fold_1/sample_241/image.png,[1 1 1 1 1 1 1 2 2 2 2 2 2 2 2 2 2 2 4 4 4 4 4 4 4 4 4],3
fold_1/sample_242/image.png,"[1 1 1 1 1 1 1 1 1 1 2 2 2 2 2 2 2 2 4 4 4 4 4 4 4 4 4 4 4 4 4 4 4 4 4 4 4
 4]",3
fold_1/sample_243/image.png,[1 1 1 1 1 1 1 1 1 1 1 2 2 2 2 2 2 2 2 4 4 4 4 4 4 4 4 4 4 4 4 4],3
fold_1/sample_244/image.png,[1 1 1 1 1 1 1 1 1 2 2 2 2 2 2 2 2 2 2 2 2],3
fold_1/sample_245/image.png,[1 2 2 2 2 2 2 4 4 4 4 4 4 4 4 4 4 4 4 4 4 4 4 4],3
fold_1/sample_246/image.png,[1 1 1 1 1 1 1 2 2 2 2 2 2 4 4 4 4 4 4 4 4 4 4 4 4 4 4 4 4 4 4 4 4 4],3
fold_1/sample_247/image.png,"[1 2 2 2 4 4 4 4 4 4 4 4 4 4 4 4 4 4 4 4 4 4 4 4 4 4 4 4 4 4 4 4 4 4 4 4 4
 4 4 4]",3
fold_1/sample_248/image.png,"[1 1 1 2 2 2 2 2 4 4 4 4 4 4 4 4 4 4 4 4 4 4 4 4 4 4 4 4 4 4 4 4 4 4 4 4 4
 4 4 4 4 4 4 4 4 4 4 4 4]",3
fold_1/sample_249/image.png,"[2 2 2 4 4 4 4 4 4 4 4 4 4 4 4 4 4 4 4 4 4 4 4 4 4 4 4 4 4 4 4 4 4 4 4 4 4
 4 4 4 4 4 4 4 4 4 4 4 4]",3
fold_1/sample_250/image.png,"[1 1 1 1 1 1 2 2 2 2 2 2 2 2 2 2 2 2 2 2 2 2 2 2 2 2 4 4 4 4 4 4 4 4 4 4 4
 4 4 4 4 4 4 4 4 4]",3
fold_1/sample_251/image.png,"[1 1 1 1 1 1 1 1 1 1 1 2 2 2 4 4 4 4 4 4 4 4 4 4 4 4 4 4 4 4 4 4 4 4 4 4 4
 4 4 4 4]",3
fold_1/sample_252/image.png,"[1 1 1 1 1 1 1 1 1 1 1 1 1 1 1 1 1 1 1 2 2 2 2 4 4 4 4 4 4 4 4 4 4 4 4 4 4
 4 4 4 4 4 4 4 4 4 4 4 4 4 4]",3
fold_1/sample_253/image.png,"[1 1 1 1 1 2 2 2 2 2 2 2 2 2 2 4 4 4 4 4 4 4 4 4 4 4 4 4 4 4 4 4 4 4 4 4 4
 4 4 4 4 4 4 4 4 4 4 4]",3
fold_1/sample_254/image.png,"[1 1 1 1 1 1 1 1 1 1 2 2 2 2 2 2 4 4 4 4 4 4 4 4 4 4 4 4 4 4 4 4 4 4 4 4 4
 4 4 4 4 4 4]",3
fold_1/sample_255/image.png,"[1 1 1 1 1 1 1 1 1 1 1 1 1 1 1 1 2 2 2 2 2 2 4 4 4 4 4 4 4 4 4 4 4 4 4 4 4
 4 4 4 4 4 4 4 4 4]",3
fold_1/sample_256/image.png,[1 2 2 2 2 2 2],3
fold_1/sample_257/image.png,[2 2 2 2 2 2 2 2 2 2 2 2 2 2 2],3
fold_1/sample_258/image.png,[2 2 2 2 4 4 4 4 4 4 4 4 4 4 4 4 4 4 4 4 4 4 4 4 4 4 4 4 4 4 4],3
fold_1/sample_259/image.png,[1 2 2 2 2 2 4 4 4 4 4 4 4 4 4 4 4 4 4 4 4 4 4 4 4],3
fold_1/sample_260/image.png,[2 2 2 2 2 2 4 4 4 4 4 4 4 4 4 4 4 4 4 4 4 4 4 4 4 4 4 4],3
fold_1/sample_261/image.png,[0 0 0 0 0 0 0 0 0 0 0 0 0 0 0 0 0 0 0 1],3
fold_1/sample_262/image.png,[0 0 0 0 0 0 0 0 0 0 0 0 0 0 0 0 0 0],3
fold_1/sample_263/image.png,[0 0 0 0 0 0 0 0 0 0 0 0 0 0 0 0 2],3
fold_1/sample_264/image.png,[0 0 0 0 0 0 0 0 0 0 0 0 0 0 0 2],3
fold_1/sample_265/image.png,[0 0 0 0 0 0 0 0 0 0 0 0 0 0 0 0 0 2 2 2],3
fold_1/sample_266/image.png,[0 0 0 0 0 0 0 0 0 0 0 0 0 0 0 0 0 0 0 0],3
fold_1/sample_267/image.png,[0 0 0 0 0 0 0 0 0 0 0 0 0 0 0 0 0 0 0],3
fold_1/sample_268/image.png,[0 0 0 0 0 0 0 0 0 0 0 0 0 0 0 0 0 0 0 0],3
fold_1/sample_269/image.png,[0 0 0 0 0 0 0 0 0 0 0 1 1 1 1 1 1 1 1 1 2 2 2 2 2],3
fold_1/sample_270/image.png,[0 0 0 0 0 0 0 0 0 0 0 0 0 0 0 0 0 1 1 1 1 1 1 1 2],3
fold_1/sample_271/image.png,[1 1 1 1 1 1 1 1 1 1 1 1 1 1 2 2 2 2 2 2 2 2 2 2 2 2 2 2 2 2 2 2 2 2 2],3
fold_1/sample_272/image.png,"[0 0 1 1 1 1 1 1 1 1 1 1 1 1 1 1 1 1 1 1 1 1 1 1 1 1 1 1 1 1 1 2 2 2 2 2 2
 2 2 2 2 2 2 2 2]",3
fold_1/sample_273/image.png,[0 0 0 0 0 0 0 0 0 0 0 0 0 0 0 0 0 0 0 0 0 0 0 2],3
fold_1/sample_274/image.png,[0 0 0 0 0 0 0 0 0 0 0 0 0 0 0 0 2],3
fold_1/sample_275/image.png,[0 0 0 0 0 0 1 1 1 1 1 1 1 2],3
fold_1/sample_276/image.png,[0 0 0 0 0 0 0 0 0 0 0 0 0 0 0 0 0 0 0],3
fold_1/sample_277/image.png,[0 0 0 0 0 0 0 0 0 0 0 0 0 0 0 0 0 0 0 0 0 0 0],3
fold_1/sample_278/image.png,[0 0 0 0 0 0 0 0 0 0 0 0 0 0 0 0 2 2 2],3
fold_1/sample_279/image.png,[1 1 1 1 2 2 2 2 2 2 4 4 4 4],3
fold_1/sample_280/image.png,[1 2 2 2 2 2 2 2 2 2 2 2 2 2 4 4 4 4 4 4 4 4 4 4 4 4 4],3
fold_1/sample_281/image.png,"[1 1 2 2 2 2 2 2 2 2 2 2 2 2 4 4 4 4 4 4 4 4 4 4 4 4 4 4 4 4 4 4 4 4 4 4 4
 4 4]",3
fold_1/sample_282/image.png,[1 1 1 1 1 2 2 2 2 2 2 2 2 2 2 2 2 2 4 4 4 4 4 4 4],3
fold_1/sample_283/image.png,[0 0 0 0 0 0 0 0 0 0 0 0 2 2 2 2 2 2 2],3
fold_1/sample_284/image.png,[0 0 0 0 0 0 0 0 0 0 0 1 1 2 2 2 2 2 2 2],3
fold_1/sample_285/image.png,[0 0 0 0 0 0 0 0 0 0 0 0 0 0 0 0 0 0 0 0 1 1 1 1 1 2 2 2],3
fold_1/sample_286/image.png,[0 0 0 0 0 1 1 1 1 1 1 1 1 1 1 1 1 1 2 2 2 2 2 2 2 2 2 2 2 2 2 2 2 2],3
fold_1/sample_287/image.png,[0 0 0 0 0 1 1 1 1 1 1 1 1 1 1 1 1 2 2 2 2 2 2 2 2 2 2 2],3
fold_1/sample_288/image.png,[1 1 1 1 1 1 1 1 1 1 1 1 1 1 1 1 1 1 1 1 1 1 2 2 2 2 2 2 2 2],3
fold_1/sample_289/image.png,[1 1 1 1 1 1 1 1 1 1 1 1 1 1 1 1 1 1 1 1 1 1 1 2 2 2 2 2],3
fold_1/sample_290/image.png,"[0 0 1 1 1 1 1 1 1 1 1 1 1 1 1 1 1 1 1 1 1 1 1 1 1 1 1 1 1 1 2 2 2 2 2 2 2
 2 2 2 2 2 2 2]",3
fold_1/sample_291/image.png,"[1 1 1 1 1 1 1 1 1 1 1 1 1 1 1 1 1 1 1 1 1 1 1 1 1 1 1 1 1 1 2 2 2 2 2 2 2
 2]",3
fold_1/sample_292/image.png,[0 1 1 1 1 1 1 1 1 1 1 1 1 1 1 1 2 2 2 2 2 2 2],3
fold_1/sample_293/image.png,[1 1 1 1 1 1 1 2 2 2 2 2 2 2 2 2],3
fold_1/sample_294/image.png,[1 1 1 1 1 1 1 1 1 1 1 1 2 2 2 2 2 2 2 2 2],3
fold_1/sample_295/image.png,"[1 1 1 1 1 1 1 1 1 1 1 1 1 1 1 1 1 1 1 1 1 1 1 1 1 1 1 1 1 1 1 1 1 1 1 1 1
 1 1 1 1 1 1 1 1 2 2 2 2 2 2]",3
fold_1/sample_296/image.png,[0 0 0 0 0 0 0 0 0 0 0 0 0 0 0 0 0 0 0 0 0 0 0 0 0 0 1 1 1 1 2 2],3
fold_1/sample_297/image.png,[1 2 2 2 2 2 2 2 2 2 2 2 2 2 2],3
fold_1/sample_298/image.png,[0 0 0 0 0 0 0 0 0 0 0 1 1 2 2 2 2 2 2 2 2 2],3
fold_1/sample_299/image.png,[0 1 2 2 2 2 2 2 2 2 2 2],3
fold_1/sample_300/image.png,[0 0 0 1 2 2 2 2 2 2 2 2],3
fold_1/sample_301/image.png,[0 0 0 0 0 0 0 0 0 1 1 2 2 2 2 2 2],3
fold_1/sample_302/image.png,[0 0 0 0 0 0 0 0 0 0 1 2],3
fold_1/sample_303/image.png,[0 0 0 2 2 2 2 2 2 2 2 2 2],3
fold_1/sample_304/image.png,[1 1 2 2 2 2 2 2 2 2 2],3
fold_1/sample_305/image.png,[1 2 2 2 2 2 2 2 2 2 2],3
fold_1/sample_306/image.png,[0 0 0 0 0 0 2 2 2 2 2 2 2],3
fold_1/sample_307/image.png,[0 0 0 0 0 0 0 0 0 0 2 2 2 2],3
fold_1/sample_308/image.png,[0 0 0 0 0 0 0 0 0 0 0 2 2 2 2 2 2 2 2],3
fold_1/sample_309/image.png,[0 0 0 0 0 0 0 0 0 0 0 0 0 0 0 0 0 0 0 0 0 0 2 2 2 2],3
fold_1/sample_310/image.png,[0 1 1 1 1 1 2 2 2 2 2 2 2 2],3
fold_1/sample_311/image.png,[1 2 2 2 2 2 2 2 4 4 4 4 4 4 4 4 4 4 4 4 4 4 4],3
fold_1/sample_312/image.png,[1 2 2 2 2 2 2 2 2 2 2 2 2 2 2 4 4 4 4 4 4 4 4 4 4],3
fold_1/sample_313/image.png,[1 2 2 2 2 2 2 2 2 2 2 2 2 2 2 4 4 4 4 4 4 4 4 4],3
fold_1/sample_314/image.png,[2 2 2 2 2 2 2 2 2 2 2 4 4 4 4 4 4 4 4],3
fold_1/sample_315/image.png,[1 1 2 2 2 2 2 2 2 2 2 2 4 4 4 4 4 4 4 4 4 4 4 4 4 4 4 4 4 4],3
fold_1/sample_316/image.png,"[2 2 2 2 2 4 4 4 4 4 4 4 4 4 4 4 4 4 4 4 4 4 4 4 4 4 4 4 4 4 4 4 4 4 4 4 4
 4 4]",3
fold_1/sample_317/image.png,[2 2 2 2 2 2 2 2 2 2 2 2 2 2 2 4 4 4 4 4 4 4 4 4 4 4 4 4 4],3
fold_1/sample_318/image.png,[1 2 4 4 4 4 4 4 4 4 4 4 4 4 4 4 4 4 4 4 4 4 4 4 4 4 4 4 4 4],3
fold_1/sample_319/image.png,[1 2 2 2 4 4 4 4 4 4 4 4 4 4 4 4 4 4 4 4 4 4 4 4],3
fold_1/sample_320/image.png,[1 1 1 1 1 4 4 4 4 4 4 4 4 4 4 4 4 4 4 4 4 4 4 4 4 4 4 4 4 4 4 4 4 4 4 4],3
fold_1/sample_321/image.png,[1 1 1 1 1 1 2 2 4 4 4 4 4 4 4 4 4 4 4 4 4 4 4 4 4],3
fold_1/sample_322/image.png,[0 0 0 0 0 0 0 0 0 0 0 0 0 0 0 0],3
fold_1/sample_323/image.png,[0 0 0 0 0 0 0 1 1 1 2],3
fold_1/sample_324/image.png,[0 0 0 0 0 0 0 0 0 0 0 0 0 0 0 0 0 0 0 1 1 1 2 2 2 2],3
fold_1/sample_325/image.png,[0 0 0 0 0 0 0 0 0 0 0 0 0 0 0 0 0 0 1 1 1 1 2],3
fold_1/sample_326/image.png,[0 0 0 0 0 0 0 0 0 0 0 0 0 0 0 1 1 1 1 1 1 1 1 1 1 1 2 2],3
fold_1/sample_327/image.png,[0 0 0 0 0 0 0 0 0 0 0 0 0 0 0 0 0 0 0 0 0 0 0 0 0 0 0 1 1 1 2],3
fold_1/sample_328/image.png,[0 0 0 0 0 0 0 0 0 0 0 0 0 0 0 0 0 0 0 0 0 0 0 0],3
fold_1/sample_329/image.png,"[0 0 0 0 0 0 0 0 0 0 0 0 0 0 0 0 0 0 0 0 0 0 0 0 0 0 0 0 0 0 0 0 0 0 0 0 0
 0]",3
fold_1/sample_330/image.png,[0 0 0 0 0 0 0 0 0 0 0 0 0 0 0 0 0 0 0 0 0 0 0 0 0 0 0 0 0 0],3
fold_1/sample_331/image.png,[0 0 0 0 0 0 0 0 0 0 0 0 0 0 0 0 0 0 0 0 0 0 0 0 0 0 1 1 2 2 2],3
fold_1/sample_332/image.png,[0 0 0 0 0 0 0 0 0 0 0 0 0 0 0 0 0 0 0 0 0 0 0 0 1 1 1 2],3
fold_1/sample_333/image.png,[0 0 0 0 0 0 0 0 0 0 0 0 0 0 0 0 0 0 0 0 0 0 0 0 0 0 0 0 2 2 2 2 2],3
fold_1/sample_334/image.png,[0 0 0 0 0 0 0 0 0 0 0 0 0 0 0 0 0 0 0 0 0 0 0 0 0 0 0 0 1 2 2],3
fold_1/sample_335/image.png,"[1 1 1 1 1 1 1 1 1 1 1 1 1 1 1 1 1 1 1 1 1 1 1 1 2 2 2 2 2 2 2 2 2 2 2 2 2
 2 2 2 2]",3
fold_1/sample_336/image.png,[0 0 0 0 0 0 0 0 0 0 0 0 1 1 1 1 1 1 1 1 1 1 1 1 2 2 2 2 2 2 2 2 2 2],3
fold_1/sample_337/image.png,[0 0 0 0 2],3
fold_1/sample_338/image.png,[0 0],3
fold_1/sample_339/image.png,[0 0 0 0 0 0 0 0 0 2],3
fold_1/sample_340/image.png,[0 0 0 0 0 0 0],3
fold_1/sample_341/image.png,[0 0 0 0 0 0 0 0],3
fold_1/sample_342/image.png,[1 1 2 2 2 2 2 2 2 2 2 2 2],3
fold_1/sample_343/image.png,[1 1 1 1 1 1 2 2 2 2 2 2 2 2 2 2],3
fold_1/sample_344/image.png,[1 1 1 1 1 1 2 2 2 2 2],3
fold_1/sample_345/image.png,[1 1 1 1 2 2 2 2 2 2 2 2 2 2 2 2],3
fold_1/sample_346/image.png,[0 0 2 2 2 2 2],3
fold_1/sample_347/image.png,[0 0 0 0 0 0 0 1 2 2 2],3
fold_1/sample_348/image.png,[0 0 0 0 0 1 1 2 2],3
fold_1/sample_349/image.png,[0 0 0 0 0 0 0 2 2],3
fold_1/sample_350/image.png,[0 0 0 0 0 0 0 0 0 0 0 0 0 0 0 0 0 0 0 0 0 0 0],3
fold_1/sample_351/image.png,[0 0 0 0 0 0 0 0 0 0 0 0 0 0 0 0 0 0 0 0 0 0],3
fold_1/sample_352/image.png,[0 0 0 0 0 0 0 0 0 0 0 0 0 0 0 0 0 0 0 0 0 0 0 0 0 0 0 0 0 0 0 0 0],3
fold_1/sample_353/image.png,[0 0 0 0 0 0 0 0 0 0 0 0 0 0 0 0 0 0 0 0 0 0 0 0 0 0 0 0 0 0 0 0 0],3
fold_1/sample_354/image.png,[0 0 0 0 0 0 0 0 0 0 0 0 0 0 0 0 0 0 0 0 0 0 0 0 0 0 0 0 0 0 0 0 0],3
fold_1/sample_355/image.png,[0 0 0 0 0 0 0 0 0 0 0 0 0 0 0 0 0 0 0 0 0 0 0 0 0 0],3
fold_1/sample_356/image.png,[0 0 0 1 1 1 1 2 2 2 2 2 2 2],3
fold_1/sample_357/image.png,[0 2 2 2 2 2 2 2 2],3
fold_1/sample_358/image.png,[0 0 0 0 0 0 0 0 0 0 0 0 0 0 0 0 0 0 2 2],3
fold_1/sample_359/image.png,[0 2 2 2],3
fold_1/sample_360/image.png,[0 0 0 0 0 0 0 0 0 0 0 0 1 1 2 2 2 2],3
fold_1/sample_361/image.png,[0 0 0 0 0 0 0 0],3
fold_1/sample_362/image.png,[0 0 0 0 0 0 1 2 2 2 2 2],3
fold_1/sample_363/image.png,[0 0 0 0 0 0 0 0 0 0 0 0 2],3
fold_1/sample_364/image.png,[0 0 0 0 0 0 0 0 0 0 0 0 2],3
fold_1/sample_365/image.png,[0 0 0 0 0 2 2 2 2 2 2 2 2 2],3
fold_1/sample_366/image.png,[0 0 0 0 0 0 0 0 0 0 0 2 2 2 2],3
fold_1/sample_367/image.png,[0 0 0 0 0 0 0 0 0 0 0 0 0 0 0 0 0 0 0 2 2],3
fold_1/sample_368/image.png,[0 0 0 0 0 0 0 0 0 0 0 0 0 0 0 0 0 2 2 2 2],3
fold_1/sample_369/image.png,[0 0 0 0 0 0 0 0 0 0 0 0 0 0 0 0 0 0 2],3
fold_1/sample_370/image.png,[0 0 0 0 0 0 0 0 0 0 0 0 2 2],3
fold_1/sample_371/image.png,[0 0 0 0 0 0 0 0 0 0 0 0],3
fold_1/sample_372/image.png,[0 0 0 0 0 0 0 2 2 2 2 2],3
fold_1/sample_373/image.png,[0 0 0 0 0 0 0 0 0 0 0 0 0 0],3
fold_1/sample_374/image.png,[0 0 0 0 0 0 0 0 0 0 0 0 0 0 0 0 0 0 0 0 0 0 0 0],3
fold_1/sample_375/image.png,[0 0 0 0 0 0 0 0 0 0 0 2],3
fold_1/sample_376/image.png,[0 0 0 0 0 0 0 0 0 1 2 2 2],3
fold_1/sample_377/image.png,[0 0 0 0 0 0 0 0 0 0 0 0 0 0 2 2],3
fold_1/sample_378/image.png,[0 0 0 0 0 0 0 0 0 0 0],3
fold_1/sample_379/image.png,[0 0 0 0 0 0 0 0 0 2 2],3
fold_1/sample_380/image.png,[0 0 0 0 0 0 0 0 0 0 0 2],3
fold_1/sample_381/image.png,[0 0 0 0 0 0 0 0 0 0 0 2 2],3
fold_1/sample_382/image.png,[0 0 0 0 0 0 0 0 0 0 0 0],3
fold_1/sample_383/image.png,[0 0 0 0 0 0 0 0 0 0 0 0 1 2 2 2 2 2],3
fold_1/sample_384/image.png,[0 0 0 0 0 0 0 0 0 0 0 0 0 0 0 0 0 0 0 0 0 1 2 2 2 2 2 2 2],3
fold_1/sample_385/image.png,[0 0 0 0 0 0 0 0 0 0 0 0 0 0 0 0 0 0 1 1 1 1 1 1 1 1 1 1 2 2 2 2 2 2],3
fold_1/sample_386/image.png,"[0 0 0 0 0 0 0 0 0 0 0 0 0 0 0 0 0 0 1 1 1 1 1 1 1 2 2 2 2 2 2 2 2 2 2 2 2
 2 2 2]",3
fold_1/sample_387/image.png,[0 0 0 0 0 0 0 0 0 1 2 2],3
fold_1/sample_388/image.png,[0 0 0 0 0 0 0 0 0 0 0 0 0 0 0 0 0 0 0 0 0 0 0 0 0 0 0 1],3
fold_1/sample_389/image.png,[0 0 0 0 0 1 1 1 1 1 1 1 1 1 1 2 2 2 2 2 2 2],3
fold_1/sample_390/image.png,[0 0 0 0 0 0 0 0 0 0 0 0 0 0 0 0 0 0 1 1 1],3
fold_1/sample_391/image.png,[0 0 0 0 0 0 0 0 0 1 1 1 2 2 2],3
fold_1/sample_392/image.png,[0 0 0 0 0 1 1 1 1 1 1 1 1 1 1],3
fold_1/sample_393/image.png,[0 0 1 1 1 1 1 1 1 2 2 2 2 2 2 2 2 2],3
fold_1/sample_394/image.png,[0 0 0 0 0 0 0 0 0 1 2 2 2],3
fold_1/sample_395/image.png,[1 1 1 1 1 1 2 2 2 2 2 2 2 2 2 2],3
fold_1/sample_396/image.png,[1 1 1 1 2 2 2 2],3
fold_1/sample_397/image.png,[1 1 1 1 1 1 1 1 2 2 2 2 2 2 2 2 2 2 2],3
fold_1/sample_398/image.png,[0 0 0 0 0 0 0 0 0 0 1 1 2 2],3
fold_1/sample_399/image.png,[0 0 0 0 0 1 1 1 1 1 1 1 1 1 1 1 1 1 1 2 2],3
fold_1/sample_400/image.png,[0 0 0 0 0 0 0 0 0 0 0 0 0 0 0 1 1 2],3
fold_1/sample_401/image.png,[0 0 0 0 0 0 0 1 1 1 1 1 1 2 2 2 2 2],3
fold_1/sample_402/image.png,[0 0 1 1 1 2 2 2 2 2 2 2],3
fold_1/sample_403/image.png,[1 1 1 1 1 1 1 1 1 1 1 1 2 2 2 2 2 2 2 2 2],3
fold_1/sample_404/image.png,[0 0 0 0 0 0 0 0 0],3
fold_1/sample_405/image.png,[0 0 0 0 0 0 0 0 0 0 0 2 2],3
fold_1/sample_406/image.png,[0 0 0 0 0 0 0 0 0 0 0 0 0 1 2],3
fold_1/sample_407/image.png,[0 0 0 0 1 1 2 2],3
fold_1/sample_408/image.png,[0 0 0 0 0 0 0 1 1 2 2 2 2 2 2 2 2 2],3
fold_1/sample_409/image.png,[0 0 0 0 0 0 0 0 2 2 2 2 2 2 2],3
fold_1/sample_410/image.png,[0 0 0 0 0 0 0 0 0 0 0 0 0 0 1 2 2],3
fold_1/sample_411/image.png,[0 0 0 0 0 0 0 0 0 2 2 2 2 2 2 2 2 2 2 2 2],3
fold_1/sample_412/image.png,[1 2 2 2 2 2 2 2],3
fold_1/sample_413/image.png,[0 0 1 2 2 2 2 2 2 2 2 2 2 2 2],3
fold_1/sample_414/image.png,[0 0 0 0 0 0 0 0 0 0 0 0 0 0 0 0 0 0 0 0 0 0 0 0 2 2],3
fold_1/sample_415/image.png,[0 0 0 0 0 0 0 0 0 0 0 0 0 0 0 2 2],3
fold_1/sample_416/image.png,[0 0 0 0 0 0 0 0 0 0 0 0 0 0 0 0 0 1 2 2 2],3
fold_1/sample_417/image.png,[0 0 0 0 0 0 0 0 0 0 0 1 2],3
fold_1/sample_418/image.png,[2 2 2],3
fold_1/sample_419/image.png,[0 0 0 0 0 0 0 0 0 0 1 1 1 2 4],3
fold_1/sample_420/image.png,[0 0 0 0 0 0 0 0 0 0 0 0 0 0 0 0 1 2 2 2 2],3
fold_1/sample_421/image.png,[0 0 0 0 0 0 0 0 0 0 0 0 0 0 0 0 0 0 0 2 2],3
fold_1/sample_422/image.png,[0 0 0 0 0 0 0 0 0 0 0 0 0 0 0 0 0 0 0 0 2],3
fold_1/sample_423/image.png,[0 0 0 0 0 0 2 2 2 2 2],3
fold_1/sample_424/image.png,[0 0 0 0 0 0 0 0 0 0 0 0 0 0 0 0 0 0 0 0 0 0 0 0],3
fold_1/sample_425/image.png,[0 0 0 0 0 0 0 0 0 0 0 0 0 0 0 0 0 0 0 1 1],3
fold_1/sample_426/image.png,[0 0 0 0 0 0 0 0 0 0 0 0 0 0 0 0 0 2],3
fold_1/sample_427/image.png,[0 0 0 0 0 0 0 0 0 0 0 0 0 0 0 0 0 0 0 0 0 0 0 0 0 1 1 2],3
fold_1/sample_428/image.png,[0 0 0 0 0 0 0 0 0 0 0 0 0 0 1 1 1 1 1 1 1 2 2 2 2 2 2 2 2],3
fold_1/sample_429/image.png,[0 0 0 0 0 0 0 0 0 0 0 0 0 0 0 0 2 2 2 2 2 2 2 2 2],3
fold_1/sample_430/image.png,[0 0 0 0 0 0 0 0 0 0 0 0 0 0 0 0 0 0 0 0 0 0 0 0 0 0 0 1 1 1 2 2 2 2],3
fold_1/sample_431/image.png,[0 0 0 0 0 0 0 0 0 0 1 1 2 2 2 2 2 2 2 2 2 2 2 2 2],3
fold_1/sample_432/image.png,[0 0 0 0 0 0 0 0 0 0 0 0 0 0 0 0 0 0 0 0 0 0 0 0 0 0 0 0 2 2 2 2],3
fold_1/sample_433/image.png,[0 0 0 0 0 0 0 0 0 0 0 0 0 0 0 0 0 0 0 0],3
fold_1/sample_434/image.png,[0 0 0 0 0 0 0 0 0 0 0 0 0 0 0 0 0 0 0 0 0 0 0 0 0 0],3
fold_1/sample_435/image.png,[0 0 0 0 0 0 0 0 0 0 0 0 0 0 0 0 0 0 0 0 0 0 0 0],3
fold_1/sample_436/image.png,[0 0 0 0 0 0 0 0 0 0 0 0 0 0 0 0 2],3
fold_1/sample_437/image.png,[0 0 0 0 0 0 0 0 0 0 0 0 0 0 0 0 0 0 0 0 0 2 2],3
fold_1/sample_438/image.png,[0 0 0 0 0 0 0 0 0 0 0 0 0 0 0 0 0 0 0 0 0 0 0 0 2 2 2 2],3
fold_1/sample_439/image.png,[0 0 0 0 0 0 0 0 0 0 0 0 0 0 0 0 0 0 0 0 0 0 2],3
fold_1/sample_440/image.png,[0 0 0 0 0 0 0 0 0 0 0 0 0 2],3
fold_1/sample_441/image.png,[1 1 2 2 2 2 2 2 2 2 2],3
fold_1/sample_442/image.png,[0 0 0 0 1 1 1 1 2 2 2 2 2 2 2],3
fold_1/sample_443/image.png,[0 0 0 1 2 2 2 2 2 2],3
fold_1/sample_444/image.png,[0 0 0 2 2 2 2 2 2 2 2 2 2 2 2 2 2 2 2 2 2],3
fold_1/sample_445/image.png,[2 2 2 2 2 2],3
fold_1/sample_446/image.png,[0 0 0 0 1 1 1 2 2 2 2 2 2 2 2 2 2 2 2 2],3
fold_1/sample_447/image.png,[0 0 1 1 1 2 2 2 2 2 2],3
fold_1/sample_448/image.png,[0 0 0 0 0 0 1 1 2 2 2 2],3
fold_1/sample_449/image.png,[0 0 0 0 0 0 0 0 0 0 1 1 2 2 2],3
fold_1/sample_450/image.png,[0 0 0 0 0 0 0 1 2 2 2 2 2 2 2 2 2],3
fold_1/sample_451/image.png,[0 0 0 0 0 1 1 2 2 2 2 2 2 2 2],3
fold_1/sample_452/image.png,[0 0 0 0 0 0 1 1 1 1 1 2 2 2 2 2 2 2 2],3
fold_1/sample_453/image.png,[0 0 0 0 0 1 2 2 2 2 2 2 2 2 2 2 2 2],3
fold_1/sample_454/image.png,[0 0 0 0 0 0 0 1 1 1 1 1 2 2 2 2 2 2 2 2],3
fold_1/sample_455/image.png,[0 0 0 0 0 0 1 1 1 2 2 2 2 2 2 2 2 2],3
fold_1/sample_456/image.png,[1 2 2 2 2 2 2 2 2 2 2 2 2],3
fold_1/sample_457/image.png,[0 0 0 1 1 1 2 2 2 2],3
fold_1/sample_458/image.png,[0 0 0 0 0 1 1 1 2 2 2 2 2 2 2 2 2 2 2],3
fold_1/sample_459/image.png,[0 0 0 0 0 0 0 0 0 0 0 0 0 0 0 0 1],3
fold_1/sample_460/image.png,[0 0 0 0 0 0 0 1 1 2 2 2],3
fold_1/sample_461/image.png,[0 0 0 1 1 2 2 2 2 2 2],3
fold_1/sample_462/image.png,[1 1 2 2 2 2 2 2 2 2 2 2],3
fold_1/sample_463/image.png,[0 0 0 0 0 1 2 2],3
fold_1/sample_464/image.png,[0 0 0 0 0 0 1 1 2],3
fold_1/sample_465/image.png,[2 2],3
fold_1/sample_466/image.png,[0 1 2 2 2 2 2],3
fold_1/sample_467/image.png,[0 0 0 0 0 1 1 1 1 2 2 2 2 2 2 2 2],3
fold_1/sample_468/image.png,[2 2 2 2 2],3
fold_1/sample_469/image.png,[0 2 2 2 2 2 2],3
fold_1/sample_470/image.png,[0 0 0 0 0 0 0 0 0 0 0 0 0 0 0 1 1 1 2 2 2 2 2],3
fold_1/sample_471/image.png,[0 1 1 1 1 1 2 2 2 2 2 2 2 2],3
fold_1/sample_472/image.png,[1 1 1 1 1 2 2],3
fold_1/sample_473/image.png,[0 0 0 0 0 0 0 0 0 0 0 0 1 1 1 2 2],3
fold_1/sample_474/image.png,[2 2 2 2 2 2 2 2 2 2 2 2 2 2 2],3
fold_1/sample_475/image.png,[0 0 1 1 1 1 1 1 1 1 1 1 1 1 2 2 2 2 2 2 2 2],3
fold_1/sample_476/image.png,[0 0 0 1 1 2 2 2],3
fold_1/sample_477/image.png,[0 0 0 0 0 0 0 1 2 2 2 2 2 2 2],3
fold_1/sample_478/image.png,[0 0 0 0 0 0 0 0 0 0 1 2 2],3
fold_1/sample_479/image.png,[0 0 0 0 0 0 0 0 0 0 0 1 2 2],3
fold_1/sample_480/image.png,[0 0 0 0 0 0 0 0 0 0 0 1 1 2 2 2 2 2 2],3
fold_1/sample_481/image.png,[0 0 0 0 0 0 0 0 1 2 2 2],3
fold_1/sample_482/image.png,[1 1 1 1 2 2 2 2 2 2 2 2 2 2],3
fold_1/sample_483/image.png,[0 0 0 0 0 0 0 0 0 1 2 2 2 2 2 2 2 2],3
fold_1/sample_484/image.png,[0 0 0 0 0 0 0 1 1 1 2 2 2 2 2 2],3
fold_1/sample_485/image.png,[0 0 0 1 1 2 2 2 2 2 2 2 2 2 2],3
fold_1/sample_486/image.png,[0 0 0 0 0 0 0 1 1 1 2 2 2 2 2 2 2 2 2],3
fold_1/sample_487/image.png,[0 0 0 0 0 0 0 0 1 1 1 2 2 2 2 2 2 2 2],3
fold_1/sample_488/image.png,[0 0 0 0 0 0 0 0 0 0 0 2 2 2],3
fold_1/sample_489/image.png,[0 0 0 0 0 0 0 0 0 0 0 1 2 2],3
fold_1/sample_490/image.png,[0 0 0 0 0 0 0 0 0 0 0 0 0 0 0 0 0 0 0 2 2 2],3
fold_1/sample_491/image.png,[0 0 0 0 0 0 0 0 0 0 0 0 0 0 0 0 0 0 0 0 0],3
fold_1/sample_492/image.png,[0 0 0 0 0 1 1 1 1 1 2 2 2 2],3
fold_1/sample_493/image.png,[0 0 0 1 2 2 2 2 2 2 2 2],3
fold_1/sample_494/image.png,[0 0 0 0 0 0 2 2 2 2 2 2],3
fold_1/sample_495/image.png,[0 0 0 0 0 0 0 0 2 2],3
fold_1/sample_496/image.png,[0 0 0 0 0 0 0 0 0 0 0 0 0 2 2],3
fold_1/sample_497/image.png,[0 0 0 0 0 0 0 0 0 0 0 0 0 0 0 0 0 0 0 0 1 2],3
fold_1/sample_498/image.png,[0 0 0 0 0 0 0 0 0 2 2 2],3
fold_1/sample_499/image.png,[0 0 0 0 0 0 0 0 0 0 0 0 0 0 0 2],3
fold_1/sample_500/image.png,[0 0 0 0 0 0 0 0 0 0 1 2 2 2 2 2],3
fold_1/sample_501/image.png,[1 1 1 1 2 2 2 2 2 2 2 2],3
fold_1/sample_502/image.png,[0 0 0 0 0 0 0 0 0 0 0 0 0 1 2 2 2 2 2],3
fold_1/sample_503/image.png,[1 1 2 2 2 2 2 2 2 2 2 2],3
fold_1/sample_504/image.png,[0 0 0 0 0 0 0 0 2],3
fold_1/sample_505/image.png,[0 0 0 0 0 0 0 0 2 2 2 2 2],3
fold_1/sample_506/image.png,[0 0 0 1 1 2 2 2 2 2 2 2 2 2],3
fold_1/sample_507/image.png,[0 0 0 0 0 0 0 0 0 0 0 0 0 0 0 0 0 0 0 0 0 0 0 0 0 0 1 1],3
fold_1/sample_508/image.png,[0 0 1 1 1 1 1 2 2 2 2 2 2 2 2 2 2 2 2 2 2 2 2 2 2 2 2],3
fold_1/sample_509/image.png,[0 0 0 0 0 0 0 0 0 0 0 0 0 0 0 0 0 0 0 0 0 0 0 0 0 0 0 0 0 0 0 0 0 0 0 1 2],3
fold_1/sample_510/image.png,[0 0 0 0 0 0 0 0 0 0 0 0 0 0 0 0 0 0 0 0 0 0 0 0 0 0 0 2 2],3
fold_1/sample_511/image.png,[0 0 0 0 0 0 0 0 0 0 0 0 0 0 0 0 0 0 0 0 0 0 0 0 0 0],3
fold_1/sample_512/image.png,[0 0 0 0 0 0 2 2 2 2 2 2 2 2 2],3
fold_1/sample_513/image.png,[0 0 0 0 0 0 0 0 0 0 0 0 0 0 0 0 0 0 0 0 0 0 0 0 0 0 2],3
fold_1/sample_514/image.png,[0 0 0 0 0 0 0 0 0 0 0 0 0 0 0 0 0 0 0 0 0 0 1 1 1 1 2 2 2 2],3
fold_1/sample_515/image.png,[0 0 0 0 0 0 0 0 1 1 1 2 2 2],3
fold_1/sample_516/image.png,[0 0 0 0 0 0 0 0 0 0 0 0 0 0 0 0 1 2],3
fold_1/sample_517/image.png,[0 0 0 0 0 0 0 0 0 0 0 0 0 0 0 2 2 2 2],3
fold_1/sample_518/image.png,[0 0 0 0 0 0 0 0 0 0 0 2 2 2],3
fold_1/sample_519/image.png,[0 0 0 0 0 0 0 0 0 0 1 2 2 2 2 2 2],3
fold_1/sample_520/image.png,[0 0 0 0 0 1 1 1 1 1 2 2 2 2 2 2 2 2 2 2],3
fold_1/sample_521/image.png,[0 0 0 0 0 0 0 0 0 0 0 0 0 0 0 0 0 0 0 2 2],3
fold_1/sample_522/image.png,[0 0 0 0 0 0 0 0 0 0 0 0 0 0 0 0 0 0 0 0 0],3
fold_1/sample_523/image.png,[0 0 0 0 0 0 0 0 0 0 0 0 0 0 0 0 0 0 1 2 2],3
fold_1/sample_524/image.png,[0 0 0 0 0 0 0 0 0 0 0 0 0 0 0 0 0 0 0 1 1 1 1 1 1 2 2],3
fold_1/sample_525/image.png,[0 0 0 0 0 0 0 0 0 0 0 0 0 0 0 0 0 1 1 1 1 2],3
fold_1/sample_526/image.png,[0 0 0 0 0 0 0 0 0 0 0 0 0 0 0 0 0 0 0 0 0 1],3
fold_1/sample_527/image.png,[0 0 0 0 0 0 0 0 0 0 0 0 0 0 0 0 0 0 0 0 0 0 0 0 0 0 0 0 0 0 2],3
fold_1/sample_528/image.png,"[0 0 0 0 0 0 0 0 0 0 0 0 0 0 0 0 0 0 0 0 0 0 0 0 0 0 0 0 0 0 0 0 0 0 0 0 0
 0 0 0 0 0 1]",3
fold_1/sample_529/image.png,[0 0 0 0 0 0 0 0 0 0 0 0 0 0 0 0 0 0 0 0 0 0 0 0 0 2],3
fold_1/sample_530/image.png,[0 0 0 0 0 0 0 0 0 0 0 0 0 0 0 0 0 0 0 0 0 0 0 0 0 0],3
fold_1/sample_531/image.png,[0 0 0 0 0 0 0 0 0 0 0 0 0 0 0 0 0 0 0 0 0 0 0 0 0 0 0 0 0],3
fold_1/sample_532/image.png,[0 0 0 0 0 0 0 0 0 0 0 0 0 0 0 0 0 0 0 0 0 0 0 0 0 0 1 1 1],3
fold_1/sample_533/image.png,[0 0 1 1 1 1 1 1 2 2 2 2 2 2 2 2 2 2 2 2 2 2 2 2 2],3
fold_1/sample_534/image.png,[0 0 0 0 0 0 0 0 0 0 0 0 0 1 2 2 2 2 2 2 2 2 2 2],3
fold_1/sample_535/image.png,[0 0 0 0 0 0 0 0 0 0 0 0 0 1 2 2 2],3
fold_1/sample_536/image.png,[0 0 0 0 0 0 0 0 0 0 0 0 0 1 1 1 1 2 2 2 2 2],3
fold_1/sample_537/image.png,[1 1 1 1 1 1 1 1 1 1 1 1 1 1 1 1 2 2 2 2 2 2 2 2 2 2],3
fold_1/sample_538/image.png,[1 1 1 1 1 1 1 1 1 1 1 1 1 2 2 2 2 2 2 2 2 2],3
fold_1/sample_539/image.png,[1 1 1 1 1 1 1 1 1 1 1 1 1 1 1 1 1 2 2 2 2 2 2 2],3
fold_1/sample_540/image.png,[0 0 0 0 0 0 0 0 0 0 0 0 0 0 0 0 0 0 0 0 0 0 0],3
fold_1/sample_541/image.png,[1 1 1 1 1 1 1 1 1 1 1 1 1 2 2 2 2 2 2 2],3
fold_1/sample_542/image.png,[0 0 0 0 0 0 0 0 0 0 0 0 0 0 0 0 0 0 0 0 0 0 0 1 2 2 2],3
fold_1/sample_543/image.png,[0 0 0 0 0 0 0 0 0 0 0 0 0 0 0 0 0 0 0 1 1 1 1 1 1 1 1],3
fold_1/sample_544/image.png,[0 0 0 0 0 0 0 0 0 0 0 0 0 0 0 0 0 0 0 1 1 1 1 2 2 2 2 2],3
fold_1/sample_545/image.png,[0 0 0 0 0 0 0 0 0 0 0 0 0 0 0 0 0 0 0 0 0 0 0 0 0 1 2 2 2 2 2],3
fold_1/sample_546/image.png,[0 0 0 0 0 0 0 0 0 0 0 0 0 0 0 0 0 0 0 0 0 0 0 0 0 0 1 1],3
fold_1/sample_547/image.png,[0 0 0 0 0 0 0 0 0 0 0 0 0 0 0 0 0 0 0 0 0 0 0 0 0 1 1 2],3
fold_1/sample_548/image.png,[0 0 0 0 0 0 0 0 0 0 0 0 0 0 0 0 1 2 2 2 2 2 2 2],3
fold_1/sample_549/image.png,[0 0 0 0 0 0 0 0 0 0 0 1 1 1 1 1 2 2 2 2 2],3
fold_1/sample_550/image.png,[0 0 0 0 0 0 0 0 0 0 0 0 0 0 0 0 1 1],3
fold_1/sample_551/image.png,[0 0 0 0 0 0 0 0 0 0 0 0 0 0 0 0],3
fold_1/sample_552/image.png,[0 0 0 0 1 2 2 2 2 2 2 2 2 2 2 2 2 2 2 2 2],3
fold_1/sample_553/image.png,[0 0 0 0 0 0 0 0 0 0 0 0 1 1 1 1 1 1 1 1 1 1 2 2 2 2],3
fold_1/sample_554/image.png,[0 0 0 0 0 0 0 0 0 0 0 0 0 0 0 0 0 0 0 0 0 0 0 0],3
fold_1/sample_555/image.png,[0 0 0 0 0 0 0 0 0 0 0 0 0 0 0 0 0 0 0 0 0 0 0 0 0 2],3
fold_1/sample_556/image.png,[0 0 0 0 0 0 0 0 0 0 1 1 1 1 2 2 2 2 2 2 2 2],3
fold_1/sample_557/image.png,[0 0 0 0 0 0 0 0 0 0 0 1 1 1 2 2 2 2 2 2 2 2 2 2 2],3
fold_1/sample_558/image.png,[0 0 0 0 0 0 0 0 0 0 0 0 0 0 0 0 0 0],3
fold_1/sample_559/image.png,[0 0 0 0 0 0 0 0 0 0 0 0 1 1 2 2 2 2 2],3
fold_1/sample_560/image.png,[0 0 1 1 1 1 1 1 1 1 1 1 1 1 1 1 1 1 1 1 1 1 1 2 2 2 2 2 2 2 2 2 2 2 2],3
fold_1/sample_561/image.png,[0 0 0 0 0 0 0 0 0 0 0 0 0 0 1 1 1 2 2 2 2 2 2],3
fold_1/sample_562/image.png,[0 0 0 0 0 0 0 0 0 0 0 0 0 0 1 2 2 2 2 2 2 2],3
fold_1/sample_563/image.png,[0 0 0 0 0 0 0 0 0 0 0 0 0 0 0 0 0 0 0 0 2 2],3
fold_1/sample_564/image.png,[0 0 2 2 2 2 2 2 2],3
fold_1/sample_565/image.png,[1 2 2 4 4 4 4 4 4 4 4 4 4 4 4 4 4 4 4 4 4 4 4 4 4 4 4 4 4 4 4],3
fold_1/sample_566/image.png,[2 2 2 2 2 2 2 2],3
fold_1/sample_567/image.png,[1 1 2 4 4 4 4 4 4 4 4 4],3
fold_1/sample_568/image.png,[2 4 4 4 4 4 4 4 4 4 4 4 4 4 4 4 4 4],3
fold_1/sample_569/image.png,[2 2 2 2 4 4 4 4 4 4 4 4 4 4 4],3
fold_1/sample_570/image.png,[1 1 2 2 2 2 2 4 4 4 4 4 4 4 4 4],3
fold_1/sample_571/image.png,[1 1 2 2 4 4 4 4 4 4 4 4 4 4 4 4 4 4 4 4 4 4 4 4 4 4 4 4 4],3
fold_1/sample_572/image.png,[1 1 1 1 2 2 2 2 2 2 2 2 2 4 4 4 4 4 4 4 4 4 4 4 4],3
fold_1/sample_573/image.png,[1 1 1 1 1 2 4 4 4 4 4 4 4 4 4 4 4 4 4 4 4 4 4 4 4 4 4 4],3
fold_1/sample_574/image.png,[1 2 4 4 4 4 4 4 4 4 4 4 4 4 4 4 4 4 4 4 4 4 4 4 4 4 4 4 4 4 4 4 4 4],3
fold_1/sample_575/image.png,[0 0 0 0 0 0 0 0 0 0 0 0 0 0 0 0 0 0 0],3
fold_1/sample_576/image.png,[0 0 0 0 0 0 0 0 0 0 0 0 0 0 0 0 0 0 0 0],3
fold_1/sample_577/image.png,[0 0 0 0 0 0 0 0 0 0 0 0 0 0 0 1 2],3
fold_1/sample_578/image.png,[0 0 0 0 0 0 0 0 0 0 0 0 0 0 0 0 0 0 0 0 2 2],3
fold_1/sample_579/image.png,[0 0 0 0 0 0 0 0 0 0 0 0 0 0 0],3
fold_1/sample_580/image.png,[0 0 0 0 0 0 0 0 0 0 0 0 0 0 0 0 0 0 0 0 2],3
fold_1/sample_581/image.png,[0 0 0 0 0 0 0 0 0 0 0],3
fold_1/sample_582/image.png,[2 2 2 2 2],3
fold_1/sample_583/image.png,[1 2 2],3
fold_1/sample_584/image.png,[],3
fold_1/sample_585/image.png,[0 0 0 0 0 0 0 0 0 0 0 0 0 0 0 0 0 0 0],3
fold_1/sample_586/image.png,[],3
fold_1/sample_587/image.png,[0 0 0 0 0 0 0 0 0 0 2 2 2 2 2 2],3
fold_1/sample_588/image.png,[0 0 0 0 0 0 0 2 2 2 2 2 2 2 2 2],3
fold_1/sample_589/image.png,[0 0 0 0 0 0 0 0 0 0 2],3
fold_1/sample_590/image.png,[0 0 0 0 0 0 0 0 0 0 0 2 2],3
fold_1/sample_591/image.png,"[0 0 0 0 0 0 0 0 0 0 0 0 0 0 0 0 0 0 0 0 0 0 0 0 0 0 0 0 0 0 0 0 0 0 0 0 0
 0 0 0 0 0 2]",3
fold_1/sample_592/image.png,[0 2 2 2],3
fold_1/sample_593/image.png,[0 0 0 0 0 0 0 0 0 0 0 0 0 0 0 0 0 0 0 0 0 1],3
fold_1/sample_594/image.png,[0 0 0 0 0 0 0 0 0 0 0 2 2 2],3
fold_1/sample_595/image.png,[0 0 0 0 0 0 0 0 0 0 0 0 0 0 0 0 0 0 0 0 0 0 0 0 0 0 0 0 0 0 0],3
fold_1/sample_596/image.png,[0 0 0 0 0 0 0 0 0 0 0 0 0 0 0 0 0 0 0 0 0 0 0 0 0 0 0 0 0 0 0 0],3
fold_1/sample_597/image.png,[0 0 0 0 0 0 0 0 0 0 0 0 0 0 0 0 0 0 0],3
fold_1/sample_598/image.png,"[0 0 0 0 0 0 0 0 0 0 0 0 0 0 0 0 0 0 0 0 0 0 0 0 0 0 0 0 0 0 0 0 0 0 0 0 0
 0 0 0 0 0 0 0 0 1]",3
fold_1/sample_599/image.png,[0 0 0 1 1 2],3
fold_1/sample_600/image.png,"[0 0 0 0 0 0 0 0 0 0 0 0 0 0 0 0 0 0 0 0 0 0 0 0 0 0 0 0 0 0 0 0 0 0 0 0 0
 0 0 0 0 0]",3
fold_1/sample_601/image.png,[0 0 0 0 0 0 0 0 0 0 0 0 0 0 0 1 1 1],3
fold_1/sample_602/image.png,[0 0 0 0 0 0 0 0 0 0 0 0 0 0 0 0 0 0 0 0 0 0 0 0 0 0 0 0 0 0 0 0 0 0],3
fold_1/sample_603/image.png,"[0 0 0 0 0 0 0 0 0 0 0 0 0 0 0 0 0 0 0 0 0 0 0 0 0 0 0 0 0 0 0 0 0 0 0 0 0
 0 0 0 0 0 0 0 0 0 0 0 0 0 0 0 1 1]",3
fold_1/sample_604/image.png,[],3
fold_1/sample_605/image.png,"[0 0 0 0 0 0 0 0 0 0 0 0 0 0 0 0 0 0 0 0 0 0 0 0 0 0 0 0 0 0 0 0 0 0 0 0 0
 0 0 0 0 0 0]",3
fold_1/sample_606/image.png,[0 0 0 0 0 0 0 0 0 0 0 0 0 0 0 0 0 0 0 0 0 0 0 0 0 0 0 0 0 0 0 0 0],3
fold_1/sample_607/image.png,[0 0 0 0 0 0 0 0 0 0 0 1 2],3
fold_1/sample_608/image.png,[0 0 0 0 0 0 0 0 0 0 0 0 1],3
fold_1/sample_609/image.png,[0 0 2 2],3
fold_1/sample_610/image.png,"[0 0 0 0 0 0 0 0 0 0 0 0 0 0 0 0 0 0 0 0 0 0 0 0 0 0 0 0 0 0 0 0 0 0 0 0 0
 0 0 0 0 0 0 0 0 0 1 1]",3
fold_1/sample_611/image.png,[0 0 0 0 0 0 0 0 0 0 0 0 0 0 0 0 0 0 0 0 0 0 0 0 0 0 0 0 0 0 0 0 0 0 0 1 1],3
fold_1/sample_612/image.png,[0 0 0 0 0 0 0 0 0 0 0 0 1 2],3
fold_1/sample_613/image.png,"[0 0 0 0 0 0 0 0 0 0 0 0 0 0 0 0 0 0 0 0 0 0 0 0 0 0 0 0 0 0 0 0 0 0 0 0 0
 0 0 0 0 0 0 0 0 0 0 0 0 0 0 0 0 0 0 0 0 0]",3
fold_1/sample_614/image.png,"[0 0 0 0 0 0 0 0 0 0 0 0 0 0 0 0 0 0 0 0 0 0 0 0 0 0 0 0 0 0 0 0 0 0 0 1 1
 2]",3
fold_1/sample_615/image.png,"[0 0 0 0 0 0 0 0 0 0 0 0 0 0 0 0 0 0 0 0 0 0 0 0 0 0 0 0 0 0 0 0 0 0 0 0 0
 0 0 0 0 0 0 0 0 0 0 0 0 0 0 0 0 0 1 1 2 2]",3
fold_1/sample_616/image.png,[0 0 0 0 0 0 0 0 0 0 0 0 0 0 0 0 0 1 2],3
fold_1/sample_617/image.png,[0 0 0 0 0 0 0 0 1 2],3
fold_1/sample_618/image.png,[0 0 0 0 0 0 0 0 0 0 0 0 0 0 0 0 2],3
fold_1/sample_619/image.png,[0 0 0 0 0 0 0 0 0 1 1 2 2 2 2 2 2],3
fold_1/sample_620/image.png,"[2 2 2 2 4 4 4 4 4 4 4 4 4 4 4 4 4 4 4 4 4 4 4 4 4 4 4 4 4 4 4 4 4 4 4 4 4
 4 4 4 4]",3
fold_1/sample_621/image.png,"[1 2 4 4 4 4 4 4 4 4 4 4 4 4 4 4 4 4 4 4 4 4 4 4 4 4 4 4 4 4 4 4 4 4 4 4 4
 4 4 4 4 4 4 4 4 4 4 4]",3
fold_1/sample_622/image.png,"[2 2 4 4 4 4 4 4 4 4 4 4 4 4 4 4 4 4 4 4 4 4 4 4 4 4 4 4 4 4 4 4 4 4 4 4 4
 4 4 4 4 4 4 4 4 4 4 4 4 4]",3
fold_1/sample_623/image.png,"[1 1 2 2 4 4 4 4 4 4 4 4 4 4 4 4 4 4 4 4 4 4 4 4 4 4 4 4 4 4 4 4 4 4 4 4 4
 4]",3
fold_1/sample_624/image.png,"[1 1 1 1 2 2 4 4 4 4 4 4 4 4 4 4 4 4 4 4 4 4 4 4 4 4 4 4 4 4 4 4 4 4 4 4 4
 4 4 4]",3
fold_1/sample_625/image.png,"[1 2 2 2 2 2 2 4 4 4 4 4 4 4 4 4 4 4 4 4 4 4 4 4 4 4 4 4 4 4 4 4 4 4 4 4 4
 4 4]",3
fold_1/sample_626/image.png,[1 1 1 1 1 1 2 2 2 2 2 2 2 2 2 2 2 2 2],3
fold_1/sample_627/image.png,[0 0 1 1 2 2 2],3
fold_1/sample_628/image.png,[0 0 1 1 1 1 1 2 2 2 2 2 2],3
fold_1/sample_629/image.png,[0 1 1 1 2 2 2 2 2 2 2 2],3
fold_1/sample_630/image.png,[0 1 2 2 2 2 2],3
fold_1/sample_631/image.png,[0 0 0 1 2 2 2 2 2 2],3
fold_1/sample_632/image.png,[1 1 1 1 1 2 2],3
fold_1/sample_633/image.png,[2 2 2],3
fold_1/sample_634/image.png,[1 1 1 1 1 1 1 1 2 2 2 2 2],3
fold_1/sample_635/image.png,[1 1 1 1 2 2],3
fold_1/sample_636/image.png,[0 0 0 0 0 0 0 2 2 2 2 2],3
fold_1/sample_637/image.png,[0 0 2 2 2],3
fold_1/sample_638/image.png,[0 0 0 0 0 0 0 0 0 0 0 1 2 2 2 2 2 2],3
fold_1/sample_639/image.png,[2 2 2 2],3
fold_1/sample_640/image.png,[1 1 1 1 1 1 1 1 1 1 1 1 2 2 2 2 2 2],3
fold_1/sample_641/image.png,[0 0 1 1 1 1 1 1 1 1 1 1 1 1 1 1 1 1 1 1 1 1 1 1 1 1 1 1 1 1 2 2 2],3
fold_1/sample_642/image.png,[0 1 1 1 1 1 1 1 1 1 1 1 1 1 1 1 1 1 1 2 2 2 2 2 2 2 2],3
fold_1/sample_643/image.png,[0 0 1 1 1 2 2 2 2 2 2],3
fold_1/sample_644/image.png,[2],3
fold_1/sample_645/image.png,[0 0 1 1 1 1 1 1 1 1 1 1 1 1 1 1 1 2 2],3
fold_1/sample_646/image.png,[0 0 0 1 1 1 1 1 1 2 2 2 2 2 2],3
fold_1/sample_647/image.png,"[1 1 1 1 1 1 1 1 1 1 1 1 1 1 1 1 1 1 1 1 1 1 1 1 1 1 1 1 1 1 1 1 1 1 1 1 2
 2]",3
fold_1/sample_648/image.png,[1 1 1 1 1 1 1 1 1 1 1 1 1 1 1 1 1 1 1 1 1 1 1 1 1 1 1 1 1 2 2 2 2 2],3
fold_1/sample_649/image.png,[0 0 0 0 1 1 1 1 1 1 1 1 1 1 1 1 1 1 1 1 1 1 1 2 2 2 2 2 2 2],3
fold_1/sample_650/image.png,[0 0 0 0 0 0 0 0 0 0 0 0 0 0 1 1 1],3
fold_1/sample_651/image.png,[1 1 1 1 1 1 1 1 1 1 1 1 1 1 1 1 1 1 1 1 1 1 1 1 1 1 1 1 1 1 2 2],3
fold_1/sample_652/image.png,[0 0 0 1 1 1 1 1 1 1 1 1 1 2 2 2 2 2 2 2 2 2 2 2 2],3
fold_1/sample_653/image.png,[0 0 0 0 0 0 0 0 0 0 0 0 0 0 0],3
fold_1/sample_654/image.png,[0 0 0 0 0 0 0 0 0 0 0 0 0 0 0 0 0],3
fold_1/sample_655/image.png,"[1 1 1 1 1 1 1 1 1 1 1 1 1 1 1 1 1 1 1 1 1 1 1 1 1 1 1 1 1 1 1 1 1 1 2 2 2
 2]",3
fold_1/sample_656/image.png,[1 1 1 1 1 1 1 1 1 1 1 1 1 1 1 1 1 1 1 2 2 2],3
fold_1/sample_657/image.png,[1 1 1 1 1 1 1 1 1 1 1 1 2 2 2 2 2 2 2],3
fold_1/sample_658/image.png,[1 1 1 1 1 1 2 2 2],3
fold_1/sample_659/image.png,[1 1 2 2 2 2 2],3
fold_1/sample_660/image.png,[1 1 1 1 1 1 2 2 2 2],3
fold_1/sample_661/image.png,[0 0 0 0 0 0 0 0 0 0 0 0 0 0 0 0 0 0 0 1 2],3
fold_1/sample_662/image.png,[0 0 0 1 1 1 1 1 1 1 1 2 2 2 2 2 2],3
fold_1/sample_663/image.png,[0 1 1 1 1 1 1 1 1 1 1 1 1 1 1 1 1 1 1 1 1 1 1 2 2 2 2 2 2 2 2 2 2 2 2 2],3
fold_1/sample_664/image.png,[0 0 0 0 0 0 0 1 1 1 1 1 1 1 1 1 1 2 2 2],3
fold_1/sample_665/image.png,[0 0 0 0 0 0 1 1 1 1 1 1 1 1 1 1 1 1 2 2 2 2 2 2],3
fold_1/sample_666/image.png,[0 0 0 0 0 0 0 0 1 2 2 2],3
fold_1/sample_667/image.png,[0 0 0 0 0 0 0 0 0 0 0 1 1 1 2 2 2 2 2 2],3
fold_1/sample_668/image.png,[0 0 0 0 0 0 0 0 0 0 0 0 0 0 1 2 2 2],3
fold_1/sample_669/image.png,[0 0 0 0 0 0 0 0 0 0 0 1 1 1 1 2],3
fold_1/sample_670/image.png,[0 0 0 0 1 1 1 1 1 2 2 2 2 2 2 2 2 2 2 2 2 2],3
fold_1/sample_671/image.png,[0 0 0 0 0 0 0 0 0 0 0 0 0 0 0 0 0 0 0 0 0 0 0 0 1],3
fold_1/sample_672/image.png,[0 0 0 0 0 0 0 0 0 0 0 0 0 0 0 0 0 0 0 0 0 0 0 0 0 2 2],3
fold_1/sample_673/image.png,[0 0 0 0 0 0 0 0 0 0 0 0 0 0 0 0 0 0 0 0 0 0 0 0 0 0 0 0 0 0 0 0 0],3
fold_1/sample_674/image.png,[0 0 0 0 0 0 0 0 0 0 0 0 0 0 0 0 0 0 0 0 0 0 0 0 0 0 0 0 0 0 0 0],3
fold_1/sample_675/image.png,[0 0 0 0 0 0 0 0 0 0 0 0 1 2 2 2 2 2 2],3
fold_1/sample_676/image.png,"[1 2 2 4 4 4 4 4 4 4 4 4 4 4 4 4 4 4 4 4 4 4 4 4 4 4 4 4 4 4 4 4 4 4 4 4 4
 4 4 4 4 4 4 4 4 4 4 4 4 4 4]",3
fold_1/sample_677/image.png,"[1 1 2 2 2 4 4 4 4 4 4 4 4 4 4 4 4 4 4 4 4 4 4 4 4 4 4 4 4 4 4 4 4 4 4 4 4
 4 4 4 4 4 4 4 4 4 4]",3
fold_1/sample_678/image.png,[2 2 2 2 2 2 2 4 4 4 4 4 4 4 4 4 4 4 4 4 4 4 4 4 4 4 4 4 4],3
fold_1/sample_679/image.png,"[1 2 2 2 2 2 4 4 4 4 4 4 4 4 4 4 4 4 4 4 4 4 4 4 4 4 4 4 4 4 4 4 4 4 4 4 4
 4 4 4 4 4 4 4 4 4 4 4]",3
fold_1/sample_680/image.png,[0 0 0 0 0 0 0 0 0 0 0 0 0 0 0 0 0 0 0 0 1 2],3
fold_1/sample_681/image.png,[0 0 0 0 0 0 0 0 0 0 0 0 0 0 0 0 0 0 0 0 0],3
fold_1/sample_682/image.png,[0 0 0 0 0 0 0 0 0 0 0 0 0 0 0 0 0 0 0 0 0 0 0 1 1 1 1],3
fold_1/sample_683/image.png,[0 0 0 0 0 0 0 0 0 0 0 0 1],3
fold_1/sample_684/image.png,"[1 1 1 1 1 1 1 1 1 1 1 1 1 1 1 1 1 1 1 1 1 1 1 1 1 1 1 1 1 1 1 1 2 2 2 2 2
 2 2]",3
fold_1/sample_685/image.png,[1 1 1 1 1 1 1 1 1 1 1 1 1 1 1 2 2 2 2 2 2 2 2 2 2 2 2],3
fold_1/sample_686/image.png,"[0 0 0 0 0 0 0 1 1 1 1 1 1 1 1 1 1 1 1 1 1 1 1 1 1 1 1 1 1 1 2 2 2 2 2 2 2
 2]",3
fold_1/sample_687/image.png,[0 0 0 0 0 0 0 0 1 1 1 1 1 1 1 2],3
fold_1/sample_688/image.png,[0 1 1 1 1 1 1 1 1 1 1 1 1 1 1 1 1 1 1 1 1 1 1 1 1 1 1 1 1 2 2 2 2 2 2 2],3
fold_1/sample_689/image.png,[0 0 0 0 0 0 0 1 1 2],3
fold_1/sample_690/image.png,"[1 1 1 1 1 1 1 1 1 1 1 1 1 1 1 1 1 1 1 1 1 1 1 1 1 1 1 1 1 1 1 1 1 1 1 2 2
 2 2 2]",3
fold_1/sample_691/image.png,[0 0 0 1 1 1 1 2 2 2 2 2 2 2 2 2],3
fold_1/sample_692/image.png,[0 1 1 1 1 1 1 1 1 1 1 1 1 2 2 2 2 2],3
fold_1/sample_693/image.png,[0 1 1 1 1 1 1 1 1 1 1 1 1 1 2 2 2 2 2 2 2 2 2 2 2 2 2 2 2],3
fold_1/sample_694/image.png,[0 0 0 0 0 0 0 0 0 0 2 2],3
fold_1/sample_695/image.png,[0 0 0 0 0 0 0 0 0 2 2],3
fold_1/sample_696/image.png,[0 0 0 0 0 0 0 0 0 0 0 0 0 1 2 2 2],3
fold_1/sample_697/image.png,[0 0 0 0 0 0 0 1 1 2 2 2 2 2],3
fold_1/sample_698/image.png,[0 0 0 0 0 0 0 0 0 0 0 0 0 2],3
fold_1/sample_699/image.png,[0 0 0 0 0 0 0 0 1 1 2 2 2 2 2 2],3
fold_1/sample_700/image.png,[0 0 0 0 0 0 1 1 2 2 2 2 2],3
fold_1/sample_701/image.png,[0 0 0 0 0 0 0 0 0 0 0 0 0],3
fold_1/sample_702/image.png,[2 2 2 2 2 2 2 2 2],3
fold_1/sample_703/image.png,[0 0 0 0 0 0 0 0 2],3
fold_1/sample_704/image.png,[0 0 0 0 0 0 0 0 0 0 0 0 2],3
fold_1/sample_705/image.png,[0 0 0 0 0 0 0 0 0 0 0 0 0 2 2],3
fold_1/sample_706/image.png,[0 0 0 0 0 0 1 2 2],3
fold_1/sample_707/image.png,[0 0 0 0 0 0 0 0 0 0 0 0 2 2 2 2 2 2 2],3
fold_1/sample_708/image.png,[0 0 0 0 0 0 0 0 0 0],3
fold_1/sample_709/image.png,[0 0 0 0 0 0 0 0 0 2],3
fold_1/sample_710/image.png,[0 0 0 0 0 0 0 0 0 2 2],3
fold_1/sample_711/image.png,[1 2 2 2 2 2],3
fold_1/sample_712/image.png,[0 0 0 0 0 0 0 0 0 0 0 0 0 0 1 2],3
fold_1/sample_713/image.png,[0 0 0 0 0 0 0 0 0 0 0 0 0 0 2],3
fold_1/sample_714/image.png,[0 0 0 0 0 0 0 0 0 0 0 0 0 0 0 2 2 2],3
fold_1/sample_715/image.png,[0 0 0 0 0 0 1],3
fold_1/sample_716/image.png,[0 0 0 0 0 0 0 0 0 0 0 2],3
fold_1/sample_717/image.png,[0 0 0 0 0 0 0 0 0 0 0 0 0 0 0 0 0 0 0 0 0 0 0],3
fold_1/sample_718/image.png,[0 0 0 0 0 0 0 0 0 1 1 2 2 2 2 2],3
fold_1/sample_719/image.png,[0 0 0 0 0 0 0 0 0 0 0 2 2 2],3
fold_1/sample_720/image.png,[0 0 0 0 0 0 0 0 0 0 0 0 0 1 2],3
fold_1/sample_721/image.png,[0 0 0 0 2 2 2 2],3
fold_1/sample_722/image.png,[0 0 0 0 0 0 0 0 0 0 0 0 0 0 0 0 0],3
fold_1/sample_723/image.png,[0 0 0 0 0 0 0 0 0 0 0 0 0 0 0 0 0 2 2],3
fold_1/sample_724/image.png,[0 0 0 0 0 0 0 0 1 1 1 2 2],3
fold_1/sample_725/image.png,[0 0 0 0 0 0 0 0 0 0 0 0 0 2],3
fold_1/sample_726/image.png,[0 0 0 0 0 0 0 0 0 0 0 0 0 0 2],3
fold_1/sample_727/image.png,[0 0 0 0 1 2 2 2],3
fold_1/sample_728/image.png,[0 0 0 0 0 0 0 0 0 0 0 0 2 2],3
fold_1/sample_729/image.png,[0 0 0 0 0 0 0 0 0 2 2],3
fold_1/sample_730/image.png,[0 0 0 0 0 0 0 0 0 0 0 2],3
fold_1/sample_731/image.png,[0 0 0 0 0 0 0 0 0 0 0 0 0 0 2 2],3
fold_1/sample_732/image.png,[0 0 0 0 0 0 1 2 2],3
fold_1/sample_733/image.png,[0 0 0 0 0 0 0 0 2 2 2 2 2],3
fold_1/sample_734/image.png,[0 0 0 0 0 0 0 0 0 0 1 1 1 1 2 2 2 2 2 2 2 2],3
fold_1/sample_735/image.png,[0 0 0 0 0 0 0 0 0 2 2 2 2 2 2 2 2 2 2 2],3
fold_1/sample_736/image.png,[0 0 0 0 0 0 0 1 2 2 2 2 2 2 2 2 2 2],3
fold_1/sample_737/image.png,[0 0 0 0 0 2 2 2 2 2 2 2 2 2],3
fold_1/sample_738/image.png,"[0 0 0 0 0 0 0 0 1 1 1 1 1 1 1 1 1 1 1 1 1 1 1 1 2 2 2 2 2 2 2 2 2 2 2 2 2
 2 2 2 2 2 2 2]",5
fold_1/sample_739/image.png,[0 0 0 0 0 0 0 0 0 0 0 0 0 0 0 0 1 1 1 1 1 1 1 1 2 2 2 2 2 2 2],5
fold_1/sample_740/image.png,"[0 0 0 0 0 0 0 0 0 1 1 1 1 1 1 1 1 1 1 1 1 1 1 1 1 1 1 1 2 2 2 2 2 2 2 2 2
 2 2 2]",5
fold_1/sample_741/image.png,[0 0 0 0 0 0 0 0 0 0 0 0 0 0 0 0 0 0 0 0 0 0 0 0 0 0 0 0 0 0 0 0 0 0 0 2],5
fold_1/sample_742/image.png,[0 0 0 0 0 0 0 0 0 0 0 0 0 0 0 0 0 0 0 0 0 0 0 0 0 0 0 1 2 2],5
fold_1/sample_743/image.png,[0 0 0 0 0 0 0 0 0 0 0 0 0 0 0 0 0 0 0 0 0 0 0 0 0 0 0 0 0 0 0 0 2 2],5
fold_1/sample_744/image.png,"[0 0 0 0 0 0 0 0 0 0 0 0 0 0 0 0 0 0 0 0 0 0 0 0 0 0 0 0 0 0 0 0 0 0 0 0 0
 0 0 0 0 1 1 2 2 2]",5
fold_1/sample_745/image.png,[1 1 1 1 1 1 1 1 1 2],5
fold_1/sample_746/image.png,[1 1 1 1 2 2 2 2 2 2 2],5
fold_1/sample_747/image.png,[1 1 1 1 2 2 2 2 2 2],5
fold_1/sample_748/image.png,[],5
fold_1/sample_749/image.png,[1 1 1 1 1 1 1 1 1 1 1 1 1 1 1 1 1 1 1 1 1 1 1 1 2 2],5
fold_1/sample_750/image.png,[],5
fold_1/sample_751/image.png,[1 1 1 1 1 1 1 1 1 1 1 1 1 1 1 2 2 2 2 2 2 2 2 2 2],5
fold_1/sample_752/image.png,[1 2],5
fold_1/sample_753/image.png,[1 1 1 1 1 1 1 1 1 1 1 1 1 1 1 1 1 2 2 2 2 2 2],5
fold_1/sample_754/image.png,[0 0 0 0 0 0 0 0 0 0 0 0 0 0 0 0 0 0 0 0 0 0 0 0 0 0 0 1 2],5
fold_1/sample_755/image.png,[0 0 0 0 0 0 0 0 0 0 0 0 0 0 0 0 0 0 0 0 0 0 0 0 0 0 0 0],5
fold_1/sample_756/image.png,[0 0 0 0 0 0 0 0 0 0 0 0 0 0 0 0 0 0 0 0 0 0 0 0 2],5
fold_1/sample_757/image.png,[0 0 0 0 2 2 2 2],5
fold_1/sample_758/image.png,[0 0 0 0 0 0 0 0 0 0 0 0 0 0 0 0 0 0 0 0 0 0 0 0 0 0 0],5
fold_1/sample_759/image.png,[0 0 0 0 0 0 0 0 0 0 0 0 0 0 0 0 0 0 0 0 0 0 0 0 0 0 0 0 0 0 0 0 0 0 0 0 1],5
fold_1/sample_760/image.png,[0 0 0 0 1 1 1 1 1 1 1 1 1 1 1 2 2 2 2 2 2 2 2 2 2 2 2 2 2],5
fold_1/sample_761/image.png,[1 1 1 1 2 2 2 2 2 2 2 2 2],5
fold_1/sample_762/image.png,[1 2 2 2 2 2 2 2 2 2 2 2 2 2 2 2 2],5
fold_1/sample_763/image.png,[1 1 1 1 1 1 1 1 2 2 2 2 2 2 2 2 2 2 2],5
fold_1/sample_764/image.png,[1 1 1 1 1 1 1 1 1 1 2 2 2 2 2],5
fold_1/sample_765/image.png,[1 1 1 1 1 1 1 1 1 2 2 2 2 2 2 2 2 2],5
fold_1/sample_766/image.png,[0 0 0 0 0 0 0 0 0 0 0 0 0 0 0 0 0 0 0 0 0 0 0 0 0 0 0 0 0 0 0 0 0 0 0 1 1],5
fold_1/sample_767/image.png,[0 0 0 0 0 0 0 0 0 0 0 0 0 0 0 0 0 0 0 0 0 0 0 0 0 0 0 0 0 0 0 1],5
fold_1/sample_768/image.png,"[0 0 0 0 0 0 0 0 0 0 0 0 0 0 0 0 0 0 0 0 0 0 0 0 0 0 0 0 0 0 0 0 0 0 0 0 0
 0 0 0 0 0 0 0 0 1 1]",5
fold_1/sample_769/image.png,"[0 0 0 0 0 0 0 0 0 0 0 0 0 0 0 0 0 0 0 0 0 0 0 0 0 0 0 0 0 0 0 0 0 0 0 1 1
 1 1 1 1 1 1 1]",5
fold_1/sample_770/image.png,[0 0 0 0 0 0 0 0 0 0 0 0 0 0 0 0 0 0 0 0 2 2 2 2],5
fold_1/sample_771/image.png,[0 0 0 0 0 0 0 0 0 0 0 0 0 0 0 0 0 1 1 2 2 2 2 2],5
fold_1/sample_772/image.png,"[0 0 0 0 0 0 0 0 0 0 0 0 0 0 0 0 0 0 0 0 0 0 0 0 0 0 0 0 0 0 0 0 0 0 0 0 0
 0 0 1 2 2]",5
fold_1/sample_773/image.png,"[0 0 0 0 0 0 0 0 0 0 0 0 0 0 0 0 0 0 0 0 0 0 0 0 0 0 0 0 0 0 0 1 1 2 2 2 2
 2]",5
fold_1/sample_774/image.png,[1 1 1 1 1 1 1 1 2 2],5
fold_1/sample_775/image.png,[0 0 0 1 1 1 1 1 1 1 2],5
fold_1/sample_776/image.png,[1 1 1 1 1 1 2 3 3 3 3 3 3 3],5
fold_1/sample_777/image.png,[2 2 2],5
fold_1/sample_778/image.png,[1 2 2],5
fold_1/sample_779/image.png,[2],5
fold_1/sample_780/image.png,[],5
fold_1/sample_781/image.png,[0 0 0 0 0 0 0 0 0 0 0 0 0 0 0 0 0 0 0 0 0 0 0 0 0 1],5
fold_1/sample_782/image.png,[0 0 0 0 0 0 0 0 0 0 0 1 1 1 1 1 1 1 1 1 1 1 2 2 2 3 3 3 3 3 3 3 3],5
fold_1/sample_783/image.png,[0 0 0 0 0 0 0 0 0 0 0 0 0 0 0 0 0 0 0 0 1 2 2],5
fold_1/sample_784/image.png,"[0 0 0 0 0 0 0 0 0 0 0 0 0 0 0 0 0 0 0 0 1 1 1 1 1 1 1 1 1 1 1 2 2 2 2 2 2
 2 2 3 3 3 3 3 3 3 3 3 3]",5
fold_1/sample_785/image.png,[0 0 0 0 0 0 0 0 0 0 0 0 0 0 0 0 0 0 0 0 0 0 0 0 0 0 0 0 0 0 0 0 0 0 0 2 2],5
fold_1/sample_786/image.png,"[0 0 0 0 0 0 0 0 0 0 0 0 0 0 0 0 0 0 0 0 0 0 0 0 0 0 0 0 0 0 0 0 0 0 0 0 0
 0 0 0 0 0 0 0 0 0 0 0 0 0 1 1 1 1 1 2 2 2 2 2 2]",5
fold_1/sample_787/image.png,[0 0 0 0 0 0 0 0 0 0 0 0 0 0 0],5
fold_1/sample_788/image.png,[0 0 0 0 0 0 0 0 0 0 0 0 0 0 0 0 0 0 2],5
fold_1/sample_789/image.png,[0 0 0 0 0 0 0 0 0 0 0 0 0 0 0 0 0 0 0 2 2],5
fold_1/sample_790/image.png,[0 0 0 0 0 0 0 0 0 0 0 0 0 0 0 0 3],5
fold_1/sample_791/image.png,[0 0 0 0 0 0 0 0 0 0 0 0 0 0 0 0 0 0 0 0 0 0 0 0 0 0 0 0 0 0 2],5
fold_1/sample_792/image.png,[0 0 0 0 0 0 0 0 0 0 0 0],5
fold_1/sample_793/image.png,[0 0 0 0 0 0 0 0 0 0 0 0 0 0 0 0 0 0 0 0 2],5
fold_1/sample_794/image.png,[0 0 0 0 0 0 0 0 1 2],5
fold_1/sample_795/image.png,[0 0 0 0 0 0 0 0 0 0 0 0 0 0 0 0 0 0 0 0 0 0 0 0],5
fold_1/sample_796/image.png,[0 0 0 0 0 0 0 0 0 0 0 0 0 0 0 0 0 0 0 0 0 0 0 0 0 0],5
fold_1/sample_797/image.png,[2 2 2 2 2 2 2 2 2 2 2 2 2 2 2 2 2 2],5
fold_1/sample_798/image.png,[1 1 1 2 2 2 2 2 2 2 2 2 2 2 2 2 2 2 2 2 2],5
fold_1/sample_799/image.png,[2 2 2 2 2 2 2 2 2 2 2 2 2 2 2 2 2 2 2 2 2 2 2],5
fold_1/sample_800/image.png,[2 2 2 2 2 2 2 2 2 2 2 2 2],5
fold_1/sample_801/image.png,[1 2 2 2 2 2 2 2 2 2 2 2 2 2 2 2 2 2 2 2 2 2 2 2 2 2],5
fold_1/sample_802/image.png,[1 1 1 2 2 2 2 2 2 2 2 2 2 2],5
fold_1/sample_803/image.png,[1 1 1 1 2 2 2 2 2 2 2 2 2 2 2],5
fold_1/sample_804/image.png,[1 2 2 2 2],5
fold_1/sample_805/image.png,[1 1 1 1 1 1 2 2 2 2 2 2 2],5
fold_1/sample_806/image.png,[1 1 1 1 1 1 1 2 2 2 2 2 2 2 2 2 2 2 2 2 2 2 2],5
fold_1/sample_807/image.png,[1 1 2 2 2 2 2 2 2 2 2 2 2 2 2 2],5
fold_1/sample_808/image.png,[1 2],5
fold_1/sample_809/image.png,[2],5
fold_1/sample_810/image.png,[1 2],5
fold_1/sample_811/image.png,[],5
fold_1/sample_812/image.png,[],5
fold_1/sample_813/image.png,[],5
fold_1/sample_814/image.png,[1 2],5
fold_1/sample_815/image.png,[1 1 1 1 1 2 2 2 2],5
fold_1/sample_816/image.png,[1 1],5
fold_1/sample_817/image.png,"[1 1 1 1 1 1 1 1 1 1 1 1 1 1 1 1 1 1 1 1 1 1 1 1 1 1 1 1 1 1 1 1 1 1 1 1 1
 1 1 1 1 1 1 1 1 1 1 1 1 1 1 1 1 1 1 1 1 1 1 1 1 1 1 1 1 1 1 1 1 1 1 1 1 1
 1 1 1 1 1 1 1 1 1 1 1 1 1 1 1 1 1 1 1 1 1 1 1 1 1 1 1 1 1 1 1 1 2 2]",5
fold_1/sample_818/image.png,"[1 1 1 1 1 1 1 1 1 1 1 1 1 1 1 1 1 1 1 1 1 1 1 1 1 1 1 1 1 1 1 1 1 1 1 1 1
 1 1 1 1 1 1 1 1 1 1 1 1 1 1 1 1 1 1 1 1 1 1 1 1 1 1 1 1 1 1 1 1 1 1 1 1 1
 1 2 2 2 2 2 2 2 2 2 2 2 2 2 2 2 2 2]",5
fold_1/sample_819/image.png,"[1 1 1 1 1 1 1 1 1 1 1 1 1 1 1 1 1 1 1 1 1 1 1 1 1 1 1 1 1 1 1 1 1 1 1 1 1
 1 1 1 1 1 1 1 1 1 1 1 1 1 1 1 1 1 1 1 1 1 1 1 1 1 1 1 1 1 1 1 1 1 1 1 1 1
 1 1 1 1 1 1 1 1 1 1 1 1 1 1 1 1 1 1 1 1 1 1 1 1 1 1 1 1 1 1 1 1 1 1 1 1 1
 1 1 1 2 2 2 2]",5
fold_1/sample_820/image.png,[2 2],5
fold_1/sample_821/image.png,[1 2],5
fold_1/sample_822/image.png,[0 0 1 2 2 2 2 2 2 2],5
fold_1/sample_823/image.png,[0 0 0 0 0 0 0 0 0 0 0 0 0 0 0 0 0 0 0 0],5
fold_1/sample_824/image.png,[0 0 0 0 0 0 0 0 0 0 0 0 0 0 0 0 0 1],5
fold_1/sample_825/image.png,"[1 1 1 1 1 1 1 1 1 1 1 1 1 1 1 1 1 1 1 1 1 1 1 1 1 1 1 1 1 1 1 1 1 1 1 1 1
 1 1 1 1 1 1 1 1 1 1 1 1 1 1 1 1 1 1 1 1 1 1 1 1 1 1 1 1 1 1 1 1 1 1 1 1 1
 1 1 1 1 1 1 1 1 1 1 1 1 1 1 1 1 1 1 1 1 1 1 1 1 1 1 1 1 1 1 1]",5
fold_1/sample_826/image.png,"[1 1 1 1 1 1 1 1 1 1 1 1 1 1 1 1 1 1 1 1 1 1 1 1 1 1 1 1 1 1 1 1 1 1 1 1 1
 1 1 1 1 1 1 1 1 1 1 1 1 1 1 1 1 1 1 1 1 1 1 1 1 1 1 1 1 1 1 1 1 1 1 1 1 1
 1 1 2 2 2 2 2 2 2 2 2]",5
fold_1/sample_827/image.png,"[1 1 1 1 1 1 1 1 1 1 1 1 1 1 1 1 1 1 1 1 1 1 1 1 1 1 1 1 1 1 1 1 1 1 1 1 1
 1 1 1 1 1 1 1 1 1 1 1 1 1 1 1 1 1 1 1 1 1 1 1 1 1 1 1 1 1 1 1 1 1 1 1 1 1
 1 1 1 1 1 1 1 1 2 2 2 2 2 2 2 2 2 2 2]",5
fold_1/sample_828/image.png,[],5
fold_1/sample_829/image.png,[2],5
fold_1/sample_830/image.png,[],5
fold_1/sample_831/image.png,[2],5
fold_1/sample_832/image.png,[],5
fold_1/sample_833/image.png,[],5
fold_1/sample_834/image.png,[0 0 0 0 0 0 0 0 0 0 0 0 0 0 0 2 2 2 2 2 2 2 2 2 2 2 2 2 2 2 2 2 2 2],5
fold_1/sample_835/image.png,"[0 0 0 0 0 0 0 0 0 0 0 0 0 0 0 0 0 0 0 0 0 0 0 0 0 0 0 0 0 0 0 0 0 0 2 2 2
 2 2 2 2 2 2 2 2 2 2 2]",5
fold_1/sample_836/image.png,"[0 0 0 0 2 2 2 2 2 2 2 2 2 2 2 2 2 2 2 2 2 2 2 2 2 2 2 2 2 2 2 2 2 2 2 2 2
 2 2 2 2 2 2 2 2 2 2]",5
fold_1/sample_837/image.png,[1 1 1 1 2 2],5
fold_1/sample_838/image.png,[1 1 1 2 2 2 2 2 2 2 2 2],5
fold_1/sample_839/image.png,[1 1 1 1 2 2 2 2 2 2],5
fold_1/sample_840/image.png,[0 0 0 0 1 1 1 1 1 1 1 1 1 2 2 2 2 2 2 2],5
fold_1/sample_841/image.png,[1 1 1 1 1 1 2 2 2 2 2 2 2 2 2 2 2 2],5
fold_1/sample_842/image.png,[1 1 1 1 1 1 1 1 1 1 1 1 1 1 1 1 1 1 1 1 1 1 1 2 2 2 2 2 2 2],5
fold_1/sample_843/image.png,[1 1 1 1 1 1 1 1 1 1 1 1 1 1 2 2 2 2 2 2 2 2 2 2 2 2 2 2 2 2 2 2 2 2 2 2],5
fold_1/sample_844/image.png,"[1 1 1 1 1 1 1 1 1 1 1 1 1 1 1 1 1 1 1 1 1 1 1 1 1 1 1 1 1 1 1 1 1 1 1 1 1
 1 1 1 1 1 1 1 1 1 1 1 1 1 1 1 1 1 1 1 1 1 1 1 1 1 1 1 1 1 1 1 1 1 1 1 1 1
 1 1 1 1 2 2]",5
fold_1/sample_845/image.png,"[1 1 1 1 1 1 1 1 1 1 1 1 1 1 1 1 1 1 1 1 1 1 1 1 1 1 1 1 1 1 1 1 1 1 1 1 1
 1 1 1 1 1 1 1 1 1 1 1 1 1 1 1 1 1 1 1 1 1 1 1 1 1 1 1 1 1 1 1 1 1 1 1 1 1
 1 1 1 1 1 1 1 2 2 2 2 2]",5
fold_1/sample_846/image.png,[1 1 1 1 1 1 1 1 1 1 2 2 2 2 2 2 2 2 2 2 2 2 2 2 2 2 2],5
fold_1/sample_847/image.png,[1 1 1 2 2 2 2 2 2 2 2 2 2 2 2 2 2 2 2 2 2 2 2 2],5
fold_1/sample_848/image.png,[1 1 1 1 1 1 1 1 1 1 2 2 2 2 2 2 2 2 2 2 2 2 2 2 2 2 2 2 2 2 2],5
fold_1/sample_849/image.png,[1 1 1 2 2 2 2 2 2 2 2 2 2 2 2 2 2 2 2 2 2 2],5
fold_1/sample_850/image.png,[1 1 2 2 2 2 2 2 2 2 2 2 2 2 2 2 2 2 2 2 2 2 2 2],5
fold_1/sample_851/image.png,[0 0 0 0 0 0 0 0 0 0 0 0 0 0 0 0 0 0 0 1 1],5
fold_1/sample_852/image.png,[0 0 0 0 0 0 0 0 0 0 0 0 0 0 0 0 0 0 0 0 3 3 3 3 3 3 3 3 3],5
fold_1/sample_853/image.png,[0 0 0 0 0 0 0 0 0 0 0 0 0 0 0 0 0 0 0 0 0 0 0 0 0 0 0 0 0 0 0 0 2],5
fold_1/sample_854/image.png,[1 1 1 2 2 2 2 2 2 2 2 2 2 2 2 2 2 2 2 2 2],5
fold_1/sample_855/image.png,[0 0 0 1 1 2 2 2 2 2 2 2 2 2 2 2 2 2 2 2],5
fold_1/sample_856/image.png,[0 0 0 0 0 0 0 0 0 0 0 1 1 2 2 2 2 2 2],5
fold_1/sample_857/image.png,[1 1 1 1 2 2 2 2 2 2 2 2 2 2 2 2 2 2 2 2 2 2],5
fold_1/sample_858/image.png,[0 0 0 0 0 0 0 0 0 0 0 0 0 0 0 0 0 0 0 0 1 2 2 2 2 2 2 2 2 2 2],5
fold_1/sample_859/image.png,"[0 0 0 0 0 0 0 0 0 0 0 0 1 1 1 1 1 1 2 2 2 2 2 2 2 2 2 2 2 2 2 2 2 2 2 2 2
 2 2]",5
fold_1/sample_860/image.png,[0 0 0 0 0 0 0 0 0 0 0 0 0 0 0 0 0 0 0 0 0 0 0 0 1 2 2 2],5
fold_1/sample_861/image.png,[0 0 0 0 0 0 0 0 0 0 0 0 0 0 0 0 0 0 0 0 0 0 0 0 0 0 0 0 0 0 0 0 0 0 2 2 2],5
fold_1/sample_862/image.png,[0 0 0 0 0 0 0 0 0 0 0 0 0 0 0 0 0 0 0 2 2],5
fold_1/sample_863/image.png,[0 0 0 0 0 0 0 0 0 0 0 0 0 1 2 2 2 2 2 2 2 2 2 2 2],5
fold_1/sample_864/image.png,[1 1 1 1 1 1 2 2 2 2 2 2 2 2 2 2 2 2 2 2 2 2 2 2 2 2 2 2 2 2 2 2 2 2 2 2 2],5
fold_1/sample_865/image.png,[0 0 0 0 0 0 0 0 0 0 0 0 0 0 0 1 1 1 2 2],5
fold_1/sample_866/image.png,"[0 0 0 0 0 0 0 0 0 0 0 0 0 0 0 0 0 0 0 0 0 0 0 0 0 0 0 0 0 0 0 0 0 0 1 1 1
 1 1 1 2 2 2 2 2 2 2 2 2]",5
fold_1/sample_867/image.png,[0 0 0 0 0 0 0 0 0 0 0 0 0 0 0 0 0 0 0 2 2 2 2 2 2 2 2 2 2 2 2 2 2 2],10
fold_1/sample_868/image.png,[0 0 0 0 0 0 0 0 0 0 0 2 2 2 2 2 2 2 2 2 2 2 2 2 2],10
fold_1/sample_869/image.png,[0 0 0 0 0 0 0 0 0 0 0 0 0 0 0 0 0 0 0 0 0 0 0 0 0 0 0 0],10
fold_1/sample_870/image.png,[0 0 0 0 0 0 0 0 0 0 0 0 0 0 0 0 0 0 0 0 0 0 0 0 0 0 0 0 0 2 2 2 2 2 2],10
fold_1/sample_871/image.png,"[0 0 0 0 0 0 0 0 0 0 0 0 0 0 0 0 0 0 0 0 0 0 0 0 0 0 0 0 0 0 0 0 0 0 0 1 1
 1]",10
fold_1/sample_872/image.png,[0 0 0 0 0 0 0 0 0 0 0 0 0 0 0 0 0 0 0 0 0 0 0 0 0 0 1 2 2 2 2 2 2 2],10
fold_1/sample_873/image.png,[0 0 0 0 0 0 0 0 0 0 0 0 0 0 0 0 0 0],10
fold_1/sample_874/image.png,"[0 0 0 0 0 0 0 0 0 0 0 0 0 0 0 0 0 0 0 0 0 0 0 0 0 0 0 1 2 2 2 2 2 2 2 2 2
 2]",10
fold_1/sample_875/image.png,[0 0 0 0 0 0 0 0 0 0 0 0 0 0 0 0 0 0 0 0 0 0 0 0 0 0 0 0 0 0 0 0 0 0 0 0 0],10
fold_1/sample_876/image.png,[0 0 0 0 0 0 0 0 0 0 0 0 0 0 0 0 0 0 0 0 0 0 0 0 0 0 0 0 0 0],10
fold_1/sample_877/image.png,[0 1 1 1 1 1 1 1 1 1 1 2 2 2 2 2 2 2 2 2 2 2 2 2 2 2 2 2],10
fold_1/sample_878/image.png,[0 0 0 0 0 0 0 0 0 0 1 1 1 2 2 2 2 2 2 2 2 2 2 2 2 2 2 2],10
fold_1/sample_879/image.png,"[0 0 0 0 0 0 0 0 0 0 0 0 0 0 0 0 0 0 0 0 0 0 0 0 0 0 0 0 0 0 0 0 0 0 0 0 2
 2]",10
fold_1/sample_880/image.png,[0 0 0 0 0 0 0 0 0 0 0 0 0 0 0 0 0 0 0 0 0 0 0 0 0 0 0 1 1 1 1 1 1 2 2 2],10
fold_1/sample_881/image.png,[0 0 0 0 0 0 0 0 0 0 0 0 0 0 0 0 0 0 0 0 0 0 0 0 0 0 0 0 0 2 2 2 2 2],10
fold_1/sample_882/image.png,[0 0 0 0 0 0 0 0 0 0 0 0 0 0 0 0 0 0 1 1 1 1 1 2 2 2 2 2 2 2 2 2 2],10
fold_1/sample_883/image.png,[0 0 0 0 0 0 0 0 0 0 0 0 0 0 0 0 0 0 0 0 0 2 2 2 2 2],10
fold_1/sample_884/image.png,[0 0 0 0 0 0 0 0 0 0 0 0 0 0 0 0 0 0 0 0 0 0 0],10
fold_1/sample_885/image.png,[0 0 0 0 0 0 0 0 0 0 0 0 0 2 2 2 2 2 2 2 2 2 2 2],10
fold_1/sample_886/image.png,"[0 0 0 0 0 0 0 0 0 0 0 0 0 0 0 0 0 0 0 0 0 0 1 1 1 1 1 1 1 1 1 2 2 2 2 2 2
 2 2]",10
fold_1/sample_887/image.png,[0 0 0 0 0 0 0 0 0 0 0 0 0 0 0 0 0 0 0 0 2],10
fold_1/sample_888/image.png,[0 0 0 0 0 0 0 0 0 0 0 0 0 0 2 2 2 2],10
fold_1/sample_889/image.png,"[0 0 0 0 0 0 0 0 0 0 0 0 0 0 0 0 0 0 0 0 0 0 0 0 0 0 0 0 0 0 0 0 0 0 0 0 0
 1 1 1 2]",10
fold_1/sample_890/image.png,"[0 0 0 0 0 0 0 0 0 0 0 0 0 0 0 0 0 0 0 0 0 0 0 0 0 0 0 0 0 0 0 0 1 1 1 1 2
 2 2 2 2 2]",10
fold_1/sample_891/image.png,[0 0 0 0 0 0 0 0 0 0 0 0 0 0 0 0 0 0 0 0 0 0 0 0 0 0 0 0 0 1 1 2 2 2 2 2],10
fold_1/sample_892/image.png,"[0 0 0 0 0 0 0 0 0 0 1 1 1 1 1 1 1 1 1 1 1 1 1 1 1 1 1 1 1 1 1 1 1 1 2 2 2
 2 2 2 2 2 2 2 2 2 2 2 2 2 2]",10
fold_1/sample_893/image.png,[0 0 0 0 0 0 0 0 0 0 0 0 0 0 0 0 1 2 2 2 2 2 2 2 2],10
fold_1/sample_894/image.png,[0 0 0 0 0 0 0 0 0 0 0 0 0 0 0 0 0 0 0 0 0 0 0 0 0 0 0 0 0 0 0 0 0 0 2 2],10
fold_1/sample_895/image.png,[0 0 0 0 0 0 0 0 0 0 0 0 0 0 1 1 2 2 2 2 2 2 2 2 2 2 2 2 2 2 2],10
fold_1/sample_896/image.png,"[0 0 0 0 0 0 0 0 0 0 0 0 0 0 0 0 0 0 0 0 0 0 0 0 0 0 0 0 0 0 1 2 2 2 2 2 2
 2 2]",10
fold_1/sample_897/image.png,[1 1 1 1 1 1 1 1 1 1 1 1 1 1 2 2 2 2 2 2 2 2 2 2 2 2 2],3
fold_1/sample_898/image.png,[0 0 0 0 0 0 0 0 0 2 2 2 2 2],3
fold_1/sample_899/image.png,[0 0 0 0 0 0 0 0 0 0 0 0 0 1 1 1 1 2],3
fold_1/sample_900/image.png,[1 1 1 1 1 1 2 2 2 2 2 2 2 2 2 4 4 4 4 4 4 4 4 4 4 4 4 4 4 4 4 4 4],3
fold_1/sample_901/image.png,[0 1 1 2 2 2 2 2 2 2 2 2 2 2 2 2 2 2 2 2 2 2 2 2 4 4 4],3
fold_1/sample_902/image.png,"[1 1 1 1 1 2 2 2 2 2 2 2 2 2 4 4 4 4 4 4 4 4 4 4 4 4 4 4 4 4 4 4 4 4 4 4 4
 4 4 4 4 4 4 4 4]",3
fold_1/sample_903/image.png,[0 0 0 0 0 0 0 0 0 0 0 0 0 0 0 0 0 0 0 0 0 0 0 0 0 0 0 0 1 2 2 2 2],3
fold_1/sample_904/image.png,[0 0 0 0 0 0 0 0 0 0 0 0 0 0 0 0 0 0 0 0 1 1 1 1 1 1 2 2 2 2 2 2 2 2 2 2 2],3
fold_1/sample_905/image.png,"[0 0 0 0 0 0 0 0 0 0 0 0 0 0 0 0 0 0 0 0 0 0 0 0 0 0 0 0 0 0 0 0 0 0 0 0 0
 0 0 0 0 0 0 0 1 1 1 1 1 1 1 1 1 1 1 1 1 1 2 2 2 2 2]",3
fold_1/sample_906/image.png,"[0 0 0 0 0 0 0 0 0 0 0 0 0 0 0 0 0 0 0 0 0 0 0 0 0 0 0 0 0 0 0 0 0 0 0 0 0
 0 0 0 0 0 0 1 1 1 2 2 2 2 2]",3
fold_1/sample_907/image.png,[0 0 0 0 0 0 0 0 0 0 0 0 0 0 0 0 0 0 0 0 0 0 0 0 0 0 0],3
fold_1/sample_908/image.png,"[0 0 0 0 0 0 0 0 0 0 0 0 0 0 0 0 0 0 0 0 0 0 0 0 0 0 0 0 0 0 0 0 0 0 0 0 0
 2 2]",3
fold_1/sample_909/image.png,[0 0 0 0 0 0 0 0 0 0 0 0 0 0 0 0 0 0 0 0 0 0 0 0 2 2 2],5
fold_1/sample_910/image.png,[0 0 0 0 0 0 0 0 0 0 0 0 0 0 0 0 0 0 0 0 0 0 0 0 0 1 2 2 2 2 2 2 2],5
fold_1/sample_911/image.png,"[0 0 0 0 0 0 0 0 0 0 0 0 0 0 0 0 0 0 0 0 0 0 0 0 0 0 0 0 0 0 0 0 0 0 0 0 0
 0 0 0 0]",5
fold_1/sample_912/image.png,[0 0 0 0 0 0 0 0 0 0 0 0 0 0 0 0 0 0 0 0 0 0 2],8
fold_1/sample_913/image.png,[0 0 0 0 0 0 0 0 0 0 0 0 0 0 2 2 2 2 2 2 2 2 2],8
fold_1/sample_914/image.png,[0 0 0 0 0 0 0 0 0 0 1 2 2 2 2 2 2],8
fold_1/sample_915/image.png,[0 0 0 0 0 0 0 0 0 0 0 0 0 0 0 0 0 0 1 2 2],8
fold_1/sample_916/image.png,[0 0 0 0 0 0 0 0 0 0 0 0 0 0 0 0 0 0 2 2 2 2 2],8
fold_1/sample_917/image.png,[0 0 0 0 0 0 0 0 0 0 0 0 0 2],8
fold_1/sample_918/image.png,[0 0 0 0 0 0 0 0 0 0 0 0 0 0 0 0 0 0 0 0 0 0 1 2 2 2 2 2 2 2 2 2],8
fold_1/sample_919/image.png,[0 0 0 0 0 0 0 0 0 0 0 0 0 0 0 0 0 0 0 0 0 0 0 0 0 0 0 0 0 0 0 0 0 2 2 2 2],13
fold_1/sample_920/image.png,[0 0 0 0 0 0 0 0 0 0 0 0 0 0 0 0 0 0 0 2 2 2],13
fold_1/sample_921/image.png,[0 0 0 0 0 0 0 0 0 0 0 0 0 0 0 0 0 0 0 0 0 0 0 0],13
fold_1/sample_922/image.png,[0 0 0 0 0 0 0 0 0 0 0 0 0 0 0 0 0 0 0 0 0 0 2 2 2 2 2],13
fold_1/sample_923/image.png,[0 0 0 0 0 0 0 0 0 0 0 0 0 0 0 0 0 0 0 1],2
fold_1/sample_924/image.png,[0 1 1 1 1 1 1 1 1 1 1 1 1 1 1 2 2 2 2 2 2 2 2 2 2],3
fold_1/sample_925/image.png,[0 0 0 0 0 0 0 0 1 1 1 2 2 2],3
fold_1/sample_926/image.png,[0 0 0 0 0 0 0 0 0 0 0 0 0 0 0 2 2 2],3
fold_1/sample_927/image.png,[0 0 0 0 0 0 0 0 0 0 0 0 0 0 0 0],3
fold_1/sample_928/image.png,[0 0 0 0 0 0 0 0 0 0 0 0 0 0 1 1 1 1 2 2 2 2 2 2 2 2],3
fold_1/sample_929/image.png,[0 0 0 0 0 0 0 1 2 2 2 2 2],3
fold_1/sample_930/image.png,"[0 0 0 1 1 2 2 2 2 2 2 2 2 2 2 2 2 2 2 2 4 4 4 4 4 4 4 4 4 4 4 4 4 4 4 4 4
 4 4 4 4 4 4]",3
fold_1/sample_931/image.png,"[0 2 2 2 2 2 2 4 4 4 4 4 4 4 4 4 4 4 4 4 4 4 4 4 4 4 4 4 4 4 4 4 4 4 4 4 4
 4 4 4 4 4 4 4 4 4 4]",3
fold_1/sample_932/image.png,[0 0 0 0 0 0 0 0 0 0 0 0 0 0 0 0 0 0 0 0 1 2 2 4 4 4 4],2
fold_1/sample_933/image.png,[0 0 0 0 0 0 0 0 0 0 0 0 0 0 0 0 0 0 0 0 0 0 0 0 0 0 0 0 0 0 0 0 0 2 2],13
fold_1/sample_934/image.png,[0 0 0 0 0 0 0 0 0 0 0 0 0 0 0 0 0 0 0 0 0 0 0 0 0 0 0 0 0 2 2 2 2 2 2],13
fold_1/sample_935/image.png,[0 0 0 0 0 0 0 0 0 0 0 0 0 0 0 0 0 0 0 0 0 0 0 0 0 0 2 2],13
fold_1/sample_936/image.png,[0 0 0 0 0 0 0 0 0 0 0 0 0 0 0 0 0 0 0 0 0 0 0 0 0 0 0 0 0 0 0 0 0 2],13
fold_1/sample_937/image.png,[0 0 0 0 0 0 0 0 0 2 2 2 2 2 2 2 2 2 2],13
fold_1/sample_938/image.png,[0 0 0 0 0 0 0 0 0 0 0 0 0 0 0 0 0 0 2 2 2 2 2 2 2],13
fold_1/sample_939/image.png,[0 0 0 0 0 0 0 0 0 0 0 0 0 0 0 0 0 2 2 2 2 2 2],13
fold_1/sample_940/image.png,[0 0 0 0 0 0 0 0 0 0 0 0 0 0 0 2 2 2 2 2 2 2 2 2 2],13
fold_1/sample_941/image.png,[0 0 0 0 0 0 0 0 0 0 0 0 0 0 0 0 0 0 0 0 0 0 0 0 0 0 0 0 0 0 1 1 2],13
fold_1/sample_942/image.png,"[0 0 0 0 0 0 0 0 0 0 0 0 0 0 0 0 0 0 0 0 0 0 0 0 0 0 0 0 0 0 0 0 0 0 0 0 0
 0 0]",13
fold_1/sample_943/image.png,[0 0 0 0 0 0 0 0 0 0 0 0 0 0 0 0 0 0 0 0 0 0 0 0 0 0 0 0 0 0 1 2 2 2],13
fold_1/sample_944/image.png,"[0 0 0 0 0 0 0 0 0 0 0 0 0 0 0 0 0 0 0 0 0 0 0 0 0 0 0 0 0 0 0 1 1 1 1 1 2
 2]",13
fold_1/sample_945/image.png,[0 0 0 0 0 0 0 0 0 0 0 0 0 0 0 0 0 0 0 0 0 0 0 0 0 0 0 0 0 1 2 2 2 2 2],13
fold_1/sample_946/image.png,[0 0 0 0 0 0 0 0 0 0 0 0 0 0 0 0 0 0 0 0 1 1 2 2 2 2 2 2 2 2 2],13
fold_1/sample_947/image.png,"[0 0 0 0 0 0 0 0 0 0 0 0 0 0 0 0 0 0 0 0 0 0 0 0 0 0 0 0 0 0 0 0 0 0 0 0 0
 0 0 2 2 2 2]",13
fold_1/sample_948/image.png,[0 0 0 0 0 0 0 0 0 0 2 2 2 2 2 2 2],13
fold_1/sample_949/image.png,[0 0 0 0 0 0 0 0 0 0 0 0 0 0 0 0 0 0 0 0 2 2 2 2 2 2],13
fold_1/sample_950/image.png,[0 0 0 0 0 0 0 0 0 0 0 0 0 0 0 0 0 0 0 0 2 2 2 2 2 2],13
fold_1/sample_951/image.png,[0 0 0 0 0 0 0 0 0 0 0 0 0 0 0 0 0 0 0 2 2 2 2 2 2 2 2],13
fold_1/sample_952/image.png,"[0 0 0 0 0 0 0 0 0 0 0 0 0 0 0 0 0 0 0 0 0 0 0 0 0 0 0 0 0 0 0 0 0 0 0 0 0
 0 2 2]",13
fold_1/sample_953/image.png,"[0 0 0 0 0 0 0 0 0 0 0 0 0 0 0 0 0 0 0 0 0 0 0 0 0 0 0 0 0 0 0 0 0 0 0 0 0
 0 0 0 0 0 0 0 0 0 0 0 0 0 0 0 0 0 0 0 0 0 0 0 0 0 0 0 0 1 1 1 2]",8
fold_1/sample_954/image.png,"[0 0 0 0 0 0 0 0 0 0 0 0 0 0 0 0 0 0 0 0 0 0 0 0 0 0 0 0 0 0 0 0 0 0 0 0 0
 0 0 0 0 0 0 0 0 0 0 0 0 0 0 0 0 0 1 1 1 1 1 1 1 1 1 1 1 1 1 1 1 1 1 2 2]",8
fold_1/sample_955/image.png,"[0 0 0 0 0 0 0 0 0 0 0 0 0 0 0 0 0 0 0 0 0 0 0 0 0 0 0 0 0 0 0 0 0 0 0 0 0
 0 0 0 0 0 0 0 0 1 1 1 1 1 1 1 1 1 1 1 1]",8
fold_1/sample_956/image.png,"[0 0 0 0 0 0 0 0 0 0 0 0 0 0 0 0 0 0 0 0 0 0 0 0 0 0 0 1 1 1 1 1 1 1 1 1 1
 1 1 1 1 1 1 1 1 1 1 1 1 1 1 1 1 1 1 1 1 1 1 1 1 2 2 2 2]",8
fold_1/sample_957/image.png,"[0 0 0 0 0 0 0 0 0 0 0 0 0 0 0 0 0 0 0 0 0 0 0 0 0 0 0 0 0 0 0 0 0 0 0 0 0
 0 0 0 0 0 0 0 0 0 0 0 0 0 0 0 0 0 0 0 0 0 0 0 0 0 0 0 0 0 0 0 0 0 0 0 0 0
 0 0 0 0 0 0 0 0 0 0 0 0 0 0 0 0]",8
fold_1/sample_958/image.png,"[0 0 0 0 0 0 0 0 0 0 0 0 0 0 0 0 0 0 0 0 0 0 0 0 0 0 0 0 0 0 0 0 0 0 0 0 0
 0 0 0 0 0 0 0 0 0 0 0 0 0 0 0 0 0 0 0 0 0 0 0 0 0 0 0 0 0 0 0 0 0 0 0 0 0
 0 0 0 0 0 0 0 0 0 0 0 0 0 0 0 0 0 0 0 0 0 0 0 0 0 0]",8
fold_1/sample_959/image.png,"[0 0 0 0 0 0 0 0 0 0 0 0 0 0 0 0 0 0 0 0 0 0 0 0 0 0 0 0 0 0 0 0 0 0 0 0 0
 0 0 0 0 0 0 0 0 0 0 0 0 0 0 0 0 0 0 0 0 0 0 0 0 0 0 0 0 0 0 0 0 0 0 0 0 0
 0 0 0 0 0 0 0 0 0 0 0 0 0 0 0 0 0 0 0 0 0 0 0 0 0 0 0 0 0 0 0 0 0 0 0 0 0
 0 0 0 0 0 0 0 0 1]",8
fold_1/sample_960/image.png,"[0 0 0 0 0 0 0 0 0 0 0 0 0 0 0 0 0 0 0 0 0 0 0 0 0 0 0 0 0 0 0 0 0 0 0 0 0
 0 0 0 0 0 0 0 0 0 0 0 0 0 0 0 0 0 0 0 0 0 0 0 0 0 0 0 0 0 0 0 0 0 0 0 0 0
 0 0 0 0 0 0 0 0 0 0 0 0 0 0 0 0 0 1]",8
fold_1/sample_961/image.png,"[0 0 0 0 0 0 0 0 0 0 0 0 0 0 0 0 0 0 0 0 0 0 0 0 0 0 0 0 0 0 0 0 0 0 0 0 0
 0 0 0 0 0 0 0 0 0 0 0 0 0 1 1 1 1 1 1 1 1 1 1 1 1 1 1 1 1 1 1 1 1 1 1 1 1
 1 1 1 1 1 2 2 2 2 2 2 2 2 2 2 2 2 2 2 2 2 2 2 2 2 2 2 2 2 2 2 2 2 2 2 2 2
 2 2 2 2]",8
fold_1/sample_962/image.png,"[1 1 1 1 1 1 1 1 1 1 1 1 1 1 1 1 1 1 1 1 1 1 1 1 1 1 1 1 1 1 1 1 1 1 1 1 1
 1 1 1 1 1 1 1 1 1 1 1 1 1 1 1 1 1 1 1 1 1 1 1 1 1 1 1 1 1 1 1 1 1 1 1 1 1
 1 1 1 1 1 1 1 1 1 1 1 1 1 1 1 1 1 1 1 1 1 1 1 1 1 1 1 1 1 1 1 1 1 1 1 1 1
 1 2]",15
fold_1/sample_963/image.png,[0 0 0 0 0 0 0 0 0 0 0 0 0 0 0 0 0 0 0 0 0 0 0 0 0 0],5
fold_1/sample_964/image.png,[0 0 0 0 0 0 0 0 0 0 0 0 0 0 0 0 0 0 0 0 0 0 0 0 0 0 0 0 0 0 1 2],5
fold_1/sample_965/image.png,[0 0 0 0 0 0 0 0 0 0 3 3 3 3 3 3 3 3 3],5
fold_1/sample_966/image.png,"[1 1 1 1 1 1 1 1 1 1 1 1 1 1 1 1 1 1 1 1 1 1 1 1 1 1 2 2 2 2 2 2 2 2 2 2 2
 2 2 2 2 2 2 2 2 2 2 2 2]",15
fold_1/sample_967/image.png,"[1 1 1 1 1 1 1 1 1 1 1 1 1 1 1 1 1 1 1 1 1 1 1 1 1 1 1 1 1 1 1 1 1 1 1 1 1
 1 1 1 1 1 1 1 1 1 1 1 1 1 1 1 1 1 1 1 1 1 1 1 1 1 1 1 1 1 1 1 1 1 1 1 2 2
 2 2 2 2]",15
fold_1/sample_968/image.png,"[1 1 1 1 1 1 1 1 1 1 1 1 1 1 1 1 1 1 1 1 1 1 1 1 1 1 1 1 1 1 1 1 1 1 1 1 1
 1 1 1 1 1 1 1 1 1 1 1 1 1 1 1 1 1 1 1 1 1 1 1 1 1 1 1 1 1 1 1 1 1 1 1 1 1
 1 1 1 1 1 1 1 1 1 1 1 1 1 1 1 1 1 2 2 2]",15
fold_1/sample_969/image.png,[0 0 0 0 2 2 2 2 2 2 2],11
fold_1/sample_970/image.png,[2 2 2 2 2 2 2 2 2 2 2 2 2 2],11
fold_1/sample_971/image.png,[0 0 0 0 0 0 0 0 0 0 0 0 0 0],11
fold_1/sample_972/image.png,[0 0 0 2 2 2 2 2 2 2 2 2 2 2],11
fold_1/sample_973/image.png,[0 0 0 0 0 0 0 0 0 2 2 2 2],11
fold_1/sample_974/image.png,[0 0 2 2 2 2 2 2 2],11
fold_1/sample_975/image.png,[0 0 0 0 0 0 0 0 0 0 0 0 0 1 1 1 1 1 1 2 2 2 2 2 2 2 2 2 2 2 2 2 2],11
fold_1/sample_976/image.png,[0 0 0 0 0 0 0 0 0 0 0 0 0 0 1 2 2 2 2 2 2],11
fold_1/sample_977/image.png,[0 0 0 0 0 0 0 0 0 0 0 0 0 0 0 0 0 0 0 0 0 0 0 0 0 0 0 0 1 2 2],11
fold_1/sample_978/image.png,[0 0 0 0 0 0 0 0 0 0 0 0 0 0 0 0 0 0 0 0 0 0 0 0 0 0 0 0 0 0 0 0 0 0],6
fold_1/sample_979/image.png,"[0 0 0 0 0 0 0 0 0 0 0 0 0 0 0 0 0 0 0 0 0 0 0 0 0 0 0 0 0 0 0 0 0 0 0 0 0
 0 0]",6
fold_1/sample_980/image.png,"[0 0 0 0 0 0 0 0 0 0 0 0 0 0 0 0 0 0 0 0 0 0 0 0 0 0 0 0 0 0 0 0 0 0 0 0 0
 0 0 0 0 0 0 0 0 0 0 0 0 0 0 0 0 0 0 0]",6
fold_1/sample_981/image.png,"[0 0 0 0 0 0 0 0 0 0 0 0 0 0 0 0 0 0 0 0 0 0 0 0 0 0 0 0 0 0 0 0 0 0 0 0 0
 0 0 0 0 0 0 0 0 0 0 0 0 0 0 0 0 0 0 0 2]",6
fold_1/sample_982/image.png,"[0 0 0 0 0 0 0 0 0 0 0 0 0 0 0 0 0 0 0 0 0 0 0 0 0 0 0 0 0 0 0 0 0 0 0 0 0
 0]",6
fold_1/sample_983/image.png,"[0 0 0 0 0 0 0 0 0 0 0 0 0 0 0 0 0 0 0 0 0 0 0 0 0 0 0 0 0 0 0 0 0 0 0 0 0
 0 0 0 0 0 0 0 0 2 2]",6
fold_1/sample_984/image.png,"[0 0 0 0 0 0 0 0 0 0 0 0 0 0 0 0 0 0 0 0 0 0 0 0 0 0 0 0 0 0 0 0 0 0 0 0 0
 0 0 0 0 0 0 0 0 0 0 0 0 0 0 0 0 1]",6
fold_1/sample_985/image.png,"[0 0 0 0 0 0 0 0 0 0 0 0 0 0 0 0 0 0 0 0 0 0 0 0 0 0 0 0 0 0 0 0 0 0 0 0 0
 0 0 0 0 0 0 0 0 0 0 0 1]",6
fold_1/sample_986/image.png,"[0 0 0 0 0 0 0 0 0 0 0 0 0 0 0 0 0 0 0 0 0 0 0 0 0 0 0 0 0 0 0 0 0 0 0 0 0
 0 0 0 0 0 0]",6
fold_1/sample_987/image.png,"[0 0 0 0 0 0 0 0 0 0 0 0 0 0 0 0 0 0 0 0 0 0 0 0 0 0 0 0 0 0 0 0 0 0 0 0 0
 0 0 0 0 0 0 0 0 0 0 0 0 2]",6
fold_1/sample_988/image.png,"[0 0 0 0 0 0 0 0 0 0 0 0 0 0 0 0 0 0 0 0 0 0 0 0 0 0 0 0 0 0 0 0 0 0 0 0 0
 0 0 0 0 0 0 0 0 0]",6
fold_1/sample_989/image.png,"[0 0 0 0 0 0 0 0 0 0 0 0 0 0 0 0 0 0 0 0 0 0 0 0 0 0 0 0 0 0 0 0 0 0 0 0 0
 0 0 0 0 0 0 0 0 0 0 0]",6
fold_1/sample_990/image.png,"[0 0 0 0 0 0 0 0 0 0 0 0 0 0 0 0 0 0 0 0 0 0 0 0 0 0 0 0 0 0 0 0 0 0 0 0 0
 0 0 0 0 0 0 0 0 0]",6
fold_1/sample_991/image.png,"[0 0 0 0 0 0 0 0 0 0 0 0 0 0 0 0 0 0 0 0 0 0 0 0 0 0 0 0 0 0 0 0 0 0 0 0 0
 0 0 0 0 0 0 0 0 0 0 0 0 0 0 0 0 2]",6
fold_1/sample_992/image.png,"[0 0 0 0 0 0 0 0 0 0 0 0 0 0 0 0 0 0 0 0 0 0 0 0 0 0 0 0 0 0 0 0 0 0 0 0 0
 0 0 0 0]",6
fold_1/sample_993/image.png,"[0 0 0 0 0 0 0 0 0 0 0 0 0 0 0 0 0 0 0 0 0 0 0 0 0 0 0 0 0 0 0 0 0 0 0 0 0
 1]",6
fold_1/sample_994/image.png,"[0 0 0 0 0 0 0 0 0 0 0 0 0 0 0 0 0 0 0 0 0 0 0 0 0 0 0 0 0 0 0 0 0 0 0 0 0
 0 0 0 0 0]",6
fold_1/sample_995/image.png,[2 2 2 2 2 2 2 2 2],6
fold_1/sample_996/image.png,[],6
fold_1/sample_997/image.png,[2],6
fold_1/sample_998/image.png,[],6
fold_1/sample_999/image.png,[2 2 2],6
fold_1/sample_1000/image.png,[2 2],6
fold_1/sample_1001/image.png,[2 2 2 2 2 2 2],6
fold_1/sample_1002/image.png,[2 2 2 2 2],6
fold_1/sample_1003/image.png,[2 2 2 2 2 2],6
fold_1/sample_1004/image.png,[2 2 2 2 2],6
fold_1/sample_1005/image.png,[2 2 2 2 2],6
fold_1/sample_1006/image.png,[2 2 2 2 2 2 2],6
fold_1/sample_1007/image.png,[2 2 2 2 2],6
fold_1/sample_1008/image.png,[2 2 2 2 2 2 2 2 2 2 2 2 2 2 2 2 2],6
fold_1/sample_1009/image.png,[2 2 2 2 2 2 2 2 2 2 2 2],6
fold_1/sample_1010/image.png,[2 2 2 2 2 2 2 2 2 2 2 2 2 2 2],6
fold_1/sample_1011/image.png,[2 2 2 2 2 2],6
fold_1/sample_1012/image.png,[2 2 2 2 2 2 2 2 2 2],6
fold_1/sample_1013/image.png,[2],6
fold_1/sample_1014/image.png,[2 2 2 2 2 2 2 2 2 2 2 2],6
fold_1/sample_1015/image.png,[2 2],6
fold_1/sample_1016/image.png,[2 2 2 2 2 2 2 2],6
fold_1/sample_1017/image.png,[1 2 2 2 2 2 2 2 2 2],6
fold_1/sample_1018/image.png,"[0 0 0 0 0 0 0 0 0 0 0 0 0 0 0 0 0 1 1 1 1 1 1 1 1 1 1 1 1 1 1 1 1 1 1 1 1
 1 1 1 1 1 1 1 2 2 2]",12
fold_1/sample_1019/image.png,"[0 0 0 0 0 0 0 0 0 0 0 0 0 0 0 0 0 0 0 0 1 1 1 1 1 1 1 1 1 1 1 1 1 1 1 1 1
 1 1 1 1 1 1 1 1 1 1 1 1 1 1 1 1 1 1]",12
fold_1/sample_1020/image.png,"[0 0 0 0 0 0 0 0 0 0 0 0 0 0 0 0 0 1 1 1 1 1 1 1 1 1 1 1 1 1 1 1 1 1 1 1 1
 1 1 1 1 1 1 1 1 1 1 1 1 1 1 1 1 1 1 1 1 1 1 2]",12
fold_1/sample_1021/image.png,"[0 0 0 0 0 0 0 0 0 0 0 0 0 0 0 0 0 0 0 0 0 0 0 0 0 0 1 1 1 1 1 1 1 1 1 1 1
 1 1 1 1 1 1 1 1 1 1 1 1 1 1 1 1 1 1 1 1 1 2 2 2 2 2 2 2]",12
fold_1/sample_1022/image.png,"[0 0 0 0 0 0 0 0 0 0 0 0 0 0 0 0 0 0 0 0 0 0 1 1 1 1 1 1 1 1 1 1 1 1 1 1 1
 1 1 1]",12
fold_1/sample_1023/image.png,"[0 0 0 0 0 0 0 0 0 0 0 0 0 0 0 0 0 0 0 0 1 1 1 1 1 1 1 1 1 1 1 1 1 1 1 1 1
 1 1 1 1 1 1 1 1 1 1 1 1 1 1 1 1 2 2 2 2]",12
fold_1/sample_1024/image.png,"[0 0 0 0 0 0 0 0 0 0 0 0 0 0 0 0 0 0 0 0 0 0 0 0 0 0 0 0 0 1 1 1 1 1 1 1 1
 1 1 1 1 1 1 1 1 1 1 1 1 1 1 1 1 1 1 1 2 2 2 2]",12
fold_1/sample_1025/image.png,"[0 0 0 0 0 0 0 0 0 0 3 3 3 3 3 3 3 3 3 3 3 3 3 3 3 3 3 3 3 3 3 3 3 3 3 3 3
 3]",10
fold_1/sample_1026/image.png,"[0 0 0 0 0 0 0 0 0 0 0 0 0 0 0 0 0 0 0 0 0 0 0 0 0 0 0 0 0 0 0 0 0 0 0 2 2
 2 2 2 2 3 3 3 3 3 3 3 3 3 3 3 3 3 3 3 3 3 3 3 3 3 3 3 3 3 3 3 3 3 3 3 3 3
 3]",10
fold_1/sample_1027/image.png,"[0 0 0 0 0 0 0 0 0 0 0 0 0 0 0 0 0 0 0 0 0 0 0 0 0 0 0 0 2 2 2 2 2 2 3 3 3
 3 3 3 3 3 3 3 3 3 3 3 3 3 3 3 3 3 3 3 3 3 3 3 3 3 3 3 3 3 3 3]",10
fold_1/sample_1028/image.png,"[0 0 0 0 0 0 0 0 0 0 0 0 0 0 0 2 2 2 2 2 2 2 2 2 3 3 3 3 3 3 3 3 3 3 3 3 3
 3 3 3 3 3 3 3 3 3 3 3 3]",10
fold_1/sample_1029/image.png,"[0 0 0 0 0 0 0 0 0 0 0 0 0 0 0 0 0 0 0 0 0 0 0 0 0 0 0 0 0 0 0 0 0 0 0 2 2
 2 2 2 2 3 3 3 3 3 3 3 3 3 3 3 3 3 3 3 3 3 3 3 3 3 3 3 3 3 3 3 3 3 3 3 3 3
 3 3 3 3 3 3 3 3 3 3 3 3 3 3 3 3 3]",10
fold_1/sample_1030/image.png,"[0 0 0 0 0 0 0 0 0 0 0 0 0 0 0 0 0 0 2 2 2 2 2 2 2 2 2 2 2 2 2 2 2 2 2 3 3
 3 3 3 3 3 3 3 3 3 3 3 3 3 3 3 3 3 3 3 3 3 3 3 3 3 3 3 3 3 3 3 3 3 3 3 3 3
 3 3 3 3 3 3 3 3]",10
fold_1/sample_1031/image.png,"[0 0 0 0 0 0 0 0 0 0 0 0 0 0 0 0 0 0 0 0 0 0 0 0 0 0 0 0 0 0 0 0 0 0 0 0 0
 0 0 2 2 2 2 2 3 3 3 3 3 3 3 3 3 3 3 3 3 3 3 3 3 3 3 3 3 3 3 3 3]",10
fold_1/sample_1032/image.png,"[0 0 0 0 0 0 0 0 0 0 0 0 0 0 0 2 2 2 2 2 2 2 2 2 2 2 3 3 3 3 3 3 3 3 3 3 3
 3 3 3 3]",10
fold_1/sample_1033/image.png,"[3 3 3 3 3 3 3 3 3 3 3 3 3 3 3 3 3 3 3 3 3 3 3 3 3 3 3 3 3 3 3 3 3 3 3 3 3
 3 3 3 3 3 3 3 3 3 3 3 3 3 3 3 3 3 3]",10
fold_1/sample_1034/image.png,"[0 0 0 2 2 2 2 3 3 3 3 3 3 3 3 3 3 3 3 3 3 3 3 3 3 3 3 3 3 3 3 3 3 3 3 3 3
 3 3 3 3 3 3 3 3 3 3 3 3 3 3 3 3 3 3 3 3 3 3 3 3 3 3 3 3]",10
fold_1/sample_1035/image.png,"[0 0 0 0 0 0 0 0 0 0 0 0 0 0 0 0 0 0 0 0 0 1 1 1 1 1 2 2 2 2 2 2 2 2 2 2 2
 3 3 3 3 3 3 3 3 3 3 3 3 3 3 3 3 3 3 3 3 3 3 3 3 3 3 3 3 3 3 3 3 3 3 3 3 3
 3 3 3 3 3 3 3 3 3]",10
fold_1/sample_1036/image.png,"[0 0 0 0 0 0 0 0 0 0 0 0 0 0 0 2 2 2 2 2 2 2 2 2 2 2 2 2 2 2 2 2 2 2 3 3 3
 3 3 3 3 3 3 3 3 3 3 3 3 3 3 3 3 3 3 3 3 3 3 3 3 3 3 3 3 3 3 3 3]",10
fold_1/sample_1037/image.png,"[0 0 0 0 0 0 0 0 0 0 0 0 0 0 0 0 0 0 0 0 0 0 0 0 0 0 0 0 0 0 0 0 0 2 2 2 2
 2 2 2 2 2 2 2 2 2 2 2 2 2 2 2 2 2 2 2 3 3 3 3 3 3 3 3 3 3 3 3 3 3 3 3 3 3
 3 3 3 3 3 3 3 3 3 3]",10
fold_1/sample_1038/image.png,"[0 0 0 0 0 0 0 0 0 0 0 0 0 0 0 0 0 0 0 0 0 0 0 0 0 0 0 0 0 0 0 0 0 0 0 0 0
 0 0 0 0 0 0 0 0 0 0 0 0 0 0 0 0 0 0 0 0 2 2 2 3 3 3 3 3 3 3 3 3 3 3 3 3 3
 3 3 3 3 3 3 3]",10
fold_1/sample_1039/image.png,"[2 3 3 3 3 3 3 3 3 3 3 3 3 3 3 3 3 3 3 3 3 3 3 3 3 3 3 3 3 3 3 3 3 3 3 3 3
 3 3 3 3 3 3 3 3 3 3 3 3]",10
fold_1/sample_1040/image.png,"[0 0 0 0 0 0 0 0 0 0 0 0 0 0 0 0 0 0 0 0 0 0 0 0 0 0 0 0 0 0 0 0 0 2 3 3 3
 3 3 3 3 3 3 3 3 3 3 3 3 3 3 3 3 3 3 3 3 3 3 3 3 3 3 3 3 3 3 3]",10
fold_1/sample_1041/image.png,"[3 3 3 3 3 3 3 3 3 3 3 3 3 3 3 3 3 3 3 3 3 3 3 3 3 3 3 3 3 3 3 3 3 3 3 3 3
 3 3 3 3 3 3 3 3 3 3 3 3 3 3 3 3]",10
fold_1/sample_1042/image.png,[0 0 0 0 0 0 0 0 0 2 2 2 2 2 2 2 2 2 2 2 2],10
fold_1/sample_1043/image.png,[0 0 0 0 0 2 2 2 2 2 2 2 2 2 2 2 2 2 2 2 2 2],10
fold_1/sample_1044/image.png,[0 0 0 2 2 2 2 2 2 2 2 2 2 2 2 2 2 2],10
fold_1/sample_1045/image.png,[0 0 0 0 0 0 0 0 0 0 0 0 0 0 0 0 0 0 0 0 0 0 2 2 2 2 2],10
fold_1/sample_1046/image.png,[0 0 0 0 0 0 0 0 0 0 0 0 0 0 0 0 0 0 0 0 0 0 0 0],10
fold_1/sample_1047/image.png,[0 1 2 2 2 2 2 2 2 2 2 2 2 2 2 2 2 2 2],10
fold_1/sample_1048/image.png,[0 0 0 0 0 0 0 0 0 0 0 0 2 2 2 2 2 2 2 2 2],10
fold_1/sample_1049/image.png,[0 0 0 0 0 0 0 0 0 0 0 0 0 0 0 0 0 0 0 0 0 0 0 0 2],10
fold_1/sample_1050/image.png,[0 0 0 0 0 0 0 0 0 0 0 0 0 0 0 0 0 0 0 0 0 0 0 0 0 0 0 0],10
fold_1/sample_1051/image.png,[0 0 0 0 0 2 2 2 2 2 2 2 2 2 2 2 2 2 2 2 2],10
fold_1/sample_1052/image.png,[0 0 0 0 0 0 0 2 2 2 2 2 2 2 2 2 2 2 2 2 2 2 2 2],10
fold_1/sample_1053/image.png,[2 2 2 2 2 2 2 2],10
fold_1/sample_1054/image.png,[0 0 0 0 0 0 0 0 0 0 0 0 0 0 0 0 0 0 0 0 0 2 2 2 2],10
fold_1/sample_1055/image.png,[0 0 2 2 2 2 2 2 2 2 2 2 2 2 2 2 2 2 2 2 2 2 2 2 2 2 2],10
fold_1/sample_1056/image.png,[0 0 0 0 0 0 0 0 0 0 0 0 0 0 0 0 0 0 2 2 2 2 2 2 2 2 2 2 2 2],10
fold_1/sample_1057/image.png,[0 0 0 0 0 0 0 0 0 0 0 0 0 0 0 0 0 0 0 0 0 0 0 0 0 0 0 0 0 0 2],10
fold_1/sample_1058/image.png,[0 0 0 0 0 0 0 0 0 2 2 2 2 2 2 2 2 2 2 2 2 2 2 2 2 2 2 2],10
fold_1/sample_1059/image.png,[0 0 0 0 0 0 0 0 0 0 0 0 0 2 2 2 2 2 2 2 2 2 2 2 2 2 2 2 2 2 2 2],10
fold_1/sample_1060/image.png,[0 0 0 0 0 0 0 0 0 0 0 0 0 0 0 0 0 0 0 0 0 0 0 0 0 0 0 0 0 0 0 0 0 0],10
fold_1/sample_1061/image.png,"[1 1 1 1 1 1 1 1 1 1 1 1 1 1 1 1 1 1 1 1 1 1 1 1 1 1 1 1 1 1 1 1 1 1 1 1 1
 1 1 1 1 1 1 1 1 1 1 1 1 1 1 1 1 1 1 1 1 1 1 1 1 1 1 1 1 1 1 1 1 1 1 1 1 1
 2 2 2 2 2 2 2 2 2 2 2 2 2 2 2 2 2 2 2 2 2 2 2 2 2 2 2 2 2 2 2 2 2 2 2 2 2
 2 2 2 2 2 2 2 2 2 2 2 2 2 2 2 2 2 2 2 2 2 2 2 2 2 2 2 2 2 2 2 2 2 2 2 2 2
 2 2 2 2 2 2 2 2 2 2 2 2 2 2 2 2 2 2 2 2 2 2 2 2 2 2 2 2 2 2]",18
fold_1/sample_1062/image.png,"[1 1 1 1 1 1 1 1 1 1 1 1 1 1 1 1 1 1 1 1 1 1 1 1 1 1 1 1 1 1 1 1 1 1 1 1 1
 1 1 1 1 1 1 1 1 1 1 1 1 1 1 1 1 1 1 1 1 1 1 1 1 1 1 1 1 1 1 1 1 1 1 1 1 1
 1 1 1 1 1 1 1 1 1 1 1 1 1 1 1 1 1 1 1 1 1 1 1 1 1 1 1 1 1 1 1 1 1 1 1 1 1
 1 1 2 2 2 2 2 2 2 2 2 2 2 2 2 2 2 2 2 2 2 2 2 2 2 2 2 2 2 2 2 2 2 2 2 2 2
 2 2 2 2 2 2 2 2 2 2 2 2 2 2 2 2 2 2 2 2 2 2 2 2 2 4 4 4 4 4 4 4 4 4 4 4 4
 4 4 4 4 4 4 4 4 4 4 4]",18
fold_1/sample_1063/image.png,"[1 1 1 1 1 1 1 1 1 1 1 1 1 1 1 1 1 1 1 1 1 1 1 1 1 1 1 1 1 1 1 1 1 1 1 1 1
 1 1 1 1 1 1 1 1 1 1 1 1 1 1 1 1 1 1 1 1 1 1 1 1 1 1 1 1 1 1 1 1 1 1 1 1 1
 1 1 1 1 1 1 1 1 1 1 1 1 1 1 1 1 1 1 1 1 1 1 1 1 1 1 1 1 1 1 1 1 1 1 1 1 1
 1 1 1 1 1 1 1 1 1 1 1 1 1 1 1 1 1 1 1 1 1 1 1 1 1 1 1 1 1 1 1 1 1 1 1 1 1
 1 1 1 1 1 1 1 1 1 1 1 1 1 1 1 1 1 1 1 1 1 1 1 1 1 1 1 1 1 1 1 1 1 1 1 1 1
 1 1 1 1 1 1 1 1 2 2 2 2 2 2 2 2 2 2 2 2 2 2 2 2 2 2 2 2 2 2 2 2 2 2 2 2 2
 2 2 2 2 2 2 2 2 2 2 2 2 2 2 2 2 2 2 2 2 2 2 2 2 2 2 2 2 2 2 2 2 2 2 2 2 2
 2 2 2 2 2 2 2 2 2 4 4 4 4 4 4 4 4]",18
fold_1/sample_1064/image.png,[0 0 0 0 0 0 0 0 0 0 0 0 0 0 0 0 0 0],17
fold_1/sample_1065/image.png,[0 0 0 0 0 0 0 0 0 0 0 1 2 2 2 2],17
fold_1/sample_1066/image.png,[0 0 0 0 1 1 1 2 2 2 2],17
fold_1/sample_1067/image.png,[2 2 2 2 2 2],17
fold_1/sample_1068/image.png,[1 1 1 2 2 2 2 2 2 2 2 2],17
fold_1/sample_1069/image.png,[1 1 1 1 1 1 1 2 2 2 2 2 2 2 2 2 2 2 2 2 2 2 2],17
fold_1/sample_1070/image.png,[0 0 0 1 1 1 1 1 1 1 1 1 2 2 2 2 2 2 2 2 2 2 2 2 2 2 2 2],17
fold_1/sample_1071/image.png,[0 0 0 0 0 0 0 0 0 1 1 2 2 2 2 2 2 2],17
fold_1/sample_1072/image.png,[1 1 1 1 1 1 1 1 1 1 1 1 2 2 2 2 2 2 2 2 2],17
fold_1/sample_1073/image.png,[1 1 1 1 1 1 1 1 1 1 1 1 1 1 1 2 2 2 2 2 2 2 2 2 2 2 2],17
fold_1/sample_1074/image.png,[0 0 0 0 0 0 0 0 0 0 0 0 0 2 2 2 2 2 2],17
fold_1/sample_1075/image.png,[0 1 1 1 1 1 2 2 2 2 2 2 2 2 2 2 2 2 2 2 2 2 2 2 2 2],17
fold_1/sample_1076/image.png,[0 1 1 1 1 1 1 1 2 2 2 2 2 2 2 2 2 2 2 2 2 2 2 2],17
fold_1/sample_1077/image.png,[1 1 1 1 1 1 2 2 2 2 2 2 2 2 2 2 2 2 2 2 2 2 2],17
fold_1/sample_1078/image.png,[0 0 0 0 0 0 0 0 0 0 0 0 0 0 0 0 1 2 2 2 2 2 2],17
fold_1/sample_1079/image.png,[1 1 1 1 1 1 2 2 2 2 2 2 2 2 2 2 2 2],17
fold_1/sample_1080/image.png,[0 0 0 0 0 0 0 1 1 1 2 2 2 2 2 2],17
fold_1/sample_1081/image.png,[0 0 0 0 0 0 0 0 0 0 0 0 0 0 0 0 0 2 2 2 2],17
fold_1/sample_1082/image.png,[0 0 0 0 0 0 0 0 0 0 0 1 2],17
fold_1/sample_1083/image.png,[1 1 1 1 2 2 2 2 2 2 2 2 2 2 2 2],17
fold_1/sample_1084/image.png,[2 2 2 2 2 2 2 2 2 2 2],17
fold_1/sample_1085/image.png,[0 0 0 0 0 0 0 0 0 0 0 0 0 0 2 2],14
fold_1/sample_1086/image.png,"[1 1 1 1 1 1 1 1 1 1 1 1 1 1 1 1 1 1 1 1 1 1 1 1 1 1 1 1 1 1 1 1 1 1 1 1 1
 1 1 1 1 1 1 1 1 1 1 1 1 1 1 1 1 1 1 1 1 1 1 1 1 1 1 1 1 1 1 1 1 1 1 1 1 1
 1 1 1 1 1 1 1 1 1 1 1 1 1 1 1 1 1 1 1 2 2]",14
fold_1/sample_1087/image.png,"[1 1 1 1 1 1 1 1 1 1 1 1 1 1 1 1 1 1 1 1 1 1 1 1 1 1 1 1 1 1 1 1 1 1 1 1 1
 1 1 1 1 1 1 1 1 1 1 1 1 1 1 1 1 1 1 1 1 1 1 1 1 1 1 2 2 2]",14
fold_1/sample_1088/image.png,[2 2 2 2 2 4 4 4 4 4 4 4 4 4 4 4 4 4 4 4 4 4 4 4 4 4 4 4 4 4 4 4],14
fold_1/sample_1089/image.png,[2 2 4 4 4 4 4 4 4 4 4 4 4 4 4 4 4 4 4 4 4 4 4 4 4 4 4 4 4 4 4 4 4 4 4 4],14
fold_1/sample_1090/image.png,"[2 2 2 4 4 4 4 4 4 4 4 4 4 4 4 4 4 4 4 4 4 4 4 4 4 4 4 4 4 4 4 4 4 4 4 4 4
 4 4 4]",14
fold_1/sample_1091/image.png,[4 4 4 4],4
fold_1/sample_1092/image.png,[4 4 4 4 4 4 4 4],4
fold_1/sample_1093/image.png,[4 4 4 4 4 4 4 4 4 4 4 4 4 4],4
fold_1/sample_1094/image.png,[4 4],4
fold_1/sample_1095/image.png,"[1 1 2 2 2 2 2 2 2 2 2 2 2 2 2 4 4 4 4 4 4 4 4 4 4 4 4 4 4 4 4 4 4 4 4 4 4
 4 4]",4
fold_1/sample_1096/image.png,"[1 1 1 1 2 2 2 2 2 2 2 2 2 2 2 2 2 2 2 2 2 2 2 2 2 2 2 2 2 2 2 2 2 2 2 2 2
 2 2 2 4 4 4 4 4 4 4 4 4 4]",4
fold_1/sample_1097/image.png,[2 2 2 2 2],17
fold_1/sample_1098/image.png,[2 2 2 2 2],17
fold_1/sample_1099/image.png,[0 2 2 2 2 2 2 2 2 2 2 2 2 2 2 2 2 2 2 2 2 2 2 2 2 2],17
fold_1/sample_1100/image.png,[2 2 2],17
fold_1/sample_1101/image.png,[1 1 1 2 2 2 2 2],17
fold_1/sample_1102/image.png,[0 0 0 1 1 1 1 2 2 2 2 2],17
fold_1/sample_1103/image.png,"[0 0 0 0 0 0 0 0 0 0 0 0 0 0 1 1 2 2 2 2 2 2 2 2 2 2 2 2 2 2 2 2 2 2 2 2 2
 2 2]",17
fold_1/sample_1104/image.png,[2 2 2 2],17
fold_1/sample_1105/image.png,[2 2 2 2 2 2 2 2 2],17
fold_1/sample_1106/image.png,[1 2 2 2 2],17
fold_1/sample_1107/image.png,[0 0 0 0 0 0 0],17
fold_1/sample_1108/image.png,[0 0 0 0 0 0 0 0 0 0 0 0 0 0 0 0 0 0 0 0 1 2],17
fold_1/sample_1109/image.png,[1 2 2 2 2],17
fold_1/sample_1110/image.png,[1 2 2],17
fold_1/sample_1111/image.png,[0 0 0 0 0 0 0 0 0 0 0 0 0 0 0 0 0 0 1 1 1 2 2 2 2 2 2 2 2 2],17
fold_1/sample_1112/image.png,[0 0 0 0 0 0 0 0 0 0 0 0 0 0 0 0 0 0 0 0 0 0 0 0 0 2 2 2 2 2 2 2],17
fold_1/sample_1113/image.png,[0 0 0 0 0 0 0 0 0 0 0 0 0 0 0 0 0 0 0 1 1 2 2],17
fold_1/sample_1114/image.png,[0 0 0 0 0 0 0 0 0 0 0 0 0 0 2 2 2 2 2 2 2 2 2],17
fold_1/sample_1115/image.png,[2 2 2 2 2 2 2 2 2],6
fold_1/sample_1116/image.png,[2 2 2 2 2 2 2 2 2],6
fold_1/sample_1117/image.png,[1 2 2 2 2 2 2 2],6
fold_1/sample_1118/image.png,[2 2 2 2 2 2 2 2 2 2 2 2],6
fold_1/sample_1119/image.png,[2 2 2 2 2 2 2 2 2 2 2 2 2],6
fold_1/sample_1120/image.png,[2 2 2 2],6
fold_1/sample_1121/image.png,[2 2 2 2 2 2 2 2],6
fold_1/sample_1122/image.png,[2 2 2 2],6
fold_1/sample_1123/image.png,[2 2 2 2 2],6
fold_1/sample_1124/image.png,[2 2 2],6
fold_1/sample_1125/image.png,[2 2 2 2 2 2 2 2 2 2 2 2],6
fold_1/sample_1126/image.png,[2 2 2 2 2 2 2 2 2 2 2],6
fold_1/sample_1127/image.png,[2 2 2 2 2 2 2 2 2 2 2 2 2 2 2 2 2 2],6
fold_1/sample_1128/image.png,[2 2 2 2 2 2 2 2 2 2 2 2 2 2],6
fold_1/sample_1129/image.png,[2 2 2 2 2 2 2 2 2 2 2 2 2 2 2 2],6
fold_1/sample_1130/image.png,[2 2 2 2],6
fold_1/sample_1131/image.png,[2 2 2 2 2 2 2 2 2],6
fold_1/sample_1132/image.png,[2 2 2 2 2 2 2 2 2],6
fold_1/sample_1133/image.png,[0 0 0 0 0 0 0 0 0 0 0 0 0 0 0 0 0 0 0 0 0 2 2 2 2 2 2 2 2 2],6
fold_1/sample_1134/image.png,[0 0 0 0 0 0 0 0 0 0 0 0 0 0 0 0 0 0 0 0 0 0 0 0 0 0 0 0 0 0 0 0 0 0 0 0 0],6
fold_1/sample_1135/image.png,[0 0 0 0 0 0 0 0 0 0 0 0 0 0 0 0 0 0 0 0 0 0 0 0 0 0 2 2 2 2 2 2],6
fold_1/sample_1136/image.png,[0 0 0 0 0 0 0 0 0 0 0 0 0 0 0 0 0 0 0 0 0 0 0 0 0 0 0 0 0 0 0 0 0 0],6
fold_1/sample_1137/image.png,[0 0 0 0 0 0 0 0 0 0 0 0 0 0 0 0 0 0 0 0 0 0 0 0 0 0 0 0 0 0 0 0 2 2],6
fold_1/sample_1138/image.png,[0 0 0 0 0 0 0 0 0 0 0 0 0 0 0 0 0 0 0 0 0 0 0 0 0 0 0 0 0 0 0 0 0 0 0 2 2],6
fold_1/sample_1139/image.png,[0 0 0 0 0 0 0 0 0 0 0 0 0 0 0 0 0 0 0 0 0 0 0 0 0 0 0 0 0 0 0 0 0 2 2],6
fold_1/sample_1140/image.png,[0 0 0 0 0 0 0 0 0 0 0 0 0 0 0 0 0 2 2 2 2 2 2 2 2 2 2 2 2 2 2 2],6
fold_1/sample_1141/image.png,[0 0 0 0 0 0 0 0 0 0 0 0 0 0 0 0 0 0 0 0 0 0 0 0 0 0 0 0 2 2],6
fold_1/sample_1142/image.png,"[0 0 0 0 0 0 0 0 0 0 0 0 0 0 0 0 0 0 0 0 0 0 0 0 0 0 0 0 0 0 0 0 0 0 0 0 0
 0]",6
fold_1/sample_1143/image.png,"[0 0 0 0 0 0 0 0 0 2 2 2 2 2 2 2 2 2 2 2 2 2 2 2 2 2 2 2 2 2 2 2 2 2 2 2 2
 2 2 2 2]",6
fold_1/sample_1144/image.png,"[0 0 0 0 0 0 0 0 0 0 0 0 0 0 0 0 0 0 0 2 2 2 2 2 2 2 2 2 2 2 2 2 2 2 2 2 2
 2 2 2 2 2 2 2]",6
fold_1/sample_1145/image.png,"[0 0 0 0 0 0 0 0 0 0 0 0 0 0 0 0 0 0 0 0 0 0 0 0 0 0 0 0 0 2 2 2 2 2 2 2 2
 2 2]",6
fold_1/sample_1146/image.png,[0 0 0 0 0 0 0 0 0 0 0 0 0 0 0 0 0 0 0 0 0 2 2 2 2 2 2 2 2 2 2 2 2 2],6
fold_1/sample_1147/image.png,[],4
fold_1/sample_1148/image.png,[],4
fold_1/sample_1149/image.png,[],4
fold_1/sample_1150/image.png,[1 1 1],4
fold_1/sample_1151/image.png,[1 1 1 1 1],4
fold_1/sample_1152/image.png,[],4
fold_1/sample_1153/image.png,[1 1 1 1],4
fold_1/sample_1154/image.png,[1],4
fold_1/sample_1155/image.png,[],4
fold_1/sample_1156/image.png,[1 1 1 1 1],4
fold_1/sample_1157/image.png,[1 2],4
fold_1/sample_1158/image.png,[],4
fold_1/sample_1159/image.png,[1 1],4
fold_1/sample_1160/image.png,[],4
fold_1/sample_1161/image.png,[],4
fold_1/sample_1162/image.png,[1 1 1],4
fold_1/sample_1163/image.png,[1 1 1 1 1 1 1 2],4
fold_1/sample_1164/image.png,[],4
fold_1/sample_1165/image.png,[1],4
fold_1/sample_1166/image.png,[],4
fold_1/sample_1167/image.png,[1],4
fold_1/sample_1168/image.png,[1 1],4
fold_1/sample_1169/image.png,[1 1 1 1 1],4
fold_1/sample_1170/image.png,[1 1],4
fold_1/sample_1171/image.png,[0 0 0 0 0 0 0 0 0 0 0 0 0 0 0 0 0 0 0 0 0 0 0 0 0 0 1 2 2 2 2 2 2],0
fold_1/sample_1172/image.png,[0 0 0 0 0 0 0 0 0 0 0 0 0 0 0 0 0 0 0 2 2 2],0
fold_1/sample_1173/image.png,[0 0 0 0 0 0 0 0 0 0 0 0 0 0 0 0 0 0 0 2 2 2 2],0
fold_1/sample_1174/image.png,[0 0 0 0 0 0 0 0 0 0 0 0 0 0 0 0 0 0 0 0 0 0 1 1 2 2],0
fold_1/sample_1175/image.png,[0 0 0 0 0 0 0 0 0 0 0 0 0 0 0 0 0 0 0 0 0 0 0 0 0 0 1 2 2 2 2],0
fold_1/sample_1176/image.png,[0 0 0 0 0 0 0 0 0 0 0 0 0 0 0 0 0 0 0 0 0 0 0 0 1 2 2 2 2 2],0
fold_1/sample_1177/image.png,[0 0 0 0 0 0 0 0 0 0 0 0 0 0 0 0 0 0 0 2 2 2],0
fold_1/sample_1178/image.png,[0 0 0 0 0 0 0 0 0 0 0 0 0 0 0 2 2],0
fold_1/sample_1179/image.png,[0 0 0 0 0 0 0 0 0 0 0 0 0 0 0 0 0 0 0 0 0 0 0 0 0 0 1 2 2 2],0
fold_1/sample_1180/image.png,[0 0 0 0 0 0 0 0 0 0 0 0 0 0 0 0 0 0 0 0 1 1 2 2 2 2],0
fold_1/sample_1181/image.png,[0 0 0 0 0 0 0 0 0 0 0 0 0 0 0 0 0 0 0 0 0 2 2 2 2 2 2 2],0
fold_1/sample_1182/image.png,[0 0 0 0 0 0 0 0 0 0 0 0 0 0 0 0 0 0 0 0 1 2 2 2 2],0
fold_1/sample_1183/image.png,[0 0 0 0 0 0 0 0 0 0 0 0 0 0 0 0 0 1 2 2 2 2 2],0
fold_1/sample_1184/image.png,[0 0 0 0 0 0 0 0 0 0 0 0 0 0 0 0 0 0 0 0 0 1 2 2 2],0
fold_1/sample_1185/image.png,[0 0 0 0 0 0 0 0 0 0 0 0 0 0 0 0 2 2 2 2],0
fold_1/sample_1186/image.png,[0 2 2 2 2 2 2 2 2],0
fold_1/sample_1187/image.png,[0 0 0 0 0 0 0 0 0 0 0 0 0 0 0 0 1 2 2 2 2 2 2 2 2],0
fold_1/sample_1188/image.png,[0 0 0 0 0 0 0 0 0 0 2 2 2 2 2 2],0
fold_1/sample_1189/image.png,[2],0
fold_1/sample_1190/image.png,[2 2 2 2 2 2],0
fold_1/sample_1191/image.png,[0 0 0 0 0 0],0
fold_1/sample_1192/image.png,[0 0 0 0 0 0 0],0
fold_1/sample_1193/image.png,[0 0 0 0 0 0 0 0 0 0 0 2 2 2 2 2 2],0
fold_1/sample_1194/image.png,[0 0 0 0 0 0 0 0 0 0 0],0
fold_1/sample_1195/image.png,[0 0 0 0 0 0 0 0 0 0 0 2],0
fold_1/sample_1196/image.png,[0 0 0 0 0 0 0 0 0 0 0 0],0
fold_1/sample_1197/image.png,[0 0 0 0 0 0 0 0 0 0 0 0 0],0
fold_1/sample_1198/image.png,[0 0 0 0 0 0 0 0 0 0 0 0 0 0 0],0
fold_1/sample_1199/image.png,[0 0 0 0 0 0 0 0 0 0 0 0 0 0 0],0
fold_1/sample_1200/image.png,[0 0 0 0 0 0 0 0 0 0 0 0 2 2],0
fold_1/sample_1201/image.png,[0 0 0 0 0 0 0 0 0 1 2 2 2],0
fold_1/sample_1202/image.png,[0 0 0 0 0 0 0 0 0 0 0 0 0 0 0 0 2 2],0
fold_1/sample_1203/image.png,[0 0 0 0 0 0 0 0 0 2 2 2 2],0
fold_1/sample_1204/image.png,[0 0 0 0 0 0 2 2],0
fold_1/sample_1205/image.png,[0 0 0 0 0 0],0
fold_1/sample_1206/image.png,[0 0 0 0 0 0 0 0 0 0 0 0],0
fold_1/sample_1207/image.png,[0 0 0 0 0 0 0 0 0 0 1 1 1],0
fold_1/sample_1208/image.png,[0 0 0 0 0 0 0 0 0 0 0 0 2 2],0
fold_1/sample_1209/image.png,[0 0 0 0 0 0 0 0 0 0 0 0 0 0],0
fold_1/sample_1210/image.png,[0 0 0 0 0 0 0 0 0 0 0 0 0 0],0
fold_1/sample_1211/image.png,[0 0 0 0 0 0 0],0
fold_1/sample_1212/image.png,[0 0 0 0 0 0 0 0 0 0 2 2 2 2 2 2],0
fold_1/sample_1213/image.png,[0 0 0 0 0 0 2 2 2 2],0
fold_1/sample_1214/image.png,[0 0 0 0 0 0 2],0
fold_1/sample_1215/image.png,[0 0 0 0 0 0 0 0 2 2 2],0
fold_1/sample_1216/image.png,[0 0 0 0 0 0 2 2 2],0
fold_1/sample_1217/image.png,[0 0 0 0 0 0 0 0 0 0 1 1],0
fold_1/sample_1218/image.png,[0 0 0 0 0 0 0 0 0 0 0 0 0 0 0 0 0 0 0 2 2],0
fold_1/sample_1219/image.png,[0 0 0 0 0 0 0 0],6
fold_1/sample_1220/image.png,[0 0 0 0 0 0 0 0 0 0],6
fold_1/sample_1221/image.png,[0 0 0 0 0 0 0 0 0 2 2 2 2],6
fold_1/sample_1222/image.png,[0 0 0 0 0 0 0 0 0 0 0 0 0 0],6
fold_1/sample_1223/image.png,[0 0 0 0 0 0 0 0 0 0 0 0 0 0 0],6
fold_1/sample_1224/image.png,[0 0 0 0 0 0 0 0 0 0 0 0 0],6
fold_1/sample_1225/image.png,[0 0 0 0 0 0 0 0 0 0 2],6
fold_1/sample_1226/image.png,[0 0 0 0 0 0 0 0 0 0 0 2],6
fold_1/sample_1227/image.png,[0 0 0 0 0 0 0 0 0 0 0 0 0 0 0],6
fold_1/sample_1228/image.png,[0 0 0 0 0 0 0 0 0 0],6
fold_1/sample_1229/image.png,[0 0 0 0 0 0 0 0 0 0 0 2],6
fold_1/sample_1230/image.png,[0 0 0 0 0 0 0 0 0 0 0 0],6
fold_1/sample_1231/image.png,[0 0 0 0 0 0 0 0 0 0 0 0 0 0 0 1 2],6
fold_1/sample_1232/image.png,[0 0 0 0 0 0 0 0 0 0 0 0 0 0 0 0 0 0 0 0],6
fold_1/sample_1233/image.png,[0 0 0 0 0 0 1 1 2 2 2 2 2 2 2 2],6
fold_1/sample_1234/image.png,[0 0 0 0 0 0 0 0 0 0 0 0 0 0 1],6
fold_1/sample_1235/image.png,[0 0 0 0 0 0 0 0 0 2 2 2],6
fold_1/sample_1236/image.png,[0 0 0 0 0 0 0 0 0 0 0 0 0 2 2 2 2],6
fold_1/sample_1237/image.png,[0 0 2 2 2 2 2 2 2 2 2 2 2],6
fold_1/sample_1238/image.png,[2 4 4 4 4 4 4 4 4 4 4 4 4],6
fold_1/sample_1239/image.png,[2 2 2 2 4 4 4 4],6
fold_1/sample_1240/image.png,[1 1 1 1 2 2 2 4 4 4 4 4 4 4 4 4 4],6
fold_1/sample_1241/image.png,[4 4 4 4 4],6
fold_1/sample_1242/image.png,[4 4 4 4 4 4 4 4],6
fold_1/sample_1243/image.png,[1 1 1 1 2 2 2 2 2 2 4 4 4 4 4 4 4],6
fold_1/sample_1244/image.png,[1 4 4 4 4 4 4],6
fold_1/sample_1245/image.png,[1 1 1 1 1 1 2 2 2 2 2 2 2 2 2 2 2 2 2 2 4 4 4 4 4 4 4 4 4 4 4 4],6
fold_1/sample_1246/image.png,[2 2 2 2 2 2 2 2 2 2 2],6
fold_1/sample_1247/image.png,[2 2 2 2 2 2 2 2 2],6
fold_1/sample_1248/image.png,[0 0 0 0 2 2 2 2],6
fold_1/sample_1249/image.png,[0 0 0 0 0 0 0 0 0 0 0 0 0 2 2],6
fold_1/sample_1250/image.png,[0 0 0 0 0 0 0 0 0 0 0 0 0 0 0 2 2 2 2 2],6
fold_1/sample_1251/image.png,[2 2 2 2 2 2 2 2 2 2 2],6
fold_1/sample_1252/image.png,[0 0 0 0 0 0 0 0 0 0 0 0 0 0 0 0 0 0 0 0 0],6
fold_1/sample_1253/image.png,[0 0 0 0 0 0 0 0 0 0 0 2 2 2 2 2 2 2 2 2],6
fold_1/sample_1254/image.png,[0 0 2 2 2 2 2 2 2],6
fold_1/sample_1255/image.png,[0 0 0 0 0 0 0 0 0 0 0 0 0 0 0 0 0 0 0 0 0 0 0 0 0 1 2],6
fold_1/sample_1256/image.png,[2 2 2 2 2 2 2 2 2 2 2 2],6
fold_1/sample_1257/image.png,[0 0 2 2 2 2 2 2 2 2 2 2 2],6
fold_1/sample_1258/image.png,[0 0 0 0 0 0 0 0 0 0 0 0 0 0 0 0 0 0 0 0 0 1 2],6
fold_1/sample_1259/image.png,[0 0 0 0 0 0 0 0 0 0 0 0 0 0 0 0 0 0 2 2 2],6
fold_1/sample_1260/image.png,[0 0 0 2 2 2 2 2],6
fold_1/sample_1261/image.png,[0 0 0 0 0 0 0 0 0 0 0 0 0 0 2 2 2],6
fold_1/sample_1262/image.png,[0 0 0 0 0 0 0 0 0 0 0 2 2 2 2 2 2 2],6
fold_1/sample_1263/image.png,[2 2 2 2 2 2],6
fold_1/sample_1264/image.png,[4 4 4 4 4 4 4 4 4 4 4 4 4 4 4 4 4 4 4 4 4 4 4 4 4],0
fold_1/sample_1265/image.png,[1 2 2 4 4 4 4 4 4 4 4 4 4 4 4 4 4],0
fold_1/sample_1266/image.png,[2 4 4 4 4 4 4 4 4 4 4 4 4 4 4],0
fold_1/sample_1267/image.png,[1 2 2 2 4 4 4 4 4 4 4 4 4 4 4 4 4 4 4 4 4 4 4 4 4],0
fold_1/sample_1268/image.png,[0 2 2 4 4 4 4 4 4 4 4 4 4 4 4 4 4 4 4 4 4 4 4 4 4 4],0
fold_1/sample_1269/image.png,[2 2 2 4 4 4 4 4 4 4 4 4 4 4 4 4 4 4 4 4 4 4 4 4 4 4 4 4 4],0
fold_1/sample_1270/image.png,[2 2 4 4 4 4 4 4 4 4 4 4 4 4 4 4 4 4 4 4 4],0
fold_1/sample_1271/image.png,[2 2 2 4 4 4 4 4 4 4 4 4 4 4 4 4 4 4 4 4 4 4 4 4],0
fold_1/sample_1272/image.png,"[2 2 2 2 2 4 4 4 4 4 4 4 4 4 4 4 4 4 4 4 4 4 4 4 4 4 4 4 4 4 4 4 4 4 4 4 4
 4 4]",0
fold_1/sample_1273/image.png,[1 1 1 1 2 2 2 2 2 2 2 2 2 2 4 4 4 4 4 4 4 4 4 4 4 4 4 4 4 4 4],0
fold_1/sample_1274/image.png,[1 1 2 2 2 2 2 2 4 4 4 4 4 4 4 4 4 4 4 4 4 4 4 4 4 4 4 4 4 4 4],0
fold_1/sample_1275/image.png,[1 1 2 2 2 2 2 2 4 4 4 4 4 4 4 4 4 4 4 4 4 4 4 4 4 4 4 4 4 4 4],0
fold_1/sample_1276/image.png,"[1 2 2 2 4 4 4 4 4 4 4 4 4 4 4 4 4 4 4 4 4 4 4 4 4 4 4 4 4 4 4 4 4 4 4 4 4
 4 4 4 4]",0
fold_1/sample_1277/image.png,[1 2 2 2 2 2 4 4 4 4 4 4 4 4 4 4 4 4 4 4 4 4 4 4 4 4 4 4 4 4 4 4 4],0
fold_1/sample_1278/image.png,[1 1 1 1 2 2 2 2 2 2 2 2 2 2 4 4 4 4 4],0
fold_1/sample_1279/image.png,"[1 1 1 1 1 1 1 1 1 1 2 2 2 2 2 2 2 2 2 4 4 4 4 4 4 4 4 4 4 4 4 4 4 4 4 4 4
 4 4 4 4 4 4 4 4 4 4 4 4 4 4 4]",12
fold_1/sample_1280/image.png,"[1 1 1 1 1 1 1 1 1 1 1 1 1 1 1 1 1 1 1 1 1 2 2 2 2 2 2 2 2 2 2 2 2 2 2 2 2
 2 2 2 2 2 2 2 2 4 4 4 4 4 4 4 4 4 4 4 4 4 4]",12
fold_1/sample_1281/image.png,[2 2 2 2 2 2 2 2 2 2 2 2 2 2 2 2 2 2 2 2 2 2 2 2 2 2 2 2 2],12
fold_1/sample_1282/image.png,[2 2 2 2 2 2 2 2 2 2 2 2],12
fold_1/sample_1283/image.png,[2 2 2 2 2 2 2 2 2 2 2],12
fold_1/sample_1284/image.png,[1 1 1 1 1 1 1 2 2 2 2 2 2 2 2 2 2 2 2],12
fold_1/sample_1285/image.png,[1 2 2 2 2 2 2 2 2 2 2 2 2 2],12
fold_1/sample_1286/image.png,[1 1 1 1 1 1 2 2 2 2 2 2 2 2 2 2 2 2 2 2],12
fold_1/sample_1287/image.png,[1 1 1 1 2 2 2 2 2 2 2 2 2 2 2 2 2 2 2 2],12
fold_1/sample_1288/image.png,[2 2 2 2 2 2 2 2 2 2],12
fold_1/sample_1289/image.png,[2 2 2 2 2 2 2 2 2 2 2 2 2 2 2 2 2],12
fold_1/sample_1290/image.png,[0 1 2 2 2 2 2 2 2],12
fold_1/sample_1291/image.png,[0 0 0 0 0 0 0 0 0 0 0 0 0 0 0 0 0 0 0 0 0 0 0 0 0 0 0 0 0 2 2 2 2 2],12
fold_1/sample_1292/image.png,[0 0 0 0 0 0 2 2 2 2],12
fold_1/sample_1293/image.png,[1 2 2 2 2 2 2 2 2],12
fold_1/sample_1294/image.png,[0 0 0 0 0 0 0 0 0 0 0 0 0 0 0 0 1 2 2 2],12
fold_1/sample_1295/image.png,[1 2 2 2 2 2 2 2 2 2 2 2 2 2 2 2 2 2 2],12
fold_1/sample_1296/image.png,[1 2 2 2 2 2 2 2 2 2 2 2 2 2 2 2 2 2 2 2 2 2 2 2 2 2 2],12
fold_1/sample_1297/image.png,[0 0 0 0 0 0 0 0 0 0 0 0 0 0 0 0 0 2],12
fold_1/sample_1298/image.png,[1 2 2 2 2 2 2 2 2 2 2 2 2 2 2 2 2 2 2 2 2 2 2 2 2],12
fold_1/sample_1299/image.png,[1 2 2 2 2 2 2 2 2 2 2 2 2 2 2],12
fold_1/sample_1300/image.png,[0 0 0 0 0 0 0 0 0 0 0 0 0 0 0 0 0 0 0 0 0 0 0 0 0 0 0 0 0 0 0 0 1 2 2 2],12
fold_1/sample_1301/image.png,[0 0 0 0 0 0 0 0 0 0 0 0 0 0 0 0 0 0 0 0 0 1 2 2 2],12
fold_1/sample_1302/image.png,[0 0 0 0 0 0 0 0 0 0 0 0 1 1 2 2 2 2 2 2 2 2 2],12
fold_1/sample_1303/image.png,[0 0 0 0 0 0 0 0 0 0 0 1 2 2],0
fold_1/sample_1304/image.png,[2 2 2 2 2 2 2 2 2 2 2 2],0
fold_1/sample_1305/image.png,[0 0 0 0 0 0 0 0 0 0 0 0 1 1 1 1 1 1 1],0
fold_1/sample_1306/image.png,[0 0 0 0 0 0 0 0 0 0 0 0 0 1],0
fold_1/sample_1307/image.png,[0 1 2 2 2 2 2 2 2 2 2 2 2 2],0
fold_1/sample_1308/image.png,[0 0 0 0 0 0 0 0 0 0 2 2 2 2 2 2 2],0
fold_1/sample_1309/image.png,[0 0 0 0 0 0 0 0 0 0 0 0 0 0 0 0 0 0 0 1],0
fold_1/sample_1310/image.png,[0 0 0 0 0 0 0 0 0 2 2 2 2 2 2],0
fold_1/sample_1311/image.png,[0 0 0 0 0 2 2 2 2 2 2 2 2 2 2 2 2 2],0
fold_1/sample_1312/image.png,[0 0 0 0 0 0 0 0 0 2 2 2],0
fold_1/sample_1313/image.png,[0 0 0 0 0 0 0 0 0 0 0 0 0 1 1 2],0
fold_1/sample_1314/image.png,[0 0 0 0 0 0 0 0 0 0 0 0 0 0 0 0 2 2],0
fold_1/sample_1315/image.png,[0 0 0 0 0 0 0 0 0 0 0 0 0 2 2 2 2 2 2 2],0
fold_1/sample_1316/image.png,[0 0 0 0 0 0 0 0 0 0 0 0 0 2],0
fold_1/sample_1317/image.png,[0 0 0 0 0 0 0 0 0 0 0 0 0 0 0 0 0 1 1 2 2],0
fold_1/sample_1318/image.png,[0 0 0 0 0 0 0 0 0 0 0 0 0 1 2 2 2 2 2],0
fold_1/sample_1319/image.png,[0 0 0 0 0 0 0 0 0 0 0 0 0 0 1 1 1 1 1 1 1 1 2 2 2 2],4
fold_1/sample_1320/image.png,[0 0 0 0 0 0 0 0 0 0 0 0 0 0 0 0 0 0 0 0 0 1 2 2 2],4
fold_1/sample_1321/image.png,[0 0 0 0 0 0 0 0 0 0 0 0 0 0 0 0 0 0 0 1 1],4
fold_1/sample_1322/image.png,[0 0 0 0 0 0 0 0 0 0 0 0 0 0 0 0 0 0 0 0 0 0 0 0 1 1 1],4
fold_1/sample_1323/image.png,[0 0 0 0 0 0 0 0 0 0 0 0 0 0 0 0 0 0 1 1 1 1 1 2 2],4
fold_1/sample_1324/image.png,[0 0 0 0 0 0 0 0 0 0 0 0 0 0 0 0 1 1 1 1],4
fold_1/sample_1325/image.png,[0 0 0 0 0 0 0 0 0 0 0 0 0 1 1 1 1 1],4
fold_1/sample_1326/image.png,[0 0 0 0 0 0 0 0 0 0 0 0 0 0 1 1 1 2 2 2],4
fold_1/sample_1327/image.png,[0 0 0 0 0 0 0 0 0 0 0 0 0 0 0 0 0 0 1 1 1],4
fold_1/sample_1328/image.png,[0 0 0 0 0 0 0 0 0 0 0 0 0 0 0 0 0 0 1 1 1 1 1 1 1],4
fold_1/sample_1329/image.png,[0 0 0 0 0 0 0 0 0 0 0 0 0 0 0 0 1 1 1 1 2 2],4
fold_1/sample_1330/image.png,[0 0 0 0 0 0 0 1 1 1 1 1 1 1 1 1 2 2 2 2],4
fold_1/sample_1331/image.png,[0 0 0 0 0 0 0 0 0 0 0 0 0 0 0 0 0 0 0 0 0 1 1 1 1 1 1 1 1 1],4
fold_1/sample_1332/image.png,[0 0 0 0 0 0 0 0 0 0 0 0 0 0 0 0 0 0 0 0 0 0 1 1 1 1],4
fold_1/sample_1333/image.png,[0 0 0 0 0 0 0 0 0 0 0 1 1 1 1 1 1 1 2 2],4
fold_1/sample_1334/image.png,[0 0 0 0 0 0 0 0 0 0 0 0 0 0 0 0 0 0 1 1 1 1 1 2 2 2 2 2 2],4
fold_1/sample_1335/image.png,[0 0 0 0 0 0 0 0 0 0 0 0 0 0 0 0 0 0 1 1 1 1 1 1],4
fold_1/sample_1336/image.png,[0 0 0 0 0 0 0 0 0 0 0 0 0 0 0 1 1 1],4
fold_1/sample_1337/image.png,[0 0 0 0 1 1 1 1 1 1 1 1 1 1 1 1 1 2 2 2 2 2 2 2 2 2 2 2 2 2 2],4
fold_1/sample_1338/image.png,[0 0 0 0 0 0 0 0 0 0 0 0 0 0 0 0 0 0 0 0 0 0 1 1 1 1 1],4
fold_1/sample_1339/image.png,[0 0 0 0 0 0 0 0 0 0 0 0 0 0 0 0 0 0 0 0 1 1 1 1 1 1 1 1 1 1 2],4
fold_1/sample_1340/image.png,[0 0 0 0 0 0 0 0 1 1 1 1 1 1 1 1 1 2 2 2 2 2 2 2 2 2 2 2],4
fold_1/sample_1341/image.png,[0 0 0 0 0 0 0 0 0 0 0 0 0 0 0 0 0 0 1 1 1 1 2 2 2],4
fold_1/sample_1342/image.png,[0 0 0 0 0 0 0 0 0 0 0 0 0 0 0 0 0 0 0 0 0 0 1 1 1 1 1 1 1 1 1 2 2 2 2 2 2],4
fold_1/sample_1343/image.png,[0 0 0 0 0 0 0 0 0 0 0 0 0 0 0 0 0 0 0 1 1 1 2 2 2 2],4
fold_1/sample_1344/image.png,[0 0 0 0 0 0 0 0 0 0 0 0 0 0 0 0 0 0 0 0 0 0 0 0 0 0 0 0 0 0 0 0 1 2 3],4
fold_1/sample_1345/image.png,"[0 0 0 0 0 0 0 0 0 0 0 0 0 0 0 0 0 0 0 0 0 0 0 0 0 0 0 0 0 0 0 0 0 0 0 0 0
 0 0 0 0 0 0 0 0 0 0 0 0 0 0 0]",4
fold_1/sample_1346/image.png,[1 1 1 1 1 1],4
fold_1/sample_1347/image.png,[0 0 0 0 0 0 0 0 0 0 0 0 0 0 0 0 0 1 1 1 1 1 1 1 1 1 2 2],4
fold_1/sample_1348/image.png,"[0 0 0 0 0 0 0 0 0 0 0 0 0 0 0 0 0 0 0 0 0 0 0 0 0 0 0 0 0 0 0 0 0 0 0 0 0
 0 0 0 0 0 0 0 0 0 0 0 0 0 0 0 0 0 0 0 0 0 0 0 0]",4
fold_1/sample_1349/image.png,"[0 0 0 0 0 0 0 0 0 0 0 0 0 0 0 0 0 0 0 0 0 0 0 0 0 0 0 0 0 0 0 0 0 0 0 0 0
 0 0 3 3 3 3 3 3 3]",4
fold_1/sample_1350/image.png,[1 1 1 1 1 1 1 1 1 1 1 1 1 1 2 2 2],4
fold_1/sample_1351/image.png,"[0 0 0 0 0 0 0 0 0 0 0 0 0 0 0 0 0 0 0 0 0 0 0 0 0 0 0 0 0 0 0 0 0 0 0 0 0
 0 0 0 0 0 0 0 0 0 0 0 1]",4
fold_1/sample_1352/image.png,"[0 0 0 0 0 0 0 0 0 0 0 0 0 0 0 0 0 0 0 0 0 0 0 0 0 0 0 0 0 0 0 0 0 0 0 0 0
 0 0 0 0 0 0 0 0 0 0 0 0 0 0 0 0 0 0 0 0 0 0 0 0 0 0 0 0 0 0 0 0 0 0 0 0 0]",4
fold_1/sample_1353/image.png,[1 1 1 1 1 1 1 1 1 1 1 1 1 1 1 2 2 2 2 2],4
fold_1/sample_1354/image.png,[1 1 1 1 1 1 1 1 1 1 1 1 1 1 1 1 1 2 2 2],4
fold_1/sample_1355/image.png,[1 1 1 1 1 1 1 1 1 2 2 2],4
fold_1/sample_1356/image.png,"[1 1 1 1 1 1 1 1 1 1 1 1 1 1 1 1 1 1 1 1 1 1 1 1 1 1 1 1 1 1 1 1 1 1 1 2 2
 2 2]",4
fold_1/sample_1357/image.png,[1 1 1 1 1 1 1 1 1 1 1 1 1 1 1 1 1 1 1 1 1 1 1 1 1 1 1],4
fold_1/sample_1358/image.png,[1 1 1 1 1 1 1 1 1 1 1 1 1 1 1 1 1 1 1 1 1 1 1 2 2 2 2],4
fold_1/sample_1359/image.png,[0 1 1 1 1 1 1 1 1 1 1 2 2 2],4
fold_1/sample_1360/image.png,[0 0 0 0 0 0 0 0 0 0 0 0 0 0 0 0 0 0 0 0 0 0 0 0 1 1 1 1 1 1 1 1 2 2],4
fold_1/sample_1361/image.png,[1 1 1 1 1 1 1 1 1 1 1 1 1 2 2 2 2 2 2 2],4
fold_1/sample_1362/image.png,[1 1 1 1 1 1 1 1 1 1 1 1 1 1 1 1 2 2 2 2 2 2 2],4
fold_1/sample_1363/image.png,[1 1 1 1 1 1 1 1 1 1 2 2 2 2],4
fold_1/sample_1364/image.png,[1 1 1 1 1 1 1 1 1 1 1 1 1 2 2 2 2],4
fold_1/sample_1365/image.png,[1 1 1 1 1 1 1 1 1 1 2 2 2 2 2 2 2],4
fold_1/sample_1366/image.png,[1 1 1 1 1 1 1 1 1 2 2 2 2 2],4
fold_1/sample_1367/image.png,[1 1 1 1 1 1 1 1 1 1 1 1 1 1 1 1 1 1 1 2 2 2 2 2 2],4
fold_1/sample_1368/image.png,[1 1 1 1 1 1 1 1 1 1 1 1 1 1 1 1 1 1 1 2 2],4
fold_1/sample_1369/image.png,[0 0 0 0 0 0 0 0 0 0 0 0 0 0 1 1 1 1 1 1 1 1 1 1 1 1 1 1 2 2 2],4
fold_1/sample_1370/image.png,[0 0 0 0 0 1 2 2 2 2 2 2 2],1
fold_1/sample_1371/image.png,[1 1 2 2 2 2 2 2 2 2 2],1
fold_1/sample_1372/image.png,[0 0 0 0 0 0 0 0 0 0 0 0 0 0 0 1 2 2],1
fold_1/sample_1373/image.png,[0 0 0 2 2 2 2 2 2 2 2 2 2],1
fold_1/sample_1374/image.png,[0 0 0 0 0 0 0 0 0 0 0 0 0 0 0 0 0 0 0 0 0 0 1 1 2 2 2 2 2],1
fold_1/sample_1375/image.png,[0 0 0 0 0 0 0 0 1 2 2 2 2 2 2],1
fold_1/sample_1376/image.png,[0 0 0 0 0 0 0 0 1 1 2],1
fold_1/sample_1377/image.png,[0 0 0 0 0 0 0 0 0 0 0 0 0 0 0 1 1 2 2 2 2 2 2 2 2 2 2 2 2 2 2 2],1
fold_1/sample_1378/image.png,[0 0 0 0 0 1 1 2 2 2 2 2 2 2 2 2 2 2],1
fold_1/sample_1379/image.png,[0 0 0 0 0 0 0 0 0 0 0 1 2 2],1
fold_1/sample_1380/image.png,[0 0 0 0 0 0 0 1 1 2 2 2 2],1
fold_1/sample_1381/image.png,[0 0 0 0 0 0 0 0 0 0 0 0 0 0 1],1
fold_1/sample_1382/image.png,[0 0 0 0 0 0 0 1 1 1 1 2 2 2 2 2 2 2],1
fold_1/sample_1383/image.png,[0 0 0 0 0 0 0 0 0 1 1 1 1 1 1 1 1 2 2 2 2 2 2 2 2],1
fold_1/sample_1384/image.png,[0 0 0 0 0 0 0 0 0 0 0 0 0 0 0 1 1 2 2 2 2],1
fold_1/sample_1385/image.png,[0 0 0 0 0 0 0 0 0 2 2 2 2 2 2 2 2 2 2 2],1
fold_1/sample_1386/image.png,[1 2 2 2 2 2 2 2 2 2 2 2 2],1
fold_1/sample_1387/image.png,[0 0 0 0 0 0 0 0 0 0 0 1 1 2 2 2 2 2 2 2],1
fold_1/sample_1388/image.png,[0 0 0 0 0 0 0 0 0 0 0 0 0 0 0 0 0 0 0 0 0],1
fold_1/sample_1389/image.png,[0 0 0 0 0 0 0 0 0 0 0 0 0 0 0 0],1
fold_1/sample_1390/image.png,[0 0 0 0 0 0 0 0 0 0 0 0 0],1
fold_1/sample_1391/image.png,[0 0 0 0 0 0 0 0 0 0 0 0 0 0 0 0 0 0 0 0 0 0 2],1
fold_1/sample_1392/image.png,[0 0 0 0 0 0 0],1
fold_1/sample_1393/image.png,[0 0 0 0 0 0 0 0 0 0 0 0 0 0 0 2],1
fold_1/sample_1394/image.png,[0 0 0 0 0 0 0 0 0 0 0 0 0 0 0 2],1
fold_1/sample_1395/image.png,[0 0 0 0 0 0 0 0 0 0 0 0 0 0 0 0],1
fold_1/sample_1396/image.png,[0 0 0 0 0 0 0 0 0 0 0 0 0 0 0 0 0 0 0],1
fold_1/sample_1397/image.png,[0 0 0 0 0 0 0 0 0 0 0 0 0 0 0 0 0],1
fold_1/sample_1398/image.png,[0 0 0 0 0 0 0 0 0 0 0 0 0],1
fold_1/sample_1399/image.png,[0 0 0 0 0 0 0 0 0 0 0 0 0 0 0 0 0 0 0 0 2 2],1
fold_1/sample_1400/image.png,[0 0 0 0 0],1
fold_1/sample_1401/image.png,[0 0 0 0 0 0 0 0 0 0 0 0 0 0 0 0 0 0 0 0 0],1
fold_1/sample_1402/image.png,[0 0 0 0 0 0 0 0 0 0 0 0 0 0 0 0 0 0 0 0 0 0 0 0],1
fold_1/sample_1403/image.png,[0 0 0 0 0 0 0 0 0 0 0],1
fold_1/sample_1404/image.png,[0 0 0 0 0 0 0 0 0 0 0 0 0 0],1
fold_1/sample_1405/image.png,[0 0 0 0 0 0 0],1
fold_1/sample_1406/image.png,[0 0 0 0 0 0 0 0 0 0 0 0 0 0 0 0 0],1
fold_1/sample_1407/image.png,[0 0 0 0 0 0 0 0 0 0 0 0 2],1
fold_1/sample_1408/image.png,[0 0 0 0 0 0 0 0 0 0 0 2],1
fold_1/sample_1409/image.png,[0 0 0 0 0 0 0 0 0 0 0 0 0 0 0 0 0 0 0 0],1
fold_1/sample_1410/image.png,[0 0 0 0 0 0 0 0 0 0 0 0 0 2 2 2],1
fold_1/sample_1411/image.png,[0 0 0 0 0 0 0 0 0 0 0 0 0 0 0 0 0 0 0 0 0 0 0],16
fold_1/sample_1412/image.png,[0 0 0 0 0 0 0 0 0 0 0 0 0 0 0 0 1 1 2 2],16
fold_1/sample_1413/image.png,[0 0 0 0 0 0 0 0 0 0 0 0 0 0 0 0 0 0 0 0 0 1 1 1 1 2],16
fold_1/sample_1414/image.png,[0 0 1 1 1 2 2 2 2 2 2 2],16
fold_1/sample_1415/image.png,[0 0 0 0 0 0 0 0 0 0 0 0 0 0 0 0 0 1 1 1 1 1 1 1 1 1 2 2 2],16
fold_1/sample_1416/image.png,[0 0 0 0 0 0 0 0 0 1 1 1 1 1 1 1 2 2],16
fold_1/sample_1417/image.png,[0 0 0 0 0 0 0 0 0 0 0 0 0 0 0 0 0 0 0 0 0 0 2 2],16
fold_1/sample_1418/image.png,[0 1 1 1 1 1 1 1 1 1 1 1 1 2 2 2 2 2 2],16
fold_1/sample_1419/image.png,[1 1 2 2 2 2 2 2 2 2 2 2 2 2 2 2 2 2 2 2],16
fold_1/sample_1420/image.png,[0 0 0 0 0 0 0 0 0 1 2 2 2 2],16
fold_1/sample_1421/image.png,[1 1 1 1 1 1 2 2 2 2 2 2 2 2 2 2 2 2 2],16
fold_1/sample_1422/image.png,[1 1 1 1 2 2 2 2 2 2 2 2 2 2 2 2 2 2 2 2 2 2 2],16
fold_1/sample_1423/image.png,[0 0 0 0 0 1 1 2 2 2 2 2 2 2 2 2 2 2 2 2],16
fold_1/sample_1424/image.png,[1 1 1 1 2 2 2 2 2 2 2 2 2 2 2 2],16
fold_1/sample_1425/image.png,[1 1 1 2 2 2 2 2 2 2 2 2 2 2 2 2 2 4 4 4 4 4 4 4 4 4 4 4 4 4 4 4],16
fold_1/sample_1426/image.png,[1 4 4 4 4 4 4 4 4 4 4 4 4 4 4 4 4 4 4 4 4 4 4 4 4 4],16
fold_1/sample_1427/image.png,"[1 2 2 2 2 4 4 4 4 4 4 4 4 4 4 4 4 4 4 4 4 4 4 4 4 4 4 4 4 4 4 4 4 4 4 4 4
 4 4 4 4 4 4]",16
fold_1/sample_1428/image.png,"[1 1 2 2 2 2 4 4 4 4 4 4 4 4 4 4 4 4 4 4 4 4 4 4 4 4 4 4 4 4 4 4 4 4 4 4 4
 4 4 4 4 4]",16
fold_1/sample_1429/image.png,[4 4 4 4 4 4 4 4 4 4 4 4 4 4],16
fold_1/sample_1430/image.png,[4 4 4],16
fold_1/sample_1431/image.png,[1 1 1 1 1 2 2 2 2 2 2 2 4 4 4 4 4 4 4 4 4 4 4 4 4 4 4],16
fold_1/sample_1432/image.png,[],16
fold_1/sample_1433/image.png,[],16
fold_1/sample_1434/image.png,[2 4 4 4 4 4 4 4 4 4 4 4 4 4 4 4 4 4 4 4],16
fold_1/sample_1435/image.png,[1 1 1 1 2 2 2 2 2 2 2 2 2 2 2 2 2 2 2 2 2 2 4 4],16
fold_1/sample_1436/image.png,[1 1 1 1 2 2 2 2 2 2 2 2 2 2 2 2 4 4 4 4 4 4 4 4 4 4 4 4 4 4 4 4 4 4 4 4],16
fold_1/sample_1437/image.png,[4 4 4 4 4 4 4 4 4 4 4 4 4 4 4 4 4 4 4 4 4 4 4 4 4 4 4 4 4 4 4 4],16
fold_1/sample_1438/image.png,[1 1 1 1 1 1 1 2 2 2 2 2 2 4 4 4 4 4 4 4 4 4 4 4 4 4 4 4 4 4 4 4 4 4 4],16
fold_1/sample_1439/image.png,[1 1 1 1 1 1 1 1 2 2 2 2 2 2 2 2 2 2 2 2 2 2 2 2],16
fold_1/sample_1440/image.png,[0 0 0 0 0 1 1 1 1 1 1 1 1 1 1 2 2 2 2 2 2 2 2 2 2 2 2],16
fold_1/sample_1441/image.png,[0 0 0 0 0 0 0 0 0 0 1 1 1 1 1 1 1 1 1 1 1 1 2 2 2 2],16
fold_1/sample_1442/image.png,[0 0 0 0 0 0 0 0 0 0 0 0 1 1 1 1 1 1 1 1 1 1 1 1 1 1 1 2 2 2 2 2 2 2 2 2],16
fold_1/sample_1443/image.png,[1 1 2 2 2 2 2 2 2 2 2 2 2 2 2 2 2 2],16
fold_1/sample_1444/image.png,[1 2 2 2 2 2 2 2 2 2 2 2 2 2 2 2 2 2 2 2 2 2 2 2 2 2 4 4 4 4 4 4 4 4 4],16
fold_1/sample_1445/image.png,[1 2 2 2 2 2 2 2 2 2 2 2 2 2 2 2 2 2 2 4 4 4 4 4 4 4 4 4 4 4 4 4 4 4],16
fold_1/sample_1446/image.png,"[0 0 0 0 0 0 0 0 0 0 0 0 0 0 0 0 0 0 0 0 0 0 0 0 0 0 0 0 0 0 0 0 0 0 0 0 0
 0 0 2 2]",1
fold_1/sample_1447/image.png,[0 0 0 0 0 0 0 0 2 2 2 2 2],1
fold_1/sample_1448/image.png,[0 0 0 0 0 0 0 0 0 0 0 0 0 0 0 0 0 0 0 0 0 0 0 0 0 0 0 0 0 0 0 0 0 0 2 2],1
fold_1/sample_1449/image.png,[0 0 0 0 0 0 0 0 0 0 0 0 0 0 0 0 0 0 0 0 0 0 0 2 2 2 2 2 2 2],1
fold_1/sample_1450/image.png,[0 0 0 0 0 0 0 0 0 0 0 0 0 0 0 0 0 0 0 0 0 2 2 2 2 2 2 2],1
fold_1/sample_1451/image.png,[0 0 0 0 0 0 0 0 0 0 0 0 0 2 2 2 2 2 2 2 2 2],1
fold_1/sample_1452/image.png,[0 0 0 0 0 0 0 0 0 2 2 2 2 2 2 2 2 2 2 2],1
fold_1/sample_1453/image.png,[0 0 0 0 0 0 0 0 0 0 0 0 0 2 2 2 2 2 2],1
fold_1/sample_1454/image.png,[0 0 0 0 0 0 0 0 0 0 0 0 0 0 2 2],1
fold_1/sample_1455/image.png,[0 0 0 0 0 0 1 2 2 2 2 2 2 2 2 2 2 2],1
fold_1/sample_1456/image.png,"[0 0 0 0 0 0 0 0 0 0 0 0 0 0 0 0 0 0 0 0 0 0 0 0 0 0 0 0 0 0 0 0 0 0 0 0 0
 0 0 0 0 0 0 0 0 0 0 0 0 0]",1
fold_1/sample_1457/image.png,[0 0 0 0 0 0 0 0 0 0 0 0 0 0 0 0 2 2 2 2 2 2],1
fold_1/sample_1458/image.png,[0 0 0 0 0 0 0 0 0 0 0 0 0 0 0 0 0 0 2 2 2 2 2 2 2 2 2 2 2],1
fold_1/sample_1459/image.png,[1 2 2],1
fold_1/sample_1460/image.png,[1 1 1 2 2 2 2 2 2 2 2 2 2 2 2 2],1
fold_1/sample_1461/image.png,[2 2 2 2 2 2 2 2 2 2 2 2 2 2 2 2 2 2 2 2],1
fold_1/sample_1462/image.png,"[0 0 0 0 0 0 0 0 0 0 0 0 0 0 0 0 0 0 1 1 1 1 1 1 1 1 1 1 1 1 2 2 2 2 2 2 2
 2]",1
fold_1/sample_1463/image.png,"[1 1 1 1 1 1 1 1 1 1 1 1 1 1 1 1 1 1 1 1 1 1 1 1 1 1 1 2 2 2 2 2 2 2 2 2 2
 2 2 2 2 2 2]",1
fold_1/sample_1464/image.png,[1 1 1 1 1 1 1 1 1 1 1 1 1 2 2 2 2 2 2 2 2 2 2 2 2 2 2 2 2 2 2 2 2 2 2 2 2],1
fold_1/sample_1465/image.png,"[0 0 0 0 0 0 0 0 0 0 0 0 0 0 0 0 0 0 0 0 0 0 0 0 0 0 0 0 0 0 0 0 0 0 0 0 0
 0 0 0 0 0 0 0 0 0 1 1 2]",1
fold_1/sample_1466/image.png,"[1 1 1 1 1 1 1 1 1 1 1 1 1 1 1 1 1 1 1 1 1 1 1 1 2 2 2 2 2 2 2 2 2 2 2 2 2
 2 2]",1
fold_1/sample_1467/image.png,[0 0 0 0 0 0 0 0 0 0 0 0 0 0 0 0 0 0 0 0 0 0 0 1 2 2 2 2],1
fold_1/sample_1468/image.png,[0 0 0 0 0 0 0 0 0 0 0 0 0 0 0 0 0 0 0 0 0 0 0 0 0 0 0 0 0 0 2 2],1
fold_1/sample_1469/image.png,[0 0 0 0 0 0 0 0 0 0 0 0 0 0 0 0 0 0 0 0 0 0 0 0 0 0 0 0 0 0 2 2 2],1
fold_1/sample_1470/image.png,[0 0 0 0 0 0 0 0 0 0 0 0 0 0 0 0 0 0 0 0 0 0 0 0 0 0 0 0 0 0 1],1
fold_1/sample_1471/image.png,[0 0 0 0 0 0 0 0 0 0 0 0 0 0 0 0 0 0 0 0 0 0 0 0 0 0 0 0 0 0 0],1
fold_1/sample_1472/image.png,[0 0 0 0 0 1 1 1 1 1 2 2 2 2 2 2 2 2 2 2 2 2 2 2 2 2 2],1
fold_1/sample_1473/image.png,"[0 0 0 0 0 0 0 0 0 0 0 0 0 0 0 0 0 0 0 0 1 1 1 1 1 1 1 1 1 1 1 1 1 1 1 1 1
 1 1 1 1 1 1 1 1 1 2 2 2 2]",1
fold_1/sample_1474/image.png,[0 0 0 0 0 0 0 0 0 0 0 0 0 0 0 0 0 0 0 0 0 0 0 2 2],1
fold_1/sample_1475/image.png,[0 0 0 0 0 0 0 0 0 0 1 2 2 2 2 2],1
fold_1/sample_1476/image.png,[0 0 0 0 0 0 1 2 2 2 2 2],1
fold_1/sample_1477/image.png,[0 0 0 0 0 1 1 1 1 1 1 1 1 1 1 1 1 1 2 2 2 2 2 2 2 2 2 2 2 2 2],1
fold_1/sample_1478/image.png,[1 1 1 1 1 1 1 1 1 1 1 1 1 1 1 1 1 1 1 2 2 2 2 2 2 2 2 2 2 2 2 2 2],1
fold_1/sample_1479/image.png,"[1 1 1 1 1 1 1 1 1 1 1 1 1 1 1 1 1 1 1 1 1 2 2 2 2 2 2 2 2 2 2 2 2 2 2 4 4
 4 4 4 4 4 4 4 4 4 4 4 4 4 4 4 4 4 4 4 4]",5
fold_1/sample_1480/image.png,"[1 1 1 2 2 2 2 2 2 2 2 2 4 4 4 4 4 4 4 4 4 4 4 4 4 4 4 4 4 4 4 4 4 4 4 4 4
 4 4 4 4 4 4 4 4 4]",5
fold_1/sample_1481/image.png,"[0 0 0 0 0 0 0 0 0 0 0 0 0 0 0 0 0 0 0 0 0 0 0 0 0 0 0 0 0 0 0 0 0 0 0 0 0
 0 0 0 0 0 0 0 0 0 0 0 0 0 0 0 0 0 0 0 0 0 0 0 0 0 0 0 0 0 0 3 3 3]",5
fold_1/sample_1482/image.png,"[0 0 0 0 0 0 0 3 3 3 3 3 3 3 3 3 3 3 3 3 3 3 3 3 3 3 3 3 3 3 3 3 3 3 3 3 3
 3 3 3 3 3 3 3 3 3 3 3 3 3 3 3 3 3 3 3 3 3 3 3 3 3 3 3 3 3 3 3 3 3 3 3 3 3
 3]",5
fold_1/sample_1483/image.png,"[1 1 1 1 1 1 1 1 1 1 1 1 1 1 2 2 2 2 2 2 2 2 2 2 2 2 2 2 2 2 2 2 2 2 2 2 2
 2 2 2 2 2 2 2 2 2 2 2 2 4 4 4 4 4 4 4 4 4 4 4 4 4 4 4 4 4 4 4 4]",5
fold_1/sample_1484/image.png,[1 1 1 1 1 2 2 2 2 2 4 4 4 4 4 4 4 4 4 4 4 4 4 4],5
fold_1/sample_1485/image.png,"[1 1 1 1 1 1 1 1 1 1 1 1 1 1 1 1 1 1 1 1 1 1 1 1 1 1 1 1 1 1 1 2 2 2 2 2 2
 2 2 2 2 2 2 2 2 2 2 2 2 2 2 2 2 2 2 2 2 2 2 2 2 2 2 2 2 2 2 2 2 2 2 2 2 2
 2 2 2 2 2 2 2 2 2 2 2 2 2]",5
fold_1/sample_1486/image.png,"[1 1 1 1 1 1 1 1 1 1 1 1 1 1 1 1 1 1 1 1 1 1 1 1 1 1 1 1 1 1 1 1 1 1 1 1 1
 1 1 1 1 1 1 1 1 1 1 1 1 1 1 1 1 1 1 1 1 1 1 1 1 1 1 1 1 1 1 1 1 1 1 1 1 1
 1 1 1 1 1 1 1 1 1 1 1 1 1 1 1 1 1 1 1 1 1 1 1 2 2 2 2 2 2 2 2 2 2 2 2 2 2
 2 2 2 2 2 2 2 2 2 2 2 2 2 2 2 2 2 2 2 2 2 2 2 2 2 2 2 2 2 2 2 2 2 2 2 2 2
 2 2 2 2 2 2]",5
fold_1/sample_1487/image.png,"[1 1 1 1 1 1 1 1 1 1 1 1 1 1 1 1 1 1 1 1 1 1 1 1 1 1 1 1 1 1 1 1 1 1 1 1 1
 1 1 1 1 1 1 1 1 1 1 1 1 1 1 1 1 1 1 1 1 1 1 1 1 1 1 1 1 1 1 1 1 1 1 1 1 1
 1 1 1 1 1 1 1 1 1 1 1 1 1 1 1 1 1 1 1 1 1 1 1 1 1 1 1 1 1 1 2 2 2 2 2 2 2
 2 2 2 2 2 2 2 2 2 2 2 2 2 2 2 2 2 2 2 2 2 2 2 2 2 2 2 2 2 2 2 2 2 2 2 2 2
 2 2 2 2 2 2 2 2 2 2 2 2 2 2 2 2 2 2 2 2 2 2 2 2 2 2 2 2 2 2 2 2 2 2 2 2 2
 2 2 2 2]",5
fold_1/sample_1488/image.png,"[0 0 0 0 0 0 0 0 0 0 0 0 0 0 0 0 0 0 0 0 0 0 0 0 0 0 0 0 0 0 0 0 0 0 0 0 0
 0 0 0 0 0 0 0 0 1 2]",5
fold_1/sample_1489/image.png,[0 0 0 0 0 0 0 0 0 0 0 0 0 0 0 0 0 0 0 0 0 0 0 0 0 0 0 0 1 2 2 2],5
fold_1/sample_1490/image.png,"[0 0 0 0 0 0 0 0 0 0 0 0 0 0 0 0 0 0 0 0 0 0 0 0 0 0 0 0 0 0 0 0 0 0 0 0 0
 0 0 0 0 0 0 0 0 0 0 0 0 0 0 0 0 0 0 0 0 0 0 1]",5
fold_1/sample_1491/image.png,"[0 0 0 0 0 0 0 0 0 0 0 0 0 0 0 0 0 0 0 0 0 0 0 0 0 0 0 0 0 0 0 0 0 0 0 0 0
 0 0 0 0 0 0 0 0 0 0 0 0 0 0 0 0 0 2]",5
fold_1/sample_1492/image.png,[0 0 0 0 0 0 0 0 0 0 0 0 0 0 0 0 0 0 0 0 0 0 0 0 0 0 0 1 1 2 2 2 2 2 2 2],5
fold_1/sample_1493/image.png,[0 0 0 0 0 0 0 0 0 0 0 0 0 0 0 0 0 0 0 0 0 0 0 0 0 0 0 0 0 0 0 0 0 2 2],5
fold_1/sample_1494/image.png,"[1 1 1 1 1 1 1 1 1 1 2 2 2 2 2 2 2 2 2 2 2 2 2 2 2 2 2 2 2 2 2 2 2 2 2 2 2
 2 2 2 2 2 2 2 2 2 2 2 2 2 2 2 2 2 2 2 2 2 2 2]",5
fold_1/sample_1495/image.png,"[1 1 1 1 1 1 1 1 1 1 2 2 2 2 2 2 2 2 2 2 2 2 2 2 2 2 2 2 2 2 2 2 2 2 2 2 2
 2 2 2 2 2 2 2 2 2 2 2 2 2 2 2 2 2 2 2 2 2 2 2]",5
fold_1/sample_1496/image.png,[2 2 2 2 2 2 2 2 2 2 2 2 2 2 2 2 2 2 2 2 2 2 2],5
fold_1/sample_1497/image.png,[2 2 2 2 2 2 2 2 2 2 2 2 2 2 2 2 2 2 2 2],5
fold_1/sample_1498/image.png,[2 2 2 2 2 2 2 2 2 2 2 2],5
fold_1/sample_1499/image.png,[2 2 2 2 2 2 2 2 2 2 2 2],5
fold_1/sample_1500/image.png,"[0 0 0 0 0 0 0 0 0 0 0 0 0 0 0 0 0 0 0 0 0 0 0 0 0 0 0 0 0 0 0 0 0 0 0 0 0
 0 0 0 0 0 0 0 0 0 0 2 2 2]",5
fold_1/sample_1501/image.png,[0 0 0 0 1 2 2 2 2 2 2 2 2 2 2 2 2 2 2 2 2 2 2],5
fold_1/sample_1502/image.png,[0 0 0 0 0 0 0 0 0 0 0 0 0 0 0 0 0 0 0 0 0 0 0 0 0 0 0 0 0 0 0 0 2],5
fold_1/sample_1503/image.png,[0 0 0 0 0 0 0 0 0 0 0 0 0 0 0 0 0 0 0 0 0 0 0 0 0 0 0 0 0 0 3 3],5
fold_1/sample_1504/image.png,"[0 0 0 1 1 1 1 1 1 1 2 2 2 2 2 2 2 2 2 2 2 2 2 2 2 2 2 2 2 2 2 2 2 2 2 2 2
 2 2 2 2 2 2 2 2 2 2 2 2 2 2 2 2 2 2 2 2 2 2]",5
fold_1/sample_1505/image.png,"[0 1 1 1 1 1 1 1 1 1 1 1 1 1 1 2 2 2 2 2 2 2 2 2 2 2 2 2 2 2 2 2 2 2 2 2 2
 2 2 2 2 2 2 2 2 2 2]",5
fold_1/sample_1506/image.png,"[0 0 0 0 0 0 0 0 1 1 1 1 1 1 1 1 1 1 1 1 1 1 1 1 1 1 1 1 1 1 1 1 1 1 2 2 2
 2 2 2 2 2 2 2 2 2 2 2 2 2 2 2 2 2 2 2 2 2 2 2 2 2 2 2 2 2 2 2 2 2 2 2 2 2
 2 2 2 2 2 2 2 2 2 2 2 2 2 2 2 2 2]",5
fold_1/sample_1507/image.png,[1 1 1 1 1 2 2 2 2 2 2 2 2 2 2 2 2 2 2 2 2 2 2 2 2 2 2 2 2 2 2 2 2],5
fold_1/sample_1508/image.png,"[0 0 0 0 0 0 0 0 0 0 0 0 0 0 0 0 0 0 0 0 0 0 0 0 0 0 0 0 0 0 0 0 0 0 0 0 0
 0 0 0 0 0 0 0 0 0 0 0 0 0 0 0 0 0 1 1 1 1 1 2 2 2 2 2 2 2 2 2 2 2]",5
fold_1/sample_1509/image.png,[1 1 1 1 1 2 2 2 2 2 2 2 2 2 2 2 2 2 2 2 2 2 2],5
fold_1/sample_1510/image.png,[1 1 1 2 2 2 2 2 2 2 2 2 2 2 2 2 2 2 2 2 2 2 2 2],5
fold_1/sample_1511/image.png,[2 2 2 2 2 2 2 2 2 2 2 2 2 2],5
fold_1/sample_1512/image.png,[],5
fold_1/sample_1513/image.png,"[0 0 0 0 0 0 0 0 0 0 0 0 0 0 0 0 0 0 0 0 0 0 0 0 0 0 0 0 0 0 0 0 0 0 0 0 0
 0 0 0 0 0 0 0 0 0 0 0 0 0 0 0 0 0 0 0 0 0 0 0 0 0 0 0 0 0 0 0 0 0 0 0 0 0
 0 0 0 0 0]",5
fold_1/sample_1514/image.png,"[0 0 0 0 0 0 0 0 0 0 0 0 0 0 0 0 0 0 0 0 0 0 0 0 0 0 0 0 0 0 0 0 0 0 0 0 0
 0 0 0 0 0 0 0 0 0 0 0 0 0 0 0 0 0 0 0 0 0 0 2 2 2]",5
fold_1/sample_1515/image.png,[0 0 0 0 0 0 0 0 0 0 0 0 0 0 0 0 0 0 0 0 0 0 0 0 0 0 0 0 0 0 0 0],5
fold_1/sample_1516/image.png,"[0 0 0 0 0 0 0 0 0 0 0 0 0 0 0 0 0 0 0 0 0 0 0 0 0 0 0 0 0 0 0 0 0 0 0 0 0
 0 0 0 0 0 0 0 0 0 0 0 0 0 0 0 0 0 0 0 0 0 0 1 2]",5
fold_1/sample_1517/image.png,"[0 0 0 0 0 0 0 0 0 0 0 0 0 0 0 0 0 0 0 0 0 0 0 0 0 0 0 0 0 0 0 0 0 0 0 0 0
 0 0 0 0 0 0 0 0 0 0 0 0 0 0 1 1 2 2]",5
fold_1/sample_1518/image.png,[1 1 1 1 1 1 1 2 2 2 2 2 2 2 2 2 2 2 2 2 2 2 2 2 2 2 2 2 2 2],5
fold_1/sample_1519/image.png,"[1 1 1 1 1 1 1 1 1 2 2 2 2 2 2 2 2 2 2 2 2 2 2 2 2 2 2 2 2 2 2 2 2 2 2 2 2
 2 2 2 2 2 2]",5
fold_1/sample_1520/image.png,[0 0 0 0 0 0 0 0 0 0 0 0 0 0 0 0 0 0 0 0 0 0 0 0 0 0 0 0 2 2],0
fold_1/sample_1521/image.png,"[0 0 0 0 0 0 0 0 0 0 0 0 0 0 0 0 0 0 0 0 0 0 0 0 0 0 0 0 0 0 0 0 0 0 0 2 2
 2 2 2 2]",0
fold_1/sample_1522/image.png,"[0 0 0 0 0 0 0 0 0 0 0 0 0 0 0 0 0 0 0 0 0 0 0 0 0 0 0 0 0 0 0 0 2 2 2 2 2
 2 2 2]",0
fold_1/sample_1523/image.png,[0 0 0 0 0 0 0 0 0 0 0 0 0 0 0 0 0 0 0 0 0 0 0 0 2],0
fold_1/sample_1524/image.png,[0 0 0 0 0 0 0 0 0 0 0 0 0 0 0 0 0 0 0 0 0 0 0 1 1],0
fold_1/sample_1525/image.png,[0 0 0 0 0 0 0 0 0 0 0 0 0 0 0 0 0 0 0 0 0 0 0],0
fold_1/sample_1526/image.png,[1 1 1 1 1 1 1 1 2 2 2 2 2 2 2 2 2 2 2 2 2 2 2],0
fold_1/sample_1527/image.png,[1],0
fold_1/sample_1528/image.png,[2 2 2 2],0
fold_1/sample_1529/image.png,[1 1 1 1 1 1 1 1 2 2 2 2 2 2],0
fold_1/sample_1530/image.png,[1 2],0
fold_1/sample_1531/image.png,[1 1 2 2 2 2 2 2 2 2 2 2 2 2 2 2],0
fold_1/sample_1532/image.png,[0 0 0 0 0 0 0 2],0
fold_1/sample_1533/image.png,[0 0 0 0 0 0 0 0 0 0 0 0 0 0 0],0
fold_1/sample_1534/image.png,[0 0 0 0 0 0 0 0 0 0 0],0
fold_1/sample_1535/image.png,[0 0 0 0 0 0 0 0 0 0 0 0 0 0 0],0
fold_1/sample_1536/image.png,[0 0 0 0 0 0 0 0 0 0 0 1],0
fold_1/sample_1537/image.png,[0 0 0 0 0 0 0 0 0 0 0],0
fold_1/sample_1538/image.png,[0 0 0 0 0 0 0 0 0],0
fold_1/sample_1539/image.png,[0 0 0 0 0 0 0 0],0
fold_1/sample_1540/image.png,[0 0 0 0 0 0 0 0 0 0 0 0 0 0 0 0 0 0 0 0 0 0 0],0
fold_1/sample_1541/image.png,[0 0 0 0 0 0 0 0 0 0 0 0 0 0 0 0 0 2 2],0
fold_1/sample_1542/image.png,[4 4 4],0
fold_1/sample_1543/image.png,[2 2 4 4 4],0
fold_1/sample_1544/image.png,[2 2 2 2 4],0
fold_1/sample_1545/image.png,[2 2 2 2],0
fold_1/sample_1546/image.png,[2 2 2 2],0
fold_1/sample_1547/image.png,[2 2 2 2 2 2 2],0
fold_1/sample_1548/image.png,[1 1 1 1 2 2 2 2 2 2 2 2 2 2 2 2 2 2 2 2 2 2 2 2 2 2 2 2 2 2 2 2],0
fold_1/sample_1549/image.png,[0 0 0 0 0 0],0
fold_1/sample_1550/image.png,[0 0 0 0 0 0 0],0
fold_1/sample_1551/image.png,[0 0 0 0 0 0],0
fold_1/sample_1552/image.png,[0 0 0 0 0 0 0 0 0 0 0],0
fold_1/sample_1553/image.png,[0 0 0 0 0 0 0 0 0 0 0 2 2],0
fold_1/sample_1554/image.png,[0 0 0 0 0 0 0 0],0
fold_1/sample_1555/image.png,[0 0 0 0 0 0 0 0 2 2 2 2],0
fold_1/sample_1556/image.png,[0 0 0 0 0 0 0 0 0],0
fold_1/sample_1557/image.png,[0 0 0 0 0 0 0 0 0 0 0 0 1 1 2 2 2 2],0
fold_1/sample_1558/image.png,[0 0 0 0 0 0 0 0 0 0 0 0 0 0 0 0 0 0 0 1 1 2],0
fold_1/sample_1559/image.png,[0 0 0 0 0 0 0 0 0 0 0 0 0 0 2 2 2 2],0
fold_1/sample_1560/image.png,[0 0 0 0 0 0 0 0 0 0 0 0 0 0 0 0 0 1 1 1 2 2 2 2],0
fold_1/sample_1561/image.png,[0 0 0 0 0 0 0 1 1 2 2],0
fold_1/sample_1562/image.png,[0 0 0 0 0 0 0 0 0 0 0 1 2],0
fold_1/sample_1563/image.png,[0 0 0 0 0 0 0 0 0 0 0 0 0 0 2 2 2 2 2 2],0
fold_1/sample_1564/image.png,[0 0 0 0 0 0 0 0 0 0 0 0 0 0 0 0 0 0 1 2 2],0
fold_1/sample_1565/image.png,[0 0 0 0 0 0 0 0 2 2 2 2 2 2 2],0
fold_1/sample_1566/image.png,[0 0 0 0 0 0 0 0 0 0 2 2 2 2 2 2 2 2],0
fold_1/sample_1567/image.png,[0 1 2],0
fold_1/sample_1568/image.png,[0 0 0 0 0 2 2 2],0
fold_1/sample_1569/image.png,[0 0 1],0
fold_1/sample_1570/image.png,[0 0 0 0 0 0 0 0 0 0 0 0 0 0 0 0 0 0 0 0 0 0 0 1 2 2],0
fold_1/sample_1571/image.png,[0 0 0 0 0 0 0 0 0 0 0 0 0 0 0 2 2 2 2],0
fold_1/sample_1572/image.png,[0 0 2 2 2 2 2 2 2 2 2],0
fold_1/sample_1573/image.png,[0 0 0 0 0 0 0 0 0 0 0 0 0 0 0 0 0 0 1 2 2 2 2],0
fold_1/sample_1574/image.png,[2 2],0
fold_1/sample_1575/image.png,[2 2 2 2],1
fold_1/sample_1576/image.png,[2],1
fold_1/sample_1577/image.png,[2 2],1
fold_1/sample_1578/image.png,[],1
fold_1/sample_1579/image.png,[2 2 2 2],1
fold_1/sample_1580/image.png,[1 1 1 1 1 1 1 1 1 2 2 2 2 2 2 2 2 2 2 2 2 2 2 2 2 2 2 2 2 2],1
fold_1/sample_1581/image.png,[1 1 1 1 1 1 1 1 1 1 1 2 2 2 2 2 2 2 2 2 2 2 2 2 2 2 2 2 2 2 2 2],1
fold_1/sample_1582/image.png,[1 1 1 1 1 1 1 2 2 2 2 2 2 2 2 2 2 2 2 2 2 2 2 2 2 4],1
fold_1/sample_1583/image.png,[1 1 1 1 1 2 2 2 2 2 2 2 2 2 2 2 2 2 2 2 4],1
fold_1/sample_1584/image.png,"[1 1 1 1 1 1 1 1 1 1 1 1 1 1 1 1 1 1 1 1 2 2 2 2 2 2 2 2 2 2 2 2 2 2 4 4 4
 4 4 4 4 4 4 4 4 4 4 4]",1
fold_1/sample_1585/image.png,[0 0 2 2 2 2 2 2 2 2 2 2 2 2 2 2],1
fold_1/sample_1586/image.png,[0 0 2 2 2 2 2 2 2 2 2],1
fold_1/sample_1587/image.png,[0 1 1 1 1 2 2 2 2 2 2 2 2 2],1
fold_1/sample_1588/image.png,[0 0 0 0 0 1 1 2 2 2 2 2 2 2 2 2 2 2 2 2 2 2 2],1
fold_1/sample_1589/image.png,[0 0 1 1 1 2 2 2 2 2 2 2 2 2 2],1
fold_1/sample_1590/image.png,[0 0 2 2 2 2 2 2 2],1
fold_1/sample_1591/image.png,[0 0 0 0 0 0 0 0 0 0 0 0 0 0 2 2],1
fold_1/sample_1592/image.png,[0 0 0 0 0 0 0 0 0 2 2 2 2 2 2],1
fold_1/sample_1593/image.png,[1 1 1 2 2 2 2 2 2 2 2 2 2 2 2 2 2 2],1
fold_1/sample_1594/image.png,[2 2 2 2 2 2 2 2 2 2],1
fold_1/sample_1595/image.png,[1 1 2 2 2 2 2 2 2 2 2 2 2 2 2 2 2 2 2 2 2 2 2 2],1
fold_1/sample_1596/image.png,[1 1 1 1 1 2 2 2 2 2 4 4 4 4 4 4 4 4 4],1
fold_1/sample_1597/image.png,[1 1 1 1 1 1 1 1 1 1 2 2 2 2 2 2 2 2 4 4],1
fold_1/sample_1598/image.png,[1 1 1 2 2 2 2 4 4 4 4 4 4 4],1
fold_1/sample_1599/image.png,[2 2 2 2 2 2 2 4 4 4 4 4 4 4 4 4 4],1
fold_1/sample_1600/image.png,[2 4 4 4 4 4 4 4 4 4],1
fold_1/sample_1601/image.png,[1 1 1 1 1 2 2 2 2 2 4 4 4 4 4 4 4 4 4 4],1
fold_1/sample_1602/image.png,[1 1 1 1 2 2 2 2 4 4 4 4 4 4 4 4 4 4 4 4 4 4],1
fold_1/sample_1603/image.png,[2 2 2 2 2 2 4 4 4 4 4 4 4 4 4],1
fold_1/sample_1604/image.png,[1 1 1 1 1 2 2 2 2 2 2 2 2 2 2],1
fold_1/sample_1605/image.png,[1 1 1 1 2 2 2 2 2 2 2 2 2 2 2 2 2 2 2 2 2 2 2 2 2 2],1
fold_1/sample_1606/image.png,"[1 1 1 1 1 1 1 1 1 1 2 2 2 2 2 2 2 2 2 2 2 2 2 2 2 2 2 2 2 2 2 2 2 2 2 2 2
 2 2 2 2 2 2]",1
fold_1/sample_1607/image.png,[0 0 0 0 0 0 0 0 0 0 0 0 0 0 0 0 0 0 0 0 0 2 2 2 2 2 2 2],1
fold_1/sample_1608/image.png,[0 0 0 0 0 0 0 0 0 0 0 0 0 0 0 0 0 0 0 0 0 2 2 2 2 2 2 2 2 2 2 2 2 2 2],1
fold_1/sample_1609/image.png,[0 0 0 0 0 0 0 0 0 0 0 0 0 0 0 0 0 0 0 0 0 1 2 2 2 2 2 2 2 2],1
fold_1/sample_1610/image.png,[0 0 0 0 0 0 0 0 0 0 0 0 0 0 0 0 1 2 2 2 2 2 2 2 2 2 2 2 2 2 2 2 2],1
fold_1/sample_1611/image.png,[0 0 0 0 0 0 0 0 0 0 0 0 0 0 0 0 0 0 0 0 1 2 2 2 2 2 2 2 2 2 2 2 2 2 2],1
fold_1/sample_1612/image.png,[0 0 0 0 0 0 0 0 0 0 0 0 0 0 0 0 0 0 0 0 0 0 0 0 0 0 0 1 2 2 2 2 2 2 2 2 2],1
fold_1/sample_1613/image.png,[0 0 0 0 0 0 0 0 0 0 0 0 0 0 0 0 0 0 0 0 0 0 0 2 2 2 2 2 2 2 2 2 2 2],1
fold_1/sample_1614/image.png,[],1
fold_1/sample_1615/image.png,[],1
fold_1/sample_1616/image.png,[],1
fold_1/sample_1617/image.png,[],1
fold_1/sample_1618/image.png,[],1
fold_1/sample_1619/image.png,[],1
fold_1/sample_1620/image.png,[],1
fold_1/sample_1621/image.png,[0 0 0 0 0 0 0 0 1 1 1 1 1 1 1 1 1 1 1 2 2 2 2 2 2 2 2 2 2 2 2],1
fold_1/sample_1622/image.png,[0 0 0 0 0 0 0 0 0 0 0 0 0 0 0 0 0 0 0 0 0 1 1 1 1 1 1 1 1 2 2 2 2 2 2 2],1
fold_1/sample_1623/image.png,"[0 0 0 0 0 0 0 0 0 0 0 1 1 1 1 1 1 1 1 1 1 1 1 1 1 2 2 2 2 2 2 2 2 2 2 2 2
 2 2 2 2 2 2 2 2 2 2]",1
fold_1/sample_1624/image.png,[0 0 0 0 0 0 0 0 0 0 0 0 0 0 0 0 0 0 0 0 0 0 1 1 1 1 1 1 2 2 2 2 2 2 2],1
fold_1/sample_1625/image.png,[0 0 0 0 0 0 0 0 0 0 0 0 0 0 0 0 0 0 0 0 0 0 0 0 0 0 0 0 1 1 1 1 2 2],1
fold_1/sample_1626/image.png,[0 0 0 0 0 0 0 0 0 0 0 0 0 0 0 0 0 0 0 0 0 0 0 0 0 0 0 0 1 1 1 1 1 1],1
fold_1/sample_1627/image.png,[0 0 0 0 0 0 0 0 0 0 0 0 0 1 1 1 1 1 1 1 1 1 1 1 1 1 1 1 1 1 2 2],1
fold_1/sample_1628/image.png,[1 1 2 2 2],1
fold_1/sample_1629/image.png,[],1
fold_1/sample_1630/image.png,[1 1 1 2 2 2 2 2 2 2 2 2],1
fold_1/sample_1631/image.png,[2 2],1
fold_1/sample_1632/image.png,[],1
fold_1/sample_1633/image.png,[0 0 0 0 0 0 1 1],1
fold_1/sample_1634/image.png,[0 0 0 0 1 1 1 1 1 1 1 1 1 1 1 1 1 1 1 1 1 1 1 2 2 2 2 2 2 2 2 2 2],1
fold_1/sample_1635/image.png,[0 0 0 0 0 0 0 0 0 0 0 0 0 1 1 1],1
fold_1/sample_1636/image.png,[0 0 0 0 0 0 0 0 0 1 1 1 1 1 1 1 1 1 1 1 1 1 1 1 2 2],1
fold_1/sample_1637/image.png,"[0 1 1 1 1 1 1 1 1 1 1 1 1 1 1 1 1 1 1 1 1 1 1 1 1 1 1 1 1 1 1 1 1 1 1 1 1
 1 1 1 1 1 1 1 1 1 1 1 1 1 1 1 1 1 1 1 1 1 1 1 1 1 1 1 1 1 1 1 1 1 1 1 1 1
 1 1 1 1 1 1 1 1 1 1 1 1 1 1 1 1 2 2 2 2 2 2 2]",1
fold_1/sample_1638/image.png,"[1 1 1 1 1 1 1 1 1 1 1 1 1 1 1 1 1 1 1 1 1 1 1 1 1 1 1 1 1 1 1 1 1 1 1 1 1
 1 1 1 1 1 1 1 1 1 1 1 1 1 1 1 1 1 1 1 1 1 1 1 1 1 1 2 2 2 2 2 2 2 2 2 2 2
 2 2]",1
fold_1/sample_1639/image.png,[0 0 0 0 0 0 0 0 0 0 0 0 0 0 0 0 0 0 2],1
fold_1/sample_1640/image.png,[0 0 0 0 0 0 0 0 0 0 0 0 1 2 2 2],1
fold_1/sample_1641/image.png,[0 0 0 0 0 0 0 0 0 0 0 0 1 2],1
fold_1/sample_1642/image.png,[0 0 0 0 0 0 0 0 0 0 0 0 0 0 0 0 0 0 0 0 0 0 0 0],1
fold_1/sample_1643/image.png,[0 1 1 2 2 2 2 2 2 2 2 2 2 2 2],1
fold_1/sample_1644/image.png,[1 1 1 1 1 1 1 1 1 2 2 2 2 2 2 2 2 2 2 2 2 2 2 2 2 2],1
fold_1/sample_1645/image.png,[1 1 1 1 1 1 2 2 2 2 2 2 2 2],1
fold_1/sample_1646/image.png,[1 1 1 1 1 1 2 2 2 2 2 2 2 2 2 2 2],1
fold_1/sample_1647/image.png,[1 1 1 1 1 1 1 1 1 1 1 1 1 2 2 2 2 2 2 2 2 2 2 2 2 2 2 2 2 2],1
fold_1/sample_1648/image.png,"[0 0 0 0 1 1 1 1 1 1 1 1 1 1 1 1 1 1 1 1 1 1 1 1 1 1 1 1 1 1 1 1 1 1 1 2 2
 2 2 2 2 2 2 2 2 2 2 2 2 2 2 2]",1
fold_1/sample_1649/image.png,"[0 0 0 1 1 1 1 1 1 1 1 1 1 1 1 1 1 1 1 1 1 1 1 1 1 1 1 1 2 2 2 2 2 2 2 2 2
 2 2]",1
fold_1/sample_1650/image.png,[1 1 1 1 1 1 1 1 1 2 2 2 2 2 2 2 2 2 2 2 2 2 2 2 2 2],1
fold_1/sample_1651/image.png,"[1 1 1 1 1 1 1 1 1 1 1 1 1 1 1 1 1 1 1 1 1 1 1 1 1 1 1 1 1 2 2 2 2 2 2 2 2
 2]",1
fold_1/sample_1652/image.png,[1 1 1 1 1 2 2 2 2 2 2 2 2 2 2 2 2 2 2 2 2 2],1
fold_1/sample_1653/image.png,[1 1 1 2 2 2 2 2 2 2 2 2 2 2 2 2 2 2 2 2 2],1
fold_1/sample_1654/image.png,[1 1 1 1 1 1 1 1 1 1 1 1 2 2 2 2 2 2 2 2 2 2 2 2],1
fold_1/sample_1655/image.png,[1 2 2 2 2 2 2 2 2],1
fold_1/sample_1656/image.png,[1 2 2 2 2 2 2 4 4 4 4 4 4 4 4 4 4],1
fold_1/sample_1657/image.png,[2 2 2 2 2 2 2 2 2 2 2 2 2 2 2 2 2 2 2 2 4],1
fold_1/sample_1658/image.png,[1 2 2 2 2 2 2 2 2 2 2 2 2 2 2 2 2 2 2],1
fold_1/sample_1659/image.png,[1 1 1 1 2 2 2 2 2 2 2 2 2 2 2 2],1
fold_1/sample_1660/image.png,[0 0 0 0 0 0 0 0 0 0 0 0 0 0 0 0 0 0 0 0 0 0 0 1 2 2 2 2],2
fold_1/sample_1661/image.png,[0 0 0 0 0 0 0 0 0 0 0 0 0 0 0 0 0 0],2
fold_1/sample_1662/image.png,[0 0 0 0 0 0 0 0 0 0 0 0 0 0 0 0 0 0 0 0 0 0 0 0 0 0 0 0 0 0],2
fold_1/sample_1663/image.png,[1 2 2 2 2 2 2 2 2 2 2 2],2
fold_1/sample_1664/image.png,[2 2 2 2 2],2
fold_1/sample_1665/image.png,[2 2 2 2 2 2 2 2],2
fold_1/sample_1666/image.png,[1 2 2 2 2 2 2 2 2 2 2 2 2 2 2 2 2],2
fold_1/sample_1667/image.png,[2 2 2 2 2 2 2],2
fold_1/sample_1668/image.png,[2 2 2 2 2 2 2 2],2
fold_1/sample_1669/image.png,[2 2 2 2 2 2 2 2 2 2 2 2],2
fold_1/sample_1670/image.png,[2 2 2 2 2 2 2 2 2 2 2 2 2],2
fold_1/sample_1671/image.png,[2 2 2 2 2 2 2 2],2
fold_1/sample_1672/image.png,[2 2 2 2 2 2 2 2],2
fold_1/sample_1673/image.png,[2 2 2 2 2 2 2 2],2
fold_1/sample_1674/image.png,[2 2 2 2 2 2 2],2
fold_1/sample_1675/image.png,[1 1 2 2],2
fold_1/sample_1676/image.png,[2 2 2 2 2 2 2 2 2],2
fold_1/sample_1677/image.png,[2 2 2 2 2 2 2 2],2
fold_1/sample_1678/image.png,[1 2 2 2],2
fold_1/sample_1679/image.png,[2 2],3
fold_1/sample_1680/image.png,[2],3
fold_1/sample_1681/image.png,[1 1 1 2 2 2 2],3
fold_1/sample_1682/image.png,[2 2],3
fold_1/sample_1683/image.png,[4 4 4 4 4 4 4 4 4 4 4 4 4 4 4 4 4 4 4 4],3
fold_1/sample_1684/image.png,[2 2 2 2 2 2 4 4 4 4 4 4 4 4 4 4 4 4 4 4 4 4 4 4 4 4 4 4 4 4 4 4 4 4],3
fold_1/sample_1685/image.png,[1 1 2 2 2 2 2 2 2 2 2 2 4 4],3
fold_1/sample_1686/image.png,[1 1 2 2 2 2 2 2 2 2 2 2 2 2 2 2 2 2 2 2],3
fold_1/sample_1687/image.png,[0 0 0 0 0 0 0 0 1 1 1 1 1 2 2 2 2 2 2 2 2 2 2 2 2 2],3
fold_1/sample_1688/image.png,[0 0 0 0 0 0 0 0 0 0 0 0 0 0 0],3
fold_1/sample_1689/image.png,[1 1 1 2 2 2 2 2 2 2 2 2 2 2 2 2 2 2 2 2 2 2 2 2 2],3
fold_1/sample_1690/image.png,[1 1 1 1 1 1 1 1 2 2 2 2 2 2 2 2 2 2 2 2 2 2 2 2 2 2 2 2 2 2 2 2],3
fold_1/sample_1691/image.png,[0 0 1 1 1 1 1 1 1 1 1 1 2 2 2 2 2 2 2 2 2 2 2 2 2],3
fold_1/sample_1692/image.png,[0 0 0 1 1 1 1 1 1 2 2 2 2 2 2 2 2 2],3
fold_1/sample_1693/image.png,[0 0 0 0 0 0 0 0 0 0 1 1 1 1 1 1 1 2 2 2 2],3
fold_1/sample_1694/image.png,[0 0 0 0 0 1 2 2 2 2 2 2 2 2 2 2 2 2 2 2 2 2 2],3
fold_1/sample_1695/image.png,[0 0 0 0 2 2 2 2 2 2 2 2 2 2 2 2 2 2 2],3
fold_1/sample_1696/image.png,[0 0 0 0 0 0 0 0 0 0 0 0 0 0 0 0 0 0],3
fold_1/sample_1697/image.png,[0 0 0 0 0 0 0 0 0 0 0 1 3 3 3 3 3 3],3
fold_1/sample_1698/image.png,[0 0 0 0 0 0 0 0 0 0 0 0 0 0 0 0 0 0 0 0 0 0 0 0 0 0 0],3
fold_1/sample_1699/image.png,[0 0 0 0 0 0 0 0 0 0 0 0 0 0 0 0 0 0 0 0 0 0 0 0],3
fold_1/sample_1700/image.png,[0 0 0 0 0 0 0 0 0 0 0 0 0 0 0 0 0 0 0 0 0 0 1],3
fold_1/sample_1701/image.png,[0 0 0 0 0 0 0 0 0 0 0 0 0 0 0 0 0 0 0 0 0 0],3
fold_1/sample_1702/image.png,[0 0 0 0 0 0 0 0 0 0 0 0 0 0 0 0 0 0 0 0 0],3
fold_1/sample_1703/image.png,[0 0 0 0 0 0 0 0 0 0 0 0 0 0 0 0],3
fold_1/sample_1704/image.png,[],3
fold_1/sample_1705/image.png,[],3
fold_1/sample_1706/image.png,[1 2],3
fold_1/sample_1707/image.png,[],3
fold_1/sample_1708/image.png,[],3
fold_1/sample_1709/image.png,[],3
fold_1/sample_1710/image.png,[0 0 0 0 0 0 0 0 0 0 0 0 0 0 0],3
fold_1/sample_1711/image.png,[0 0 0 0 0 0 0 0 0 0 0 0],3
fold_1/sample_1712/image.png,[0 0 0 0 0 0 0 0 0 0 0 0 0 2 2],3
fold_1/sample_1713/image.png,[0 0 0 0 0 0 0 0 0 0 0 0 0 0 0 0 0 0 0],3
fold_1/sample_1714/image.png,[0 0 0 0 0 0 0 0 0 0 0 0 0 0 0 0 0 0 0 0 0],3
fold_1/sample_1715/image.png,[0 0 0 0 0 0 0 0 0 0 0 0 0 0 0 0 0 0 0 2 2],3
fold_1/sample_1716/image.png,[0 0 0 0 0 0 0 0 0 0 0 0 0 0 0 0 0 0 0 1 2],3
fold_1/sample_1717/image.png,[0 0 0 0 0 0 0 0 0 0 0 0 0 0 0 0 0 0 0 1],3
fold_1/sample_1718/image.png,[2 2 2 2 2 2 2 2],3
fold_1/sample_1719/image.png,[1 2 2 2 2 2 2 2 2],3
fold_1/sample_1720/image.png,[2 2 2 2 2 2 2 2 2],3
fold_1/sample_1721/image.png,[2 2 2 2 2 2],3
fold_1/sample_1722/image.png,[2 2 2 2 2 2 2 2 2 2 2 2],3
fold_1/sample_1723/image.png,[],3
fold_1/sample_1724/image.png,[],3
fold_1/sample_1725/image.png,[],3
fold_1/sample_1726/image.png,"[0 0 0 0 0 0 0 0 0 0 0 0 0 0 0 0 0 0 0 0 0 0 0 0 0 0 0 0 0 0 0 0 0 0 0 0 0
 0 0 0 0 0 0 0 0 0 0 0 0 0 0 0 0 0 0 0 0 0 0 0 0 0 0 0 0 0 0 0 0 0 0 0 0 0
 0 0 0 0 0 2 2 2]",3
fold_1/sample_1727/image.png,"[0 0 0 0 0 0 0 0 0 0 0 0 0 0 0 0 0 0 0 0 0 0 0 0 0 0 0 0 0 0 0 0 0 0 0 0 0
 0 0 0 0 0 0 0 0 0 0 0 0 0 0 0 0 0 0 0 0 0 0 0 0 0 0 0 0 0 0 0 0 0 0 0 0 0
 0 0 0 0 0 0 0 0 0 2 2 2 2 2 2 2 2]",3
fold_1/sample_1728/image.png,"[0 0 0 0 0 0 0 0 0 0 0 0 0 0 0 0 0 0 0 0 0 0 0 0 0 0 0 0 0 0 0 0 0 0 0 0 0
 0 0 0 0 0 0 0 0 0 0 0 0 0 0 0 0 0 0 0 0 0 0 0 0 0 0 0 0 0 0 0 0 0 0 0 0 0
 0 0 0 2 2 2 2 2 2 2 2 2 2 2 2 2]",3
fold_1/sample_1729/image.png,"[0 0 0 0 0 0 0 0 0 0 0 0 0 0 0 0 0 0 0 0 0 0 0 0 0 0 0 0 0 0 0 0 0 0 0 0 0
 0 0 0 0 0 0 0 0 0 0 0 0 0 0 0 0 0 0 0 0 0 0 0 0 0 0 0 0 0 0 0 0 0 0 0 0 0
 0 0 0 0 0 0 0 0 0 0 0 0 0 0 0 0 0 1 2]",3
fold_1/sample_1730/image.png,"[0 0 0 0 0 0 0 0 0 0 0 0 0 0 0 0 0 0 0 0 0 0 0 0 0 0 0 0 0 0 0 0 0 0 0 0 0
 0 0 0 0 0 0 0 0 0 0 0 0 0 0 0 0 0 0 0 0 0 0 0 0 0 0 0 0 0 0 0 0 0 0 0 0 0
 0 0 0 0 0 0 0 0 0 0 0 0 0 0 0 0 0 0 0 0 0 0 0 0 0 2 2 2 2]",3
fold_1/sample_1731/image.png,"[0 0 0 0 0 0 0 0 0 0 0 0 0 0 0 0 0 0 0 0 0 0 0 0 0 0 0 0 0 0 0 0 0 0 0 0 0
 0 0 0 0 0 0 0 0 0 0 0 0 0 0 0 0 0 0 0 0 0 0 0 0 0 0 0 0 0 0 0 0 0 0 0 0 0
 0 0 0 0 0 1 2 2 2 2 2]",3
fold_1/sample_1732/image.png,[0 0 0 0 0 0 0 0 0 0 0 0 1 1 1 1 1 2 2 2 2 2 2 2 2 2 2 2 2 2 2 2 2 2 2 2],3
fold_1/sample_1733/image.png,[0 0 0 0 0 0 0 0 0 0 0 0 0 0 0 0 0 1 1 2 2 2 2 2 2 2 2 2],3
fold_1/sample_1734/image.png,"[0 0 0 0 0 0 0 0 0 0 0 0 0 0 0 0 0 0 0 0 0 1 1 1 2 2 2 2 2 2 2 2 2 2 2 2 2
 2 2 2]",3
fold_1/sample_1735/image.png,[0 0 0 0 0 0 0 0 0 0 0 0 0 0 0 0 0 2 2 2 2 2 2 2 2 2 2 2],3
fold_1/sample_1736/image.png,"[0 0 0 0 0 0 0 0 0 0 0 0 0 0 0 0 0 0 0 0 0 0 0 0 0 0 2 2 2 2 2 2 2 2 2 2 2
 2 2 2 2 2]",3
fold_1/sample_1737/image.png,"[0 0 0 0 0 0 0 0 0 0 0 0 0 0 0 0 0 0 0 0 0 0 0 0 0 0 0 0 0 0 0 0 0 0 0 0 0
 0 2]",3
fold_1/sample_1738/image.png,[0 0 0 0 0 0 0 0 0 0 0 0 0 0 0 0 0 0 0 0 0 0 0 0 0 0 2 2 2 2 2 2 2 2 2 2 2],3
fold_1/sample_1739/image.png,[0 0 0 0 0 0 1 1 2 2 2 2 2 2 2 2 2 2 2 2],3
fold_1/sample_1740/image.png,[0 0 0 0 0 0 0 0 0 0 0 0 1 2 2 2 2 2 2 2 2 2 2 2 2],3
fold_1/sample_1741/image.png,[0 0 0 0 0 0 0 0 0 0 0 0 1 2 2 2 2 2 2 2 2 2 2 2 2],3
fold_1/sample_1742/image.png,[0 0 0 0 0 0 0 0 0 0 0 0 0 0 0 0 0 0 0 0 0 0 0 0 0 0 0 0 1 1 2 2 2],3
fold_1/sample_1743/image.png,"[0 0 0 0 0 0 0 0 0 0 0 0 0 0 0 0 0 0 0 0 0 0 0 0 0 0 0 0 0 0 0 0 0 0 0 0 0
 0 0 0 0 0 0 0 0 2 2]",3
fold_1/sample_1744/image.png,[0 0 0 0 0 0 0 0 0 0 0 0 0 0 0 0 0 0 0 0 2 2 2 2 2],3
fold_1/sample_1745/image.png,"[0 0 0 0 0 0 0 0 0 0 0 0 0 0 0 0 0 0 0 0 0 0 0 0 0 0 0 0 0 0 0 2 2 2 2 2 2
 2 2 2]",3
fold_1/sample_1746/image.png,[0 0 0 0 0 0 0 0 0 0 2 2 2 2 2 2 2 2 2 2 2 2 2],3
fold_1/sample_1747/image.png,[0 0 0 0 0 0 0 0 0 0 0 0 0 0 0 0 0 0 1 2 2 2 2 2 2 2],3
fold_1/sample_1748/image.png,[],4
fold_1/sample_1749/image.png,[],4
fold_1/sample_1750/image.png,[],4
fold_1/sample_1751/image.png,[],4
fold_1/sample_1752/image.png,[],4
fold_1/sample_1753/image.png,[],4
fold_1/sample_1754/image.png,"[0 0 0 0 0 0 0 0 0 0 0 0 0 0 0 0 0 0 0 0 0 0 0 0 0 0 0 0 0 0 0 0 0 0 0 0 0
 0 0 0 0 0 0 0 0 0 0]",4
fold_1/sample_1755/image.png,"[0 0 0 0 0 0 0 0 0 0 0 0 0 0 0 0 0 0 0 0 0 0 0 0 0 0 0 0 0 0 0 0 0 0 0 0 0
 0 3 3 3 3 3 3 3]",4
fold_1/sample_1756/image.png,[0 0 0 0 3 3 3 3 3 3 3 3 3 3 3 3 3 3 3 3 3 3 3],4
fold_1/sample_1757/image.png,[1 1 1 2 2 2 2 3 3 3 3 3 3 3 3 3 3 3 3 3 3 3 3],4
fold_1/sample_1758/image.png,"[0 0 0 0 0 0 0 0 0 0 0 0 0 0 0 0 0 0 0 0 0 0 0 0 0 0 0 0 0 0 0 0 0 0 0 0 0
 0 0 0 0 1]",4
fold_1/sample_1759/image.png,[0 0 0 0 0 0 0 0 0 0 0 0 0 0 0 0 0 0 0 0 0 0 0 0 0 0 0 0 0 0 0 0 0 0 0 1],4
fold_1/sample_1760/image.png,"[0 0 0 0 0 0 0 0 0 0 0 0 0 0 0 0 0 0 0 0 0 0 0 0 0 0 0 0 0 0 0 0 0 0 0 0 0
 0 0 0 0 0 0 0 0 0 0 0 0 0 0 0 0 0 0 0 1 2]",4
fold_1/sample_1761/image.png,"[0 0 0 0 0 0 0 0 0 0 0 0 0 0 0 0 0 0 0 0 0 0 0 0 0 0 0 0 0 0 0 0 0 0 0 0 0
 0 0 0 0 0 0 0 0 0 0 0 0 0 0 0 0 0 0 0 0 0 1 1]",4
fold_1/sample_1762/image.png,"[0 0 0 0 0 0 0 0 0 0 0 0 0 0 0 0 0 0 0 0 0 0 0 0 0 0 0 0 0 0 0 0 0 0 0 0 0
 0 0 0 0 0 0 0 0 0 0 0 0 0 0 0 0 0 0 0 0 0 0 0 0 0 0 0 0 1 1]",4
fold_1/sample_1763/image.png,"[0 0 0 0 0 0 0 0 0 0 0 0 0 0 0 0 0 0 0 0 0 0 0 0 0 0 0 0 0 0 0 0 0 0 0 0 0
 0 0 0 0 0 0 0 0 0 0 0 0 0 0 0 0 0 0 0 0 0 0 0 0 0 0 1 2 2 2 2]",4
fold_1/sample_1764/image.png,"[0 0 0 0 0 0 0 0 0 0 0 0 0 0 0 0 0 1 1 1 1 1 1 1 1 1 1 1 1 1 1 1 1 1 1 1 1
 2 2 2 2 2 2 2 2 2]",4
fold_1/sample_1765/image.png,"[1 1 2 2 2 2 2 2 2 2 2 2 2 2 2 2 2 2 2 2 2 2 2 2 2 2 2 2 2 2 2 2 2 2 2 2 2
 2]",4
fold_1/sample_1766/image.png,[0 0 0 0 0 0 1 1 1 1 1 2 2 2 2 2 2 2 2],4
fold_1/sample_1767/image.png,"[1 1 1 1 1 2 2 2 2 2 2 2 2 2 2 2 2 2 2 2 2 2 2 2 2 2 2 2 2 2 2 2 2 2 2 2 2
 2 2 2 2 2 2 2 2 2 2 2 2 2 2 2 2 2 2]",4
fold_1/sample_1768/image.png,[0 0 0 0 0 0 0 0 1 1 1 1 1 2 2 2 2 2 2 2 2 2 2 2 2 2 2 2 2 2],4
fold_1/sample_1769/image.png,"[0 0 0 0 0 0 0 0 0 0 0 0 0 0 0 0 0 0 0 0 0 0 0 0 0 0 0 0 0 0 0 0 0 0 0 0 0
 0 0]",4
fold_1/sample_1770/image.png,[0 0 0 0 0 0 0 0 0 0 0 0 0 0 0 0 0 0 0 0 0 0 0 0 0 0 1 1 2 2 2 2 2 2],4
fold_1/sample_1771/image.png,[0 0 0 0 0 0 0 0 0 0 0 0 0 0 0 0 0 1 1 2 2 2 2],4
fold_1/sample_1772/image.png,"[0 0 0 0 0 0 0 0 0 0 0 0 0 0 0 0 0 0 0 0 0 0 0 0 0 0 0 0 0 0 0 0 0 0 0 0 0
 0 0]",4
fold_1/sample_1773/image.png,[0 0 0 0 0 0 0 0 2 2 2 2 2 2 2 2 2 2 2 2 2 2 2 2 2 2 2],4
fold_1/sample_1774/image.png,[0 0 0 0 0 0 0 0 1 2 2 2 2 2],4
fold_1/sample_1775/image.png,[1 1 1 2 2 2 2],4
fold_1/sample_1776/image.png,[2 2 2 2 2 2 2],4
fold_1/sample_1777/image.png,[2 2 2 2 2 2 2 2 2 2 2 2 2 2 2 2],4
fold_1/sample_1778/image.png,[2 2 2 2 2 2 2 2],4
fold_1/sample_1779/image.png,[1 1 1 2 2 2 2 2 2 2 2 2 2 2 2 2 2 2 2 2 2 2 2 2],4
fold_1/sample_1780/image.png,[2 2 2 2 2 2 2 2],4
fold_1/sample_1781/image.png,[1 1 1 2 2 2 2 2 2 2 2 2 2 2 2 2 2 2 2 2 2],4
fold_1/sample_1782/image.png,[1 2 2 2 2 2 2 2 2 2],4
fold_1/sample_1783/image.png,[1 2 2 2 2 2 2 2 2 2 2],4
fold_1/sample_1784/image.png,[1 1 2 2 2 2 2 2 2 2 2],4
fold_1/sample_1785/image.png,[1 1 2 2 2 2 2 2 2 2 2 2 2 2 2 2 2 2 2],4
fold_1/sample_1786/image.png,[2 2 2 2 2 2 2 2 2 2 2 2 2 2],4
fold_1/sample_1787/image.png,"[0 0 0 0 0 0 0 0 0 0 0 0 0 0 0 0 0 0 0 0 0 0 0 0 0 0 0 0 0 0 0 0 0 0 0 0 0
 0 0 0 0 1 1 1 2]",4
fold_1/sample_1788/image.png,"[0 0 0 0 0 0 0 0 0 0 0 0 0 0 0 0 0 0 0 0 0 0 0 0 0 0 0 0 0 0 0 0 0 0 0 0 0
 0 0 0 0 0 0 0 0 0 0 1]",4
fold_1/sample_1789/image.png,[0 0 0 0 0 0 0 0 0 1 1 1 1 2 2 2 2 2 2],4
fold_1/sample_1790/image.png,"[0 0 0 0 0 0 0 0 0 0 0 0 0 0 0 0 0 0 0 0 0 0 0 0 0 0 0 0 0 0 1 1 1 1 1 1 2
 2 2 2 2 2 2 2]",4
fold_1/sample_1791/image.png,[0 0 0 0 0 0 0 0 0 0 0 0 0 0 0 0 0 0 0 0 0 0 0 0 0 0 0 0 0 0 0 0 1],4
fold_1/sample_1792/image.png,[0 0 0 0 0 1 1 1 2 2 2 2 2 2 2 2],4
fold_1/sample_1793/image.png,"[0 0 0 0 0 0 0 0 0 0 0 0 0 0 0 0 0 0 0 0 0 0 0 0 0 0 0 0 0 0 0 0 0 0 0 0 0
 1 1 1 2 2 2 2 2]",4
fold_1/sample_1794/image.png,[0 0 0 0 0 0 0 0 0 0 0 0 0 0 0 0 0 0 0 0 0 0 0 0 0 0 0 0],4
fold_1/sample_1795/image.png,"[0 0 0 0 0 0 0 0 0 0 0 0 0 0 0 0 0 0 0 0 0 0 0 0 0 0 0 0 0 0 0 0 0 0 0 0 0
 0 0 0 0 0 0 0 0 0 0 0 0 1 1]",4
fold_1/sample_1796/image.png,[0 0 0 0 0 0 0 0 0 0 0 0 0 0 0 0 0 0 0 0 0 0 0 0 0 0 0 0 0 0 0 0 0 0 1 1],4
fold_1/sample_1797/image.png,"[0 0 0 0 0 0 0 0 0 0 0 0 0 0 0 0 0 0 0 0 0 0 0 0 0 0 0 0 0 0 0 0 0 0 0 0 0
 0 0 0 0 0 0 0 0 1 1]",4
fold_1/sample_1798/image.png,[0 0 0 0 0 0 0 0 0 0 0 0 0 0 0 0 0 0 0 0 0 0 0 0 0 0 0 0 1 1 1 2],4
fold_1/sample_1799/image.png,[0 0 0 0 0 0 0 0 0 0 0 0 0 0 0 0 0 0 0 0 0 0 0 0 0 0 0 1 1 2 2],4
fold_1/sample_1800/image.png,[0 0 0 0 0 0 0 0 0 0 0 0 0 0 0 0 0 0 0 0 0 0 0 0 0 0 0 0 1],4
fold_1/sample_1801/image.png,[0 0 0 0 0 0 0 0 0 0 0 0 0 0 0 0 0 0 0 0 0 0 0 0 1 1 2],4
fold_1/sample_1802/image.png,"[0 0 0 0 0 0 0 0 0 0 0 0 0 0 0 0 0 0 0 0 0 0 0 0 0 0 0 0 0 0 0 0 0 0 0 1 1
 1 1 1 1 2]",4
fold_1/sample_1803/image.png,[0 0 0 0 0 0 0 0 0 0 0 0 0 0 0 0 0 0 0 0 0 0 0 0 0 1 1 1 2 2],4
fold_1/sample_1804/image.png,"[1 1 1 1 1 1 1 1 1 1 2 2 2 2 2 2 2 2 2 2 2 2 2 2 2 2 2 2 2 2 2 2 2 2 2 2 2
 2 2 2 2 2 2 2 2 2 2 2 2]",4
fold_1/sample_1805/image.png,[2 2 2 2 2 2 2 2 2 2 2 2 2 2 2 2 2 2 2 2 2 2 2 2 2 2 2 2 2 2 2 2 2],4
fold_1/sample_1806/image.png,"[0 0 0 0 1 1 1 1 1 1 1 1 1 1 1 1 1 1 1 1 1 1 1 1 1 1 1 1 1 1 1 1 1 1 1 1 1
 1 1 1 1 1 1 1 1 1 1 1 1 1 1 1 1 1 1 1 1 1 1 1 1 1 1 2 2 2 2]",4
fold_1/sample_1807/image.png,"[1 1 1 1 1 1 1 1 1 1 1 1 1 1 1 2 2 2 2 2 2 2 2 2 2 2 2 2 2 2 2 2 2 2 2 2 2
 2 2 2 2 2 2 2 2 2 2 2]",4
fold_1/sample_1808/image.png,[2 2 2 2 2 2 2 2 2 2 2 2 2 2 2 2 2 2 2 2 2 2 2 2 2 2 2 2 2 2 2 2],4
fold_1/sample_1809/image.png,[0 0 0 0 0 0 0 0 0 0 0 0 0 0 0 0 0 1 1 1 1 1 1 1 1 1 1 1 1 2],4
fold_1/sample_1810/image.png,"[0 0 0 0 0 0 0 0 0 0 0 1 1 1 1 1 1 1 1 1 1 1 1 1 1 1 1 1 1 1 1 1 1 1 1 1 1
 1 1 1 1 1 1 2 2 2 2]",4
fold_1/sample_1811/image.png,[0 0 0 0 0 0 0 0 0 0 0 0 0 0 0 0 0 0 1 1 1 1 1 1 1 1 1 2 2],4
fold_1/sample_1812/image.png,[0 0 0 0 0 0 0 0 0 0 0 0 0 0 0 0 0 0 0 0 0 0 0 0 0 0 0 1 1 1 1 1 1 1 1],4
fold_1/sample_1813/image.png,"[0 0 0 0 0 0 0 0 0 0 0 0 0 0 0 0 0 0 0 0 0 0 0 0 0 0 1 1 1 1 1 1 1 1 1 1 1
 1 1 1 1 1 1 1 1 1 1 1 2 2 2]",4
fold_1/sample_1814/image.png,[0 0 0 0 0 0 0 0 0 0 0 0 0 0 0 0 0 0 0 0 0 0 0 0 1 1 1],4
fold_1/sample_1815/image.png,"[0 0 0 0 0 0 0 0 0 0 0 0 0 0 0 0 0 0 0 0 0 0 0 0 0 0 0 0 0 0 0 0 0 0 0 0 0
 0 0 0]",4
fold_1/sample_1816/image.png,[0 0 0 0 0 0 0 0 0 0 0 0 0 0],4
fold_1/sample_1817/image.png,[0 0 0 0 0 0 0 0 0 0 0 0 0 0 0 0 0 0 0 0 0 0 0 0 0 0 0 0 0 0 0 0 0 0],4
fold_1/sample_1818/image.png,"[0 0 0 0 0 0 0 0 0 0 0 0 0 0 0 0 0 0 0 0 0 0 0 0 0 0 0 0 0 0 0 0 0 0 0 0 0
 0 0 0 0 1 1 1 1 1]",4
fold_1/sample_1819/image.png,[0 0 0 0 0 0 0 0 0 0 0 0 0 0 0 0 0 0 0 0 1 1 1],4
fold_1/sample_1820/image.png,"[0 0 0 0 0 0 0 0 0 0 0 0 0 0 0 0 0 0 0 0 0 0 0 0 0 0 0 0 0 0 0 0 0 0 0 0 0
 0 0 0 0 0 0 1 1 1 1 1 1]",4
fold_1/sample_1821/image.png,[0 0 0 0 0 0 0 0 0 0 0 0 0 0 0 0 0 0 0 0 0 0 0 0 0 0 0 0 0 0 0 0 0 0],4
fold_1/sample_1822/image.png,[1 1 2 4 4 4 4 4 4],5
fold_1/sample_1823/image.png,[1 1 1 2 2 2 2 2 2 4 4 4 4 4 4 4 4 4 4 4 4 4 4 4 4 4],5
fold_1/sample_1824/image.png,[1 1 1 1 1 1 1 1 1 1 1 2 2 2 2 2 2 2],5
fold_1/sample_1825/image.png,[1 1 1 1 1 1 1 1 1 1 1 2 2],5
fold_1/sample_1826/image.png,[1 2 2 2 2 2 4 4 4 4 4 4 4 4 4 4 4 4 4 4 4 4 4 4 4],5
fold_1/sample_1827/image.png,[1 1 2 2 2 4 4 4 4 4 4 4 4 4 4 4 4 4 4 4 4 4 4 4 4 4 4 4],5
fold_1/sample_1828/image.png,[1 1 2 2 2 2 2 2 4 4 4 4 4 4 4 4 4 4 4 4 4 4 4 4 4 4],5
fold_1/sample_1829/image.png,[1 1 1 2 2 2 2 2 2 2 2 2 2 2 2 4 4 4 4 4 4 4 4],5
fold_1/sample_1830/image.png,[4 4 4 4 4 4 4 4 4 4 4 4],5
fold_1/sample_1831/image.png,[1 1 1 1 2 2 2 2 2 2 2 2 2 4 4 4 4 4 4 4 4 4 4 4],5
fold_1/sample_1832/image.png,[1 1 1 1 1 1 1 1 1 2 2 2 2 4 4 4 4 4 4 4 4 4 4],5
fold_1/sample_1833/image.png,[1 1 1 1 1 1 1 1 1 2 2 2 2 2 2 2 4 4 4 4 4 4 4 4 4 4 4],5
fold_1/sample_1834/image.png,[1 1 1 1 2 2 4 4 4 4 4 4 4 4 4 4 4 4 4 4 4 4 4],5
fold_1/sample_1835/image.png,[2 2 2 2 4 4 4 4 4 4 4 4 4 4 4 4 4 4 4],5
fold_1/sample_1836/image.png,[2 2 4 4 4 4 4 4 4 4 4 4 4 4 4 4 4],5
fold_1/sample_1837/image.png,[1 1 1 2 2 2 2 2 2 4 4 4 4 4 4 4 4],5
fold_1/sample_1838/image.png,[4 4 4 4 4 4 4 4],5
fold_1/sample_1839/image.png,[1 4 4 4],5
fold_1/sample_1840/image.png,[1 1 2 2 2 2 2 4 4 4 4 4 4 4 4 4 4 4 4 4 4 4 4 4 4],5
fold_1/sample_1841/image.png,[4 4 4 4 4 4 4 4 4 4 4 4 4 4 4 4 4 4 4 4 4],5
fold_1/sample_1842/image.png,[1 2 2 4 4 4 4 4 4 4 4 4 4 4],5
fold_1/sample_1843/image.png,[1 1 1 1 2 2 2 2 2 2 2 4 4 4 4 4 4 4 4 4 4],5
fold_1/sample_1844/image.png,[1 1 2 2 2 2 4 4 4 4 4 4 4 4 4 4 4 4 4 4 4 4 4],5
fold_1/sample_1845/image.png,[1 1 1 1 1 2 2 4 4 4 4 4 4 4 4],5
fold_1/sample_1846/image.png,[2 4 4 4 4 4 4 4 4 4 4],5
fold_1/sample_1847/image.png,[4 4],5
fold_1/sample_1848/image.png,[1 1 1 1 1 1 1 1 1 2 2 2 4 4 4 4 4 4 4 4 4 4 4],5
fold_1/sample_1849/image.png,[4 4 4 4 4 4 4 4 4 4 4],5
fold_1/sample_1850/image.png,[1 1 1 1 1 1 1 1 1 1 1 1 1 2 2 2 2 2 2 2 2],5
fold_1/sample_1851/image.png,[0 1 1 1 2 2 2 2 2 2 2 2 2 2 2 4 4 4 4],5
fold_1/sample_1852/image.png,[1 1 1 1 1 1 1 1 1 1 1 1 1 1 1 2 2 2 2 2 2 2 2],5
fold_1/sample_1853/image.png,[1 1 1 1 1 1 1 1 1 1 1 1 1 1 1 1 1 1 2 2 2 2 2 2 2 2 2 2],5
fold_1/sample_1854/image.png,[1 1 1 1 1 1 1 1 1 1 1 1 1 1 1 1 1 1 2 2 2 2 2 2 2 2 2 2 2 4 4 4 4 4 4 4],5
fold_1/sample_1855/image.png,[4 4 4 4 4 4 4 4 4],5
fold_1/sample_1856/image.png,[1 1 1 2 2 2 4 4 4 4 4 4 4 4 4 4 4 4],5
fold_1/sample_1857/image.png,[1 1 1 1 1 1 1 2 2 2 2 2 2 2 2 2 2 4 4 4 4 4 4 4 4],5
fold_1/sample_1858/image.png,[0 0 1 1 1 1 1 1 1 1 1 1 1 1 1 1 2 2 2 2 2 2 2 2 2],5
fold_1/sample_1859/image.png,[],5
fold_1/sample_1860/image.png,[1 1 1 1 1 1 1 1 1 1 1 1 1 1 1 1 1 1 2 2 2 2 4 4 4 4 4],5
fold_1/sample_1861/image.png,[1 1 1 2 2 2 2 2 2 2 2 2 4 4 4 4 4 4 4 4 4 4 4 4 4 4 4 4 4],5
fold_1/sample_1862/image.png,[1 1 2 4 4 4 4 4 4 4 4 4 4 4 4],5
fold_1/sample_1863/image.png,[1 1 1 1 1 1 2 2 2 2 2 2 2 4 4 4 4 4 4 4 4 4 4 4 4 4 4 4 4],5
fold_1/sample_1864/image.png,[],5
fold_1/sample_1865/image.png,[1 1 1 2 2 2 2 4 4 4 4],5
fold_1/sample_1866/image.png,[1 1 1 2 2 2 2 2 2 4 4 4 4],5
fold_1/sample_1867/image.png,[1 1 1 1 1 2 2 2 4],5
fold_1/sample_1868/image.png,[1 1 1 1 2 2 2 2 2],5
fold_1/sample_1869/image.png,[1 1 1 2],5
fold_1/sample_1870/image.png,[],5
fold_1/sample_1871/image.png,[2 2 4 4 4 4],5
fold_1/sample_1872/image.png,[1 1 1 2 2 2 2 4],5
fold_1/sample_1873/image.png,[4 4 4 4 4 4 4 4],5
fold_1/sample_1874/image.png,[2 2 2 2 4 4 4 4 4 4 4 4 4 4 4 4],5
fold_1/sample_1875/image.png,[2 2 4 4 4 4 4 4 4],5
fold_1/sample_1876/image.png,[2 2 2 4],5
fold_1/sample_1877/image.png,[1 2 2 2 2 4 4 4],5
fold_1/sample_1878/image.png,[1 1 1 2 2 2],5
fold_1/sample_1879/image.png,[1 2 2 2 2 2 2 4 4 4 4 4 4 4],5
fold_1/sample_1880/image.png,[],5
fold_1/sample_1881/image.png,[2 2 2 2 2 2 2 2 4 4 4],5
fold_1/sample_1882/image.png,[2 2 2 4 4 4 4 4 4 4 4],5
fold_1/sample_1883/image.png,[1 1 2 2 2],5
fold_1/sample_1884/image.png,[2 2],5
fold_1/sample_1885/image.png,[4 4 4 4 4 4],5
fold_1/sample_1886/image.png,[2 2 2 2 2 2 2 2 2 2 2 2 2],5
fold_1/sample_1887/image.png,[2 2 2 2 2 4 4 4 4 4 4],5
fold_1/sample_1888/image.png,[1 2 2 2 2 2],5
fold_1/sample_1889/image.png,[1 2],5
fold_1/sample_1890/image.png,[2],5
fold_1/sample_1891/image.png,[1 2 2 2 2],5
fold_1/sample_1892/image.png,[2 4 4 4 4 4],5
fold_1/sample_1893/image.png,[2 2 4 4 4 4 4 4 4 4 4 4 4],5
fold_1/sample_1894/image.png,[2 2 2 2 2 4],5
fold_1/sample_1895/image.png,[2 2 2 2 2 2 2 2 2 2],5
fold_1/sample_1896/image.png,[0 0 0 0],5
fold_1/sample_1897/image.png,[4 4 4 4 4 4 4],5
fold_1/sample_1898/image.png,[4 4 4 4 4 4],5
fold_1/sample_1899/image.png,[1 2 2 2 2 4 4 4 4 4 4 4 4 4 4 4],5
fold_1/sample_1900/image.png,[0 0 0],5
fold_1/sample_1901/image.png,[0 4 4 4 4 4 4 4],5
fold_1/sample_1902/image.png,[2 2 4 4 4 4 4 4 4 4 4 4 4 4 4 4 4 4 4 4 4 4 4 4 4],5
fold_1/sample_1903/image.png,[1 2 2 2 2 4 4 4 4 4 4 4 4],5
fold_1/sample_1904/image.png,[4 4 4 4 4 4 4 4 4 4 4 4 4 4 4 4 4 4 4 4 4 4 4 4 4 4 4 4 4 4 4],5
fold_1/sample_1905/image.png,[1 2 2 2 2 2 2 4 4 4 4 4 4 4 4 4 4 4 4 4 4 4],5
fold_1/sample_1906/image.png,[1 1 1 1 1 1 1 1 1 1 1 1 1 1 1 1 1 1 2 2 2 2 2 2 2 2 4 4 4 4],5
fold_1/sample_1907/image.png,[1 1 1 1 2 2 4 4 4 4 4 4 4 4 4 4 4 4 4 4 4 4 4 4],5
fold_1/sample_1908/image.png,[1 1 1 2 2 2 2 2 2 2 4 4 4 4 4 4 4 4 4 4 4],5
fold_1/sample_1909/image.png,[4 4],5
fold_1/sample_1910/image.png,[1 1 1 1 2 2 2 2 2 2 2 2 4 4 4 4 4 4 4 4 4 4 4 4 4 4 4 4 4],5
fold_1/sample_1911/image.png,[4 4 4 4 4 4 4 4],5
fold_1/sample_1912/image.png,[2 2 2 4 4 4 4 4 4 4 4 4 4 4 4],5
fold_1/sample_1913/image.png,[4 4 4 4 4 4 4 4],5
fold_1/sample_1914/image.png,[1 1 1 2 2 2 2 2 4 4 4 4 4 4 4],5
fold_1/sample_1915/image.png,[1 1 2 2 2 2 4 4 4 4 4 4 4 4 4 4 4 4 4 4 4 4 4 4 4 4],5
fold_1/sample_1916/image.png,[4 4 4 4 4 4 4 4 4 4 4 4],5
fold_1/sample_1917/image.png,[2 2 2 4 4 4 4 4 4 4 4 4 4 4 4 4 4 4 4 4 4 4],5
fold_1/sample_1918/image.png,[4 4 4 4 4],5
fold_1/sample_1919/image.png,[1 1 1 1 2 2 2 2 4 4 4 4 4 4 4],5
fold_1/sample_1920/image.png,[1 1 1 1 1 2 2 2 2 2 2 2 2 2 2 4 4 4 4 4 4 4 4 4 4 4 4 4 4 4 4],5
fold_1/sample_1921/image.png,[1 1 2 2 2 2 2 2 2 2 2 2 2 2 2 4 4 4 4 4 4 4 4 4 4 4 4 4],5
fold_1/sample_1922/image.png,[2 2],5
fold_1/sample_1923/image.png,[],5
fold_1/sample_1924/image.png,[2 2 2 2 2 2 2 2 2 2 2],5
fold_1/sample_1925/image.png,[2 2 2 2 2 2 2 2 2],5
fold_1/sample_1926/image.png,[2 2 2 2 2],5
fold_1/sample_1927/image.png,[1 2 2 2 2 2 2 2 2 2 2 2 2 2 2],5
fold_1/sample_1928/image.png,[4 4 4 4 4 4],5
fold_1/sample_1929/image.png,[1 2 2 2 2 2 4 4 4 4 4 4 4 4 4 4],5
fold_1/sample_1930/image.png,[1 1 2 2 2 2 2 2 2 2 2 2 2 2 2 2 2 2 2 2 2 2],5
fold_1/sample_1931/image.png,[1 1 1 1 2 2 2 2 2 2 2 2 2 2 2 2 2 2 2 2 2 2 2 2 2 2 2 2 2 2 2 2],5
fold_1/sample_1932/image.png,[2 2 2 2 2 2 2 2 2 2 2 2 2 4 4 4 4 4 4 4 4 4 4 4 4 4 4 4],5
fold_1/sample_1933/image.png,[4 4 4 4 4],5
fold_1/sample_1934/image.png,[1 2 2 4 4 4 4 4 4 4 4 4 4 4 4 4],5
fold_1/sample_1935/image.png,[1 1 1 2 2 2 2 2 2 2 2 2 2 2 2 2 2 2 2 2 2 2 2 2 2 2 2 2 2 4 4 4],5
fold_1/sample_1936/image.png,[4],5
fold_1/sample_1937/image.png,[1 1 2 2 2 2 2 2 2 2 2 2 2 2 2 2 2 2 2 2 2],5
fold_1/sample_1938/image.png,[1 1 1 1 1 1 1 1 2 2 2 2 2 2 2 2 2 2 2 4 4 4 4 4 4 4],5
fold_1/sample_1939/image.png,[],5
fold_1/sample_1940/image.png,[],5
fold_1/sample_1941/image.png,[4 4 4 4],5
fold_1/sample_1942/image.png,[4 4 4 4 4 4 4 4 4 4 4 4 4],5
fold_1/sample_1943/image.png,[1 1 1 1 1 1 1 2 2 2 2 2 2 2 2 2 4 4 4 4 4 4 4 4 4 4 4 4 4 4],5
fold_1/sample_1944/image.png,"[1 1 1 1 1 1 1 1 1 1 1 1 1 2 2 2 2 2 2 2 2 2 2 2 2 2 2 2 2 2 2 2 2 2 2 2 2
 2]",5
fold_1/sample_1945/image.png,[],5
fold_1/sample_1946/image.png,[],5
fold_1/sample_1947/image.png,[1 1 1 1 2 4 4 4 4 4 4 4 4 4 4 4 4 4 4 4 4 4 4 4 4 4 4 4 4 4],5
fold_1/sample_1948/image.png,[4 4 4 4],5
fold_1/sample_1949/image.png,[4 4 4 4 4 4 4],5
fold_1/sample_1950/image.png,[1 1 1 1 1 1 2 2 2 2 4 4 4 4 4 4 4 4 4],5
fold_1/sample_1951/image.png,[4 4 4 4 4 4 4 4],5
fold_1/sample_1952/image.png,[4 4 4 4 4],5
fold_1/sample_1953/image.png,[1 1 1 2 2 2 2 2 4 4 4 4 4 4 4 4 4 4 4 4 4 4],5
fold_1/sample_1954/image.png,[1 1 1 1 1 1 1 1 1 1 1 1 1 2 2 2 4 4 4 4],5
fold_1/sample_1955/image.png,[1 1 1 1 1 1 1 2 2 2 2 2 4 4 4 4 4 4 4 4 4 4 4],5
fold_1/sample_1956/image.png,[4 4 4 4 4 4 4 4 4 4 4 4],5
fold_1/sample_1957/image.png,[4 4 4 4],5
fold_1/sample_1958/image.png,[1 1 1 1 1 1 1 1 1 1 1 1 1 1 1 1 1 1 1 2 2 2 4 4 4],5
fold_1/sample_1959/image.png,[1 4 4 4 4 4 4 4 4],5
fold_1/sample_1960/image.png,[1 1 1 1 1 1 1 1 2 2 2 4 4 4 4 4 4 4 4],5
fold_1/sample_1961/image.png,[1 1 1 1 1 1 1 1 1 1 1 1 1 1 1 1 1 1 1 1 2 2 4 4 4 4 4],5
fold_1/sample_1962/image.png,[1 1 1 1 1 1 1 1 1 1 1 2 2 2 4 4 4 4 4 4 4 4 4 4],5
fold_1/sample_1963/image.png,[1 1 1 1 1 1 1 1 2 2 4 4 4 4 4 4 4],5
fold_1/sample_1964/image.png,[4 4 4 4 4 4],5
fold_1/sample_1965/image.png,[1 4 4 4 4 4 4 4],5
fold_1/sample_1966/image.png,[],5
fold_1/sample_1967/image.png,[],5
fold_1/sample_1968/image.png,[],5
fold_1/sample_1969/image.png,[],5
fold_1/sample_1970/image.png,[],5
fold_1/sample_1971/image.png,[],5
fold_1/sample_1972/image.png,[],5
fold_1/sample_1973/image.png,[],5
fold_1/sample_1974/image.png,[],5
fold_1/sample_1975/image.png,[],5
fold_1/sample_1976/image.png,[],5
fold_1/sample_1977/image.png,[],5
fold_1/sample_1978/image.png,[],5
fold_1/sample_1979/image.png,[],5
fold_1/sample_1980/image.png,[1 1 1 1 1 1 1 1 4 4 4 4 4 4 4 4 4 4 4 4 4],5
fold_1/sample_1981/image.png,[1 1 1 1 1 1 1 1 1 1 1 1 1 1 1 1 1 1 1 1 1 1 2 4 4 4 4 4 4 4 4 4],5
fold_1/sample_1982/image.png,[0 0 0 0 1 1 1 1 1 1 1 1 1 1 1 1 1 1 1 1 1 2 4 4 4 4 4 4 4 4 4],5
fold_1/sample_1983/image.png,[1 1 1 1 1 1 1 1 1 1 1 1 1 1 1 1 1 1 1 2 2 4 4 4 4 4 4],5
fold_1/sample_1984/image.png,[1 1 1 1 1 1 1 1 1 1 1 1 1 1 1 1 1 1 1 1 1 1 1 1 4 4 4 4 4],5
fold_1/sample_1985/image.png,[1 4 4 4 4 4 4 4 4 4 4 4 4 4 4 4 4 4],5
fold_1/sample_1986/image.png,[1 1 1 1 1 1 1 1 1 1 1 1 1 1 1 1 1 1 1 1 1 1 2 2 4 4 4 4 4 4 4 4 4 4],5
fold_1/sample_1987/image.png,[1 1 1 1 1 1 1 1 4 4 4 4 4 4 4 4 4 4 4 4 4],5
fold_1/sample_1988/image.png,[1 1 1 1 1 1 1 1 4 4 4 4 4 4 4 4 4 4 4 4 4 4 4 4],5
fold_1/sample_1989/image.png,[1 1 1 1 1 1 1 1 1 1 1 2 2 4 4 4 4 4],5
fold_1/sample_1990/image.png,[1 4 4 4 4 4 4 4 4 4],5
fold_1/sample_1991/image.png,[1 1 1 1 1 1 1 1 1 1 1 1 1 1 1 1 1 1 1 1 1 1 1 1 2 4 4 4],5
fold_1/sample_1992/image.png,[1 1 1 1 1 1 1 1 1 1 1 1 1 1 1 1 1 1 4 4 4 4 4 4 4 4 4 4],5
fold_1/sample_1993/image.png,[1 1 1 1 1 1 1 1 1 1 1 1 1 1 1 1 1 1 1 1 1 1 1 1 1 1 1 2 2 2 4 4 4 4],5
fold_1/sample_1994/image.png,[1 1 1 1 1 1 1 1 1 2],5
fold_1/sample_1995/image.png,[1 1 1 1 1 1 1 1 1 4 4 4 4 4 4 4 4 4 4 4 4],5
fold_1/sample_1996/image.png,[1 1 1 1 1 1 1 1 1 4 4 4 4 4 4 4 4 4],5
fold_1/sample_1997/image.png,[1 4 4 4 4 4 4 4 4 4 4 4 4 4],5
fold_1/sample_1998/image.png,[1 1 1 1 1 1 1 1 1 1 1 1 1 1 2 4 4 4 4 4 4 4 4],5
fold_1/sample_1999/image.png,[1 1 1 1 1 1 1 2 2 2 2 2 2 4 4 4 4 4],5
fold_1/sample_2000/image.png,[1 1 1 1 1 1 1 1 2 2 2 2 2 2 2 2],5
fold_1/sample_2001/image.png,[2 4 4 4 4 4 4 4 4 4 4 4 4],5
fold_1/sample_2002/image.png,[4 4 4 4 4 4 4 4 4 4],5
fold_1/sample_2003/image.png,[1 1 1 1 1 1 1 2 2 2 2 2 2 2 2 2 2 2 2 2 2],5
fold_1/sample_2004/image.png,[1 1 1 1 1 1 2 2 2 2 4 4 4 4 4 4 4 4 4 4],5
fold_1/sample_2005/image.png,[1 1 1 1 1 1 1 1 1 1 1 1 1 2 2 2 2 2 2 2 2],5
fold_1/sample_2006/image.png,[2 4 4 4 4 4 4 4 4 4 4 4 4],5
fold_1/sample_2007/image.png,[],5
fold_1/sample_2008/image.png,[1 1 1 1 1 1 1 1 1 1 1 2 2 2 2 4 4 4 4 4 4],5
fold_1/sample_2009/image.png,[],5
fold_1/sample_2010/image.png,[1 1 2 2 2 4 4 4 4 4 4 4],5
fold_1/sample_2011/image.png,[2 4 4 4 4 4 4 4],5
fold_1/sample_2012/image.png,[1 1 1 1 1 2 2 2 2 2 2 2 2 2 4 4 4 4 4],5
fold_1/sample_2013/image.png,[1 1 2 2 2 2 4 4 4 4],5
fold_1/sample_2014/image.png,[4 4 4 4 4 4 4 4 4 4 4 4 4 4],5
fold_1/sample_2015/image.png,[4 4 4 4 4 4 4],5
fold_1/sample_2016/image.png,[1 1 1 1 1 1 1 1 1 1 1 2 2 2 2 2 2 2],5
fold_1/sample_2017/image.png,[1 1 1 2 2 2 2 2 2 4 4 4 4 4],5
fold_1/sample_2018/image.png,[4 4 4 4 4 4 4 4 4 4 4 4 4 4 4],5
fold_1/sample_2019/image.png,[],5
fold_1/sample_2020/image.png,[],5
fold_1/sample_2021/image.png,[1 2 2 2 2 2 2 2],5
fold_1/sample_2022/image.png,[],5
fold_1/sample_2023/image.png,[1 1 2 2 2 2 2 2 2 2 2 2 2 2 2 2 2 2 2 2 2],5
fold_1/sample_2024/image.png,[2 2 2 2 2 2 2 2 2 2 2 2 2 2 2 2 2 2],5
fold_1/sample_2025/image.png,[2 2 2 2 2 2 2 2 2 2],5
fold_1/sample_2026/image.png,[1 1 2 2 2 2 2 2 2 2 2 2 2 2 2 2 2 2 2 2 2 2 2 2 2 2 2 2 2 2 2 2],5
fold_1/sample_2027/image.png,[2 2 2 2 2 2 2 2],5
fold_1/sample_2028/image.png,[2 2 2 2 2 2 2 2 2 2 2 2 2 2 2 2 2],5
fold_1/sample_2029/image.png,[2 2 2 2 2 2 2 2 2 2 2 2 2 2],5
fold_1/sample_2030/image.png,[2 2 2 2 2 2 2 2 2 2 2 2 2 2 2 2 2],5
fold_1/sample_2031/image.png,[1 1 2 2 2 2 2 2 2 2 2 2 2 2 2 2 2 2 2 2 2],5
fold_1/sample_2032/image.png,[1 1 1 1 1 1 1 2 2 2 2 2 2 2 2 2 2 2 2 2 2 2 2 2 2 2 2 2 2 2 2 2 2 2 2],5
fold_1/sample_2033/image.png,[1 1 2 2 2 2 2 2 2 2 2 2 2 2 2 2],5
fold_1/sample_2034/image.png,[2 2 2 2 2 2 2 2 2 2 2 2 2 2 2],5
fold_1/sample_2035/image.png,[2 2 2 2 2 2 2 2 2 2 2 2],5
fold_1/sample_2036/image.png,[2 2 2 2 2 2 2 2 2 2 2 2 2 2 2 2 2],5
fold_1/sample_2037/image.png,[2 2 2 2 2 2 2 2 2 2 2 2 2 2 2 2 2 2 2 2],5
fold_1/sample_2038/image.png,[1 1 1 2 2 2 2 2 2 2 2 2 2 2 2],5
fold_1/sample_2039/image.png,[1 2 2 2 2 2 2 2 2 2 2 2 2 2],5
fold_1/sample_2040/image.png,[1 2 2 2 2 2 2 2 2 2],5
fold_1/sample_2041/image.png,[1 1 1 1 1 1 2 2 2 2 2 2 2 2 2 2 2 2 2 2 2 2 2 2 2 2],5
fold_1/sample_2042/image.png,[1 1 1 2 2 2 2 2 2 2 2 2 2 2 2 2 2 2 2 2 2],5
fold_1/sample_2043/image.png,[2 2 2 2 2 2 2 2 2 2 2 2 2 2 2 4 4 4 4 4],5
fold_1/sample_2044/image.png,[2 2 2 2 2 2 2 4 4 4 4 4 4 4 4 4],5
fold_1/sample_2045/image.png,[2 4 4 4 4 4 4 4 4 4 4 4],5
fold_1/sample_2046/image.png,[2 2 2 2 2 4 4 4 4 4 4 4 4 4 4 4 4],5
fold_1/sample_2047/image.png,[2 2 2 2 2 2 2 2 2 4 4 4 4 4 4 4 4 4 4 4 4],5
fold_1/sample_2048/image.png,[1 1 1 4],5
fold_1/sample_2049/image.png,[2 2 2 2 2 2 4 4 4 4 4 4 4 4 4 4],5
fold_1/sample_2050/image.png,[2 2 2 2 2 2 2 2 2 2 2 2 2 2 4 4 4 4 4 4 4 4 4 4 4 4],5
fold_1/sample_2051/image.png,[2 2 2 2 2 2 2 2 2 2 2 2 2 4 4 4 4],5
fold_1/sample_2052/image.png,[2 2 2 2 4 4 4 4 4 4 4 4 4 4 4 4 4 4 4 4 4 4],5
fold_1/sample_2053/image.png,[1 2 2 2 2 2 2 2 2 2 2 2 2 2 2 4 4 4 4 4 4],5
fold_1/sample_2054/image.png,[2 2 2 2 2 2 2 2 4 4 4 4 4 4 4 4 4 4 4],5
fold_1/sample_2055/image.png,[2 2 2 2 2 2 2 2 2 2 2 2 2 2 2 2 2 4 4 4 4 4 4 4 4 4 4],5
fold_1/sample_2056/image.png,[2 2 2 2 2 2 2 2 4 4 4 4 4 4 4 4 4 4 4 4 4 4 4 4 4 4 4 4 4 4 4],5
fold_1/sample_2057/image.png,[0 0 0 0 0 0 0 0 0 0 0 0 0 0 0 0 0 0 0 3],5
fold_1/sample_2058/image.png,[0 0 0 0 0 0 0 0 0 0 0 0 3 3 3 3 3 3 3 3 3 3 3 3 3 3 3 3 3 3],5
fold_1/sample_2059/image.png,[0 0 0 0 0 0 0 0 0 0 0 1 3 3 3 3],5
fold_1/sample_2060/image.png,[0 0 0 0 0 0 0 0 0 0 0 0 0 0 2 2 2 2 2 2 2 2],6
fold_1/sample_2061/image.png,[0 0 0 0 0 0 0 0 0 0 0 0 0 0 0 0 0 0 0 0 0 0 0 0 0 0 0 0],6
fold_1/sample_2062/image.png,[0 0 0 0 0 0 0 0 0 0 0 0 0 0 0 0 0 0 0 0 1],6
fold_1/sample_2063/image.png,[0 0 0 0 0 0 0 0 0 0 0 0 0 0 0 0 0 0 0 0 0 0 0 0 0 0 0 0 0 0 0 0 0 1 1],6
fold_1/sample_2064/image.png,"[0 0 0 0 0 0 0 0 0 0 0 0 0 0 0 0 0 0 0 0 0 0 0 0 0 0 0 0 0 0 0 0 0 0 0 0 0
 0 0 0 0 0 0 0 0 0 0 0]",6
fold_1/sample_2065/image.png,"[0 0 0 0 0 0 0 0 0 0 0 0 0 0 0 0 0 0 0 0 0 0 0 0 0 0 0 0 0 0 0 0 0 0 0 0 0
 0 0 1 1 1]",6
fold_1/sample_2066/image.png,[2 2 2 2 2 2 2 2 2 2],6
fold_1/sample_2067/image.png,"[0 0 0 0 0 0 0 0 0 0 0 0 0 0 0 0 0 0 0 0 0 0 0 0 0 0 0 0 0 0 0 0 0 0 0 0 0
 0 0 1 1 1 1 1 1 1 1 1 2]",6
fold_1/sample_2068/image.png,"[0 0 0 0 0 0 0 0 0 0 0 0 0 0 0 0 0 0 0 0 0 0 0 0 0 0 0 0 1 1 1 1 1 1 1 1 1
 1 1 2 2 2 2]",6
fold_1/sample_2069/image.png,[0 0 0 0 0 0 0 0 0 0 0 0 0 0 0 0 1 1 1 1],6
fold_1/sample_2070/image.png,[0 0 0 0 0 0 0 0 0 0 0 0 0 0 0 0 0 0 0 2 2 2 2],6
fold_1/sample_2071/image.png,[0 0 0 0 0 0 0 0 0 0 0 0 0 0 0 2 2 2 2 3],6
fold_1/sample_2072/image.png,[0 0 0 0 0 0 0 0 0 0 0 0 0 0 0 0 0 0 0 0 0 0 0 2],6
fold_1/sample_2073/image.png,[0 0 0 0 0 0 0 0 0 0 0 0 0 0 0 1 2],6
fold_1/sample_2074/image.png,[0 0 0 0 0 0 0 0 2 2 2 2 2 2 2 2 2 2 2 2 2 2 2],6
fold_1/sample_2075/image.png,[0 0 0 0 0 0 0 0 0 1 2 2 2 2 2 2 2],6
fold_1/sample_2076/image.png,[0 0 0 0 0 0 0 0 0 0 0 0 0 0 0 0 0 0 0 0 0 0 1 2 2 2 3 3 3 3 3 3 3 3],6
fold_1/sample_2077/image.png,[0 0 0 0 0 0 0 0 0 0 1 2 2 2 2 2 2 2 2 2 2],6
fold_1/sample_2078/image.png,[0 0 0 0 0 0 0 0 0 0 0 0 0 0 0 0 0 0 0 0 2 3 3],6
fold_1/sample_2079/image.png,[1 1 2 2 2 2 2 2 2 2 2 2 2 2 2 2 2 2 2],6
fold_1/sample_2080/image.png,[2 2 2 2 2 2 2 2 2 2 2 2 2 2 2 2 2 2 2 2 2 2],6
fold_1/sample_2081/image.png,[1 1 1 2 2 2 2 2 2 2 2 2 2 2 2 2 2 2 2 2 2 2],6
fold_1/sample_2082/image.png,[1 1 1 2 2 2 2 2 2 2 2 2 2 2 2 2],6
fold_1/sample_2083/image.png,[2 2 2 2 2 2 2 2 2 2 2 2 2 2 2 2 2 2],6
fold_1/sample_2084/image.png,[1 1 1 1 2 2 2 2 2 2 2 2 2 2 2 2 2 2 2 2 2 2 2 2 2 2 2 2 2 2 2 2],6
fold_1/sample_2085/image.png,[1 1 1 1 2 2 2 2 2 2 2 2 2 2 2 2 2 2 2 2 2 2 2 2 2 2 2 2 2 2 2 2 2 2 2 2 2],6
fold_1/sample_2086/image.png,[0 0 0 0 0 0 0 0 0 0 0 0 0 0 0 0 0 0 0 0 0 2],6
fold_1/sample_2087/image.png,[0 0 0 0 0 0 0 0 0 0 0 0 0 2 2 2 2 2 2 2 2 2 2],6
fold_1/sample_2088/image.png,[1 1 1 1 1 1 1 1 2 2 2 2 2 2 2 2 2 2 2 2 2 2 2 2 2 2 2 2 3],6
fold_1/sample_2089/image.png,[0 1 1 2 2 2 2 2 2 2 2 2 2 2 2 2 2],6
fold_1/sample_2090/image.png,[1 1 1 1 1 2 2 2 2 2 2 2 2 2 2 2 2 2 2 2 2],6
fold_1/sample_2091/image.png,[2 2 2 2 2 2 2 2 2 2 2 2 2 2 2 2 2 2 2],6
fold_1/sample_2092/image.png,[2 2 2 2 2 2 2 2 2 2 2 2 2 2 2 2 2 2 2 2 2 2 2 2],6
fold_1/sample_2093/image.png,[2 2 2 2 2 2 2 2 2 2 2 2 2 2 2 2 2 2 2 2],6
fold_1/sample_2094/image.png,[2 2 2 2 2 2 2 2 2 2 2 2 2 2 2 2 2 2 2 2 2 2 2 2 2],6
fold_1/sample_2095/image.png,[2 2 2 2 2 2 2 2 2 2 2 2 2 2 2 2 2 2 2 2 2 2 2 2 2 2],6
fold_1/sample_2096/image.png,[2 2 2 2 2 2 2 2 2 2 2 2 2 2 2 2 2 2 2 2],6
fold_1/sample_2097/image.png,[2 2 2 2 2 2 2 2 2 2 2 2 2 2 2 2 2 2 2 2 2 2],6
fold_1/sample_2098/image.png,[],7
fold_1/sample_2099/image.png,[0 0 0 0 0 0 0 0 0 0 0 0 0 2 2 2 2 2 2],7
fold_1/sample_2100/image.png,[0 0 0 0 0 0 0 0 0 0 0 0 0 0 0 0 0 0 0 0 0 0 1 2 2 2 2 2],7
fold_1/sample_2101/image.png,[0 0 0 0 0 0 0 0 0 0 0 0 0 0 0 0 0 0 0 0 0 1 2],7
fold_1/sample_2102/image.png,[0 0 0 0 0 0 0 0 0 0 0 0 0 0 0 0 0 0 2 2],7
fold_1/sample_2103/image.png,[2 2 2 2 2 2 2 2 2 2 2],7
fold_1/sample_2104/image.png,[0 0 0 0 0 0 0 0 0 2 2 2 2 2 2],7
fold_1/sample_2105/image.png,[0 0 0 0 0 1 1 2 2 2 2 2 2 2 2 2 2 2 2 2 2 2 2 2],7
fold_1/sample_2106/image.png,[1 1 1 1 1 1 1 1 1 1 2 2 2 2 2 2 2 2 2 2 2 2 2 2 2 2 2 2 2 2 2 2],7
fold_1/sample_2107/image.png,[0 0 0 0 1 1 1 1 2 2 2 2 2 2 2 2 2 2 2],7
fold_1/sample_2108/image.png,[],7
fold_1/sample_2109/image.png,[],7
fold_1/sample_2110/image.png,[],7
fold_1/sample_2111/image.png,[],7
fold_1/sample_2112/image.png,[0 0 0 0 0 0 0 0 0 0 0 0 0 0 0],7
fold_1/sample_2113/image.png,[0 0 0 0 0 0 0 0 0 0 0 0 0 0 0 0 0 0],7
fold_1/sample_2114/image.png,[0 0 2 2 2 2 2],7
fold_1/sample_2115/image.png,[],7
fold_1/sample_2116/image.png,[0 0 0 1 2 2 2 2 2 2 2 2 2],7
fold_1/sample_2117/image.png,[0 0 0 0 0 0 0 0 0 2 2],7
fold_1/sample_2118/image.png,"[1 1 1 1 1 1 1 1 1 1 1 1 1 1 1 1 1 1 1 1 1 1 1 1 1 1 1 1 1 1 1 1 1 1 1 1 1
 1 1 1 1 1 1 1 1 1 1 1 1 1 1 1 1 1 1 1 1 1 1 1 1 1 1 1 1 1 1 1 1 1 1 1 1 1
 1 1 1 1 1 1 1 1 1 1 1 1 1 1 1 1 1 2 2 2]",7
fold_1/sample_2119/image.png,"[1 1 1 1 1 1 1 1 1 1 1 1 1 1 1 1 1 1 1 1 1 1 1 1 1 1 1 1 1 1 1 1 1 1 1 1 1
 1 1 1 1 1 1 1 1 1 1 1 1 1 1 1 1 1 1 1 1 1 1 1 1 1 1 1 1 1 1 1 1 1 1 1 1 1
 1 1 1 1 1 1 1 1 1 2 2 2 2 2]",7
fold_1/sample_2120/image.png,"[1 1 1 1 1 1 1 1 1 1 1 1 1 1 1 1 1 1 1 1 1 1 1 1 1 1 1 1 1 1 1 1 1 1 1 1 1
 1 1 1 1 1 1 1 1 1 1 1 1 1 1 1 1 1 1 1 1 1 1 1 1 1 1 1 1 1 1 1 1 1 1 1 1 1
 1 1 1 1 1 1 1 1 1 1 1 1 1 1 1 1 1 2 2 2]",7
fold_1/sample_2121/image.png,"[1 1 1 1 1 1 1 1 1 1 1 1 1 1 1 1 1 1 1 1 1 1 1 1 1 1 1 1 1 1 1 1 1 1 1 1 1
 1 1 1 1 1 1 1 1 1 1 1 1 1 1 1 1 1 1 1 1 1 1 1 1 1 1 1 1 1 1 1 1 1 1 1 1 1
 1 1 1 1 1 1 1 1 1 1 1 1 1 1 1 1 2 2]",7
fold_1/sample_2122/image.png,[0 0 0 0 0 0 0 0 0 0 0 0 0 0 0 0 0 0 1 1 1 2 2 2 2],7
fold_1/sample_2123/image.png,[0 0 0 0 0 0 0 0 0 0 0 0 0 0 0 0 0 1 1 1 1 2 2 2],7
fold_1/sample_2124/image.png,[0 0 0 0 0 0 0 0 0 0 0 0 0 0 0 0 0 0 0 0 0 0 0 0 0 1 1],7
fold_1/sample_2125/image.png,[1 1 1 1 2 2 2 2 2 2 2],7
fold_1/sample_2126/image.png,[1 2 2 2 2 2 2 2 2],7
fold_1/sample_2127/image.png,[4 4 4 4 4 4 4 4],7
fold_1/sample_2128/image.png,[4 4 4 4 4 4 4 4 4 4 4 4 4 4 4],7
fold_1/sample_2129/image.png,[4 4 4 4 4 4 4 4 4 4 4 4 4],7
fold_1/sample_2130/image.png,[4 4 4 4 4 4 4 4 4 4 4 4 4 4 4 4],7
fold_1/sample_2131/image.png,[],7
fold_1/sample_2132/image.png,[],7
fold_1/sample_2133/image.png,[],7
fold_1/sample_2134/image.png,[],7
fold_1/sample_2135/image.png,[],7
fold_1/sample_2136/image.png,[2 2 2 2 2],7
fold_1/sample_2137/image.png,[],7
fold_1/sample_2138/image.png,[2 2 2 2 2 2 2 2 2 2 2 2 2],7
fold_1/sample_2139/image.png,[2 2 2 2 2 2 2 2 2 2 2 2 2 2 2 2 2 2 2 2 2 2 2 2 2],7
fold_1/sample_2140/image.png,[2 2 2 2 2 2 2 2 2 2 2 2 2 2 2 2 2 2 2 2 2],7
fold_1/sample_2141/image.png,[2 2 2 2 2 2 2 2 2 2 2 2 2 2 2 2],7
fold_1/sample_2142/image.png,[2 2 2 2 2 2 2 2 2 2 2 2 2 2 2],7
fold_1/sample_2143/image.png,[2 2 2 2 2 2 2 2 2 2 2 2 2 2 2 2 2 2],7
fold_1/sample_2144/image.png,[2 2 2 2 2 2 2 2 2 2 2 2 2 2 2 2 2 2],7
fold_1/sample_2145/image.png,[2 2 2 2 2 2 2 2 2 2 2 2 2 2 2 2 2 2],7
fold_1/sample_2146/image.png,[2 2 2 2 2 2 2 2 4 4 4],7
fold_1/sample_2147/image.png,[2 4 4 4 4],7
fold_1/sample_2148/image.png,[2 2 2 2 2 2 2 2 4 4 4 4],7
fold_1/sample_2149/image.png,[2 2 2 2 2 2 2 2 4 4],7
fold_1/sample_2150/image.png,[2 2 2 2 2 2 2 2 2 2 2 2 2],7
fold_1/sample_2151/image.png,[1 2 2 2 2 2 2 2 2 2 2],7
fold_1/sample_2152/image.png,[1 1 2 2 2 2 2 2 2 2 2 2 2 2 2 2],7
fold_1/sample_2153/image.png,"[0 0 0 0 0 0 0 0 0 0 0 0 0 0 0 0 0 0 0 0 0 0 0 0 0 0 0 0 0 0 0 0 0 0 0 0 0
 0 0 0 0 0 0 0 0 0 0 0 0]",7
fold_1/sample_2154/image.png,"[0 0 0 0 0 0 0 0 0 0 0 0 0 0 0 0 0 0 0 0 0 0 0 0 0 0 0 0 0 0 0 0 0 0 0 0 0
 0]",7
fold_1/sample_2155/image.png,"[1 1 1 1 1 1 1 1 1 1 1 1 1 1 1 1 1 1 1 1 1 1 1 1 1 1 1 2 2 2 2 2 2 2 2 2 2
 2 2 2 2 2 2]",7
fold_1/sample_2156/image.png,[0 1 1 1 1 1 2 2 2 2 2 2],7
fold_1/sample_2157/image.png,[1 1 1 1 1 1 2 2 2 2 2 2 2],7
fold_1/sample_2158/image.png,[1 1 1 1 2 2 2 2 2],7
fold_1/sample_2159/image.png,[0 0 0 0 0 0 0 0 0 0 0 0 0 0 0 0 0 0 0],7
fold_1/sample_2160/image.png,[0 0 0 0 0 0 0 0 0 0 0 0 0 0 0 0 0 0 0 0 0 0 0 0 0 0 0 0 0 0 0 2 2],7
fold_1/sample_2161/image.png,[0 0 0 0 1 1 1 1 1 3 3 3 3 3 3 3 3],7
fold_1/sample_2162/image.png,[0 0 0 0 0 0 0 0 0 0 0 0 0 0 0 0 0 0 0 0 0 0 0 0 0 0 0 0 0 1 1 1],7
fold_1/sample_2163/image.png,[],7
fold_1/sample_2164/image.png,[],7
fold_1/sample_2165/image.png,[],7
fold_1/sample_2166/image.png,"[0 0 0 0 0 0 0 0 0 0 0 0 0 0 0 0 0 0 0 0 0 0 0 0 0 0 0 0 0 0 0 0 0 0 0 0 0
 0 0 2 2]",7
fold_1/sample_2167/image.png,"[0 0 0 0 0 0 0 0 0 0 0 0 0 0 0 0 0 0 0 0 0 0 0 0 0 0 0 0 0 0 0 0 0 0 0 0 0
 0 1 1]",7
fold_1/sample_2168/image.png,[0 0 2 2 2 2 2 2],8
fold_1/sample_2169/image.png,[0 0 0 0 0 0 0 0 0 0 0 0 0 0 0 0 0 0 0 0 0 0 0 0],8
fold_1/sample_2170/image.png,[0 0 0 0 0 0 0 0 0 2],8
fold_1/sample_2171/image.png,[0 0 0 0 0 0 0 0 0 0 0 0 0 0 0 0 2 2 2 2 2 2 2 2],8
fold_1/sample_2172/image.png,[0 0 0 0 0 0 0 0 0 0 0 0 0 0 0 0 0 0 0 0 0 2 2 2],8
fold_1/sample_2173/image.png,[0 0 0 0 0 0 0 0 0 0 0 0 0 0 0 0 0 0 0 0 0 0 0 0 0],8
fold_1/sample_2174/image.png,[],8
fold_1/sample_2175/image.png,[1],8
fold_1/sample_2176/image.png,[],8
fold_1/sample_2177/image.png,[2 2 2 2 2 2 2 2 2],8
fold_1/sample_2178/image.png,[1 2 2 2 2 2 2 2 2 2 2 2],8
fold_1/sample_2179/image.png,[2 2 2 2 2 2 2 2 2 2 2],8
fold_1/sample_2180/image.png,[2 2 2 2 2 2 2 2 2 2 2],8
fold_1/sample_2181/image.png,[2 2 2 2 2 2 2 2 2],8
fold_1/sample_2182/image.png,[0 0 0 0 0 0 0 0 0 0 0 0 0 0 0 0 0 0 0 0 0 0 1 1 2 2 2 2 2 2 2],8
fold_1/sample_2183/image.png,[0 0 0 0 0 0 0 0 0 0 0 0 0 0 0 0 0 0 0 2 2],8
fold_1/sample_2184/image.png,[0 0 0 0 0 0 0 0 0 0 0 0 0 0 0 1 1 1 1 2 2 2],8
fold_1/sample_2185/image.png,[2 2 2 2 2 2 2 4 4 4 4 4 4 4 4 4],8
fold_1/sample_2186/image.png,[2 2 2 4 4 4 4 4 4 4 4 4 4 4],8
fold_1/sample_2187/image.png,[2 2 2 2 2 2 4 4 4 4 4 4 4],8
fold_1/sample_2188/image.png,[2 2 2 2 2 2 2 2 4 4 4 4 4 4 4 4 4 4 4 4 4],8
fold_1/sample_2189/image.png,[0 0 0 0 0 0 0 0 0 0 0 0 0 0 0 0 0 0 0 0 0 0],9
fold_1/sample_2190/image.png,[0 0 0 0 0 0 0 0 0 0 0 0 0 0 0 1 1],9
fold_1/sample_2191/image.png,[0 0 0 0 0 0 0 0],9
fold_1/sample_2192/image.png,[0 0 0 0 0 0 0 0 0 0 0 0 0 0 0 1 1 1 1 2 2 2 2 2 2],9
fold_1/sample_2193/image.png,[0 1 1 1 1 1 1 1 2 2 2 2 2 2 2 2 2 2 2 2 2 2 2 2 2 2 2 2 2 2 2 2 2 2 2 2],9
fold_1/sample_2194/image.png,[0 0 0 0 0 0 0 0 0],9
fold_1/sample_2195/image.png,[0 0 0 0 0 0 1 2],9
fold_1/sample_2196/image.png,[0 0 0 0 0 0 0 0 2 2 2 2],9
fold_1/sample_2197/image.png,[0 0 0 0 0 0 0 0 0 0 0 0 0 0 2],9
fold_1/sample_2198/image.png,[0 0 0 0 0 0 0 0 0 0 0 0 0 2 2 2],9
fold_1/sample_2199/image.png,[0 0 0 0 0 0 0 0 0 0 0 0 0 2],9
fold_1/sample_2200/image.png,[1 1 1 1 1 1 1 1 1 2 2 2 2 2 2 2],9
fold_1/sample_2201/image.png,[1 1 1 2 2 2 2 2 2 2 2 2 2 2 2],9
fold_1/sample_2202/image.png,[],9
fold_1/sample_2203/image.png,[0 0 0 0 0 0 0 0 0 0 0 0 0 0 0 0 0 1 1 1 1 2],9
fold_1/sample_2204/image.png,[0 0 0 0 0 0 0 0 1 1 1],9
fold_1/sample_2205/image.png,[0 0 0 0 0 0 0 0 0 0 0 0 0 0 0 0 1 1 2],9
fold_1/sample_2206/image.png,[0 0 0 0 0 0 0 0 0 0 0 0 0 0 1 1 1 2 2 2 2 2],9
fold_1/sample_2207/image.png,"[1 1 1 1 1 2 2 2 2 2 2 2 2 2 2 2 2 2 2 2 2 2 2 2 2 2 2 2 2 2 2 2 2 2 2 2 2
 2 2 2 2]",9
fold_1/sample_2208/image.png,[0 0 0 0 0 0 0 0 0 0 0 0 0 0 0 0 1 1],9
fold_1/sample_2209/image.png,"[2 2 2 4 4 4 4 4 4 4 4 4 4 4 4 4 4 4 4 4 4 4 4 4 4 4 4 4 4 4 4 4 4 4 4 4 4
 4 4 4 4 4 4 4 4 4 4 4 4 4 4 4 4 4 4 4 4 4 4 4 4 4 4 4 4 4 4 4 4 4 4]",9
fold_1/sample_2210/image.png,"[1 1 1 2 2 4 4 4 4 4 4 4 4 4 4 4 4 4 4 4 4 4 4 4 4 4 4 4 4 4 4 4 4 4 4 4 4
 4 4 4 4 4 4 4 4 4 4 4 4 4 4 4 4 4 4 4 4 4 4 4 4 4 4 4 4]",9
fold_1/sample_2211/image.png,"[1 1 1 2 4 4 4 4 4 4 4 4 4 4 4 4 4 4 4 4 4 4 4 4 4 4 4 4 4 4 4 4 4 4 4 4 4
 4 4 4 4 4 4 4 4 4 4 4 4 4 4 4 4 4 4 4 4 4 4 4 4 4 4]",9
fold_1/sample_2212/image.png,"[1 2 2 2 4 4 4 4 4 4 4 4 4 4 4 4 4 4 4 4 4 4 4 4 4 4 4 4 4 4 4 4 4 4 4 4 4
 4 4 4 4 4 4 4 4 4 4 4 4 4 4 4 4 4 4 4 4 4 4 4 4]",9
fold_1/sample_2213/image.png,[4 4 4 4 4 4 4 4 4 4],9
fold_1/sample_2214/image.png,[2 2 4 4 4 4 4 4 4 4 4 4 4 4],9
fold_1/sample_2215/image.png,[2 2 2 2 2 2 2 2 4 4 4 4 4 4 4 4 4 4 4 4 4],9
fold_1/sample_2216/image.png,[2 2 2 4 4 4 4 4 4 4 4 4 4 4 4],9
fold_1/sample_2217/image.png,[2 4 4 4 4 4 4 4 4 4 4 4 4 4 4 4 4 4],9
fold_1/sample_2218/image.png,[2 4 4 4 4 4 4 4 4 4 4 4 4 4 4],9
fold_1/sample_2219/image.png,[0 0 0 0 0 0 0 0 0 0 0 0 0 0 0 0 0 1 2],9
fold_1/sample_2220/image.png,[0 0 0 0 0 0 0 0 0 0 0 0 0 0 0 0 0 0 0 0 0 0 0 0 0 0 0 0 0 1 2 2],9
fold_1/sample_2221/image.png,[0 0 0 0 0 0 0 0 0 0 0 0 0 0 0 0 0 0 0 0 0 0 0],9
fold_1/sample_2222/image.png,[0 0 0 0 0 0 0 0 0 0 0 0 0 0 0 0 0 0 1 1 2 2],9
fold_1/sample_2223/image.png,[0 0 0 0 0 0 0 0 0 0 0 0 0 0 0 0 0 0 0 0 2 2 2],9
fold_1/sample_2224/image.png,[0 0 0 0 0 0 0 0 1 1 1 2 2],9
fold_1/sample_2225/image.png,[0 0 0 0 0 0 0 0 0 0 0 0 0 0 0 0 0 0 0 0 0 0 0 0],9
fold_1/sample_2226/image.png,[0 0 0 0 0 0 0 0 0 0 0 0 0 0 0 0 0 0 0 0 0 0 0 0 0 0 0 0 0 0],9
fold_1/sample_2227/image.png,[1 1 2 2 2 2 2 2 2 2 2 2 2 2 2 2 2],9
fold_1/sample_2228/image.png,[2 2 2 2 2 2 2 2 2 2 2 2],9
fold_1/sample_2229/image.png,[1 2 2 2 2 2 2 2 2 2 2 2 2],9
fold_1/sample_2230/image.png,[2 2 2 2 2 2 2 2 2 2 2 2 2 2],9
fold_1/sample_2231/image.png,[0 0 0 0 0 0 0 0 0 0 0 0 0 0 0 0 0 0 0 0 0 0 0 1],9
fold_1/sample_2232/image.png,[0 0 0 0 0 0 0 0 0 0 0 0 0 0 0 0 0 0 0 1 1 1 1 1 2 2],9
fold_1/sample_2233/image.png,[0 0 0 0 0 0 0 0 0 0 0 0 0 0 0 0 0 0 0 0 0 0 0 0 0],9
fold_1/sample_2234/image.png,[0 0 0 0 0 0 0 0 0 0 0 0 0 0 0 0 0 1 1 1 1 2 2 2 2 2 2 2 2 2 2],9
fold_1/sample_2235/image.png,[0 0 0 0 0 0 0 0 0 0 0 0 0 0 0 0 0 0],9
fold_1/sample_2236/image.png,[0 0 0 0 0 0 0 0 0 0 0 0 0 1 2 2 2 2 2 2 2 2 2 2 2 2],9
fold_1/sample_2237/image.png,[2 2 2 2 2 2 2 2 2 2 2 2 2 2 2 2 2 2 2 2 2 2 2 2 2 2 2],9
fold_1/sample_2238/image.png,[0 0 0 0 0 0 0 0 0 0 0 1 2 2 2 2 2 2 2 2],9
fold_1/sample_2239/image.png,[0 0 0 2 2 2 2 2 2 2 2 2 2 2 2 2],9
fold_1/sample_2240/image.png,[0 0 0 0 0 0 0 0 0 0 0 0 0 0 2 2],9
fold_1/sample_2241/image.png,[0 0 0 2 2 2 2 2 2 2 2 2 2 2 2 2],9
fold_1/sample_2242/image.png,[1 1 4 4 4 4 4 4 4 4 4 4 4 4],9
fold_1/sample_2243/image.png,[4 4 4 4 4 4 4 4 4 4 4],9
fold_1/sample_2244/image.png,[1 1 4 4 4 4 4 4 4 4 4 4 4 4 4 4 4 4 4 4 4 4 4 4 4],9
fold_1/sample_2245/image.png,[2 2 2 2 2 2 2 2 2 2 2 2 2 2 2],9
fold_1/sample_2246/image.png,[1 1 2 2 2 2 2 2 2 2 2 2 2 2 2 2 2 2 2],9
fold_1/sample_2247/image.png,[0 0 0 0 0 0 0 0 0 0 0 0 1 1 1 2 2 2 2 2 2 2 2 2],9
fold_1/sample_2248/image.png,[0 0 0 1 1 1 1 2 2 2 2 2 2 2 2 2 2 2 2 2],9
fold_1/sample_2249/image.png,[0 0 0 0 0 0 0 0 0 0 0 0 0 0 0 0 0 0 0 0 1 2],9
fold_1/sample_2250/image.png,[0 0 0 0 0 0 0 0 0 0 0 0 0 0 0 0 0 0 0 0 0 0 2 2 2 2 2 2],9
fold_1/sample_2251/image.png,[0 0 0 0 0 0 0 0 0 0 0 0 0 0 1 1 2 2 2 2],9
fold_1/sample_2252/image.png,[0 0 0 0 0 0 0 0 0 0 0 0 0 0 0 1 2 2],9
fold_1/sample_2253/image.png,[0 0 0 0 0 0 0 0 0 0 0 0 0 0 0 0 0 0],9
fold_1/sample_2254/image.png,[0 0 0 0 0 0 0 0 0 0 0 0 0 0 0 0 0 0 0 0 1 1],10
fold_1/sample_2255/image.png,[0 0 0 0 0 0 0 0 0 0 0 0 0 0 0 0 0 0 0 0 0 0 0 1 1 2],10
fold_1/sample_2256/image.png,[0 0 0 0 0 0 0 0 0 0 0 0 0 0 2 2 2 2],10
fold_1/sample_2257/image.png,[0 0 0 0 0 0 0 0 0 0 0 0 0 0 0 0 0 0 0 1 1 2 2 2 2 2],10
fold_1/sample_2258/image.png,[0 0 0 0 0 0 0 0 0 0 0 0 0 0 0 0 0 0 0 0 0 0 0 0 0 0 0 0],10
fold_1/sample_2259/image.png,[0 0 0 0 0 0 0 0 0 0 0 0 0 0 0 0 0 0 0 0 0 0 0 0 1 2],10
fold_1/sample_2260/image.png,[0 0 0 0 0 0 0 0 0 0 0 0 0 0 0 0 0 0 0 0 0 0 0 0 0 0 0 0],10
fold_1/sample_2261/image.png,[0 0 0 0 0 0 0 0 0 0 0 0 0 0 0 0 0 0 1 1 1 2 2],10
fold_1/sample_2262/image.png,[0 0 0 0 0 0 0 0 0 0 0 0 0 1 1 2 2],10
fold_1/sample_2263/image.png,[],10
fold_1/sample_2264/image.png,[],10
fold_1/sample_2265/image.png,[],10
fold_1/sample_2266/image.png,[0 0 0 1 2],10
fold_1/sample_2267/image.png,[],10
fold_1/sample_2268/image.png,[1 1 1 1 1 1 1 1 1 1 2 2 2 2 2 2 2 2],11
fold_1/sample_2269/image.png,[1 1 1 2 2 2 2 2 2 2 2 2 2 2],11
fold_1/sample_2270/image.png,[1 1 2 2 2 2 2 2 2 2 2 2 2 2 2 2 2 2],11
fold_1/sample_2271/image.png,[1 1 1 1 1 2 2 2 2 2 2 2 2 2 2 2 2 2 2],11
fold_1/sample_2272/image.png,[1 1 2 2 2 2 2 2],11
fold_1/sample_2273/image.png,"[2 2 2 2 2 2 2 2 2 2 2 2 2 2 2 2 2 2 2 2 2 2 2 2 2 2 2 2 2 2 2 2 2 2 2 2 2
 2 2 2 2 2]",11
fold_1/sample_2274/image.png,[1 2 2 2 2 2 2 2 2 2 2 2 2 2 2 2 2 2 2 2 2 2 2 2 2 2 2 2 2 2 2 2 2 2 2],11
fold_1/sample_2275/image.png,"[1 2 2 2 2 2 2 2 2 2 2 2 2 2 2 2 2 2 2 2 2 2 2 2 2 2 2 2 2 2 2 2 2 2 2 2 2
 2 2 2]",11
fold_1/sample_2276/image.png,"[2 2 2 2 2 2 2 2 2 2 2 2 2 2 2 2 2 2 2 2 2 2 2 2 2 2 2 2 2 2 2 2 2 2 2 2 2
 2 2 2 2 2]",11
fold_1/sample_2277/image.png,"[2 2 2 2 2 2 2 2 2 2 2 2 2 2 2 2 2 2 2 2 2 2 2 2 2 2 2 2 2 2 2 2 2 2 2 2 2
 4 4 4 4 4 4 4 4 4 4 4 4 4 4 4 4 4 4 4 4 4 4 4 4 4 4 4 4 4 4 4 4 4]",11
fold_1/sample_2278/image.png,[1 2 2 2 2 2 4 4 4 4 4 4 4 4 4 4 4 4 4 4 4 4 4 4 4 4 4 4],11
fold_1/sample_2279/image.png,[1 2 2 2 2 4 4 4 4 4 4 4 4 4 4 4],11
fold_1/sample_2280/image.png,[2 2 2 2 2 4 4 4 4 4 4 4 4 4 4 4 4 4],11
fold_1/sample_2281/image.png,[1 1 1 1 2 2 2 2 2 2 2 2 2 2 2 2 2 2 2 2 2 2 2 2 2 2 2 2 2 2 2 2 2 2 2 2 4],11
fold_1/sample_2282/image.png,"[1 2 2 2 2 2 2 2 2 2 4 4 4 4 4 4 4 4 4 4 4 4 4 4 4 4 4 4 4 4 4 4 4 4 4 4 4
 4 4 4 4 4 4 4 4]",11
fold_1/sample_2283/image.png,"[1 2 2 2 2 2 2 2 2 2 2 2 2 2 2 2 2 2 2 2 2 2 2 2 2 2 2 2 2 2 2 2 2 2 2 2 2
 2 2 2 2 4 4 4 4]",11
fold_1/sample_2284/image.png,[0 0 0 0 0 0 0 0 0 0 0 0 0 0 0 0 0 0 0 0 0 0 0 0 0 0 0 0 0],11
fold_1/sample_2285/image.png,[0 0 0 0 0 0 1],11
fold_1/sample_2286/image.png,[0 0 0 0 0 0 0 0 0 0 0 0 0 0 0 0],11
fold_1/sample_2287/image.png,[0 0 0 0 0 0 0 0 1 2 2 2 2 2 2],11
fold_1/sample_2288/image.png,[0 0 0 0 0 0 0 0 0 0 0 0 0 0 0 0 0 0 0 0 0 0 0 0 0 0 0 0 0 1],11
fold_1/sample_2289/image.png,[0 0 0 0 0 0 0 0 0 0 0 0 0 0 0 0 0 0 0 0 0 0 2 2 2 2],11
fold_1/sample_2290/image.png,[0 0 0 0 0 0 0 0 0 0 0 0 0 0 0 0 0 0 0 0 1 2 2 2 2 2],11
fold_1/sample_2291/image.png,[0 1 2 2 2 2 2 2 2 2 2 2 2 2 2 2 2],11
fold_1/sample_2292/image.png,[0 0 0 0 0 0 1 1 1 2 2 2 2 2 2 2],11
fold_1/sample_2293/image.png,[0 0 0 0 0 0 0 0 0 0 0 0 1 1 1 1 2 2 2 2 2 2 2 2 2 2 2 2 2 2 2 2],11
fold_1/sample_2294/image.png,[0 0 0 0 0 0 0 0 0 0 0 1 1 1 1 2 2 2 2 2 2 2 2 2 2 2 2],11
fold_1/sample_2295/image.png,[0 0 0 0 0 0 0 0 0 0 0 0 0 0 0 0 0 0 0 0 0 0 0 1 1 1 1 1 2 2 2 2 2 2],11
fold_1/sample_2296/image.png,"[0 0 0 0 0 0 0 0 0 0 0 0 0 0 0 0 0 0 0 0 0 1 1 1 1 1 1 1 1 1 1 1 2 2 2 2 2
 2 2 2 2 2]",11
fold_1/sample_2297/image.png,"[0 0 0 0 0 0 0 0 0 0 0 0 0 0 0 0 0 0 0 0 1 1 1 1 1 1 1 1 1 1 1 1 1 1 1 1 1
 1 1 1 2 2 2 2 2 2 2]",11
fold_1/sample_2298/image.png,[0 0 0 0 0 0 0 0 0 0 0 0 1 1 1 1 1 1 2 2 2 2 2 2 2 2 2 2 2 2 2 2 2],11
fold_1/sample_2299/image.png,[0 0 0 0 0 0 0 0 0 0 0 0 0 0 0 0 0 0 0 0 0 1 1 1 1 1 2 2 2 2 2 2 2],11
fold_1/sample_2300/image.png,[0 0 1 1 1 1 1 1 2 2 2 2 2 2 2 2],11
fold_1/sample_2301/image.png,[0 0 0 0 0 0 0 0 0 0 0 0 0 0 0 0],11
fold_1/sample_2302/image.png,[0 0 0 0 0 0 0 0 0 0 0 0 0 0 0 0 0 0 0 0 0 0 2 2],11
fold_1/sample_2303/image.png,[0 0 0 0 0 0 0 0 0 0 0 0 0 0 0 0 0 0 0],11
fold_1/sample_2304/image.png,[0 0 0 0 0 0 0 0 0 0 0 0 0 0 0 0 0 0 0 0 0 0 0 0 0 0 0 0 0],11
fold_1/sample_2305/image.png,[0 0 0 0 0 0 0 0 0 0 0 0 0 0 0 0 0 0 0 0 0 0 0 0 0 0 0 0 0],11
fold_1/sample_2306/image.png,[0 0 0 0 0 0 0 0 0 0 0 0 0 0 0 0 0 0 0 0 0 0 0 0 0 0 0 0 0 0 1],11
fold_1/sample_2307/image.png,[0 0 0 0 0 0 0 0 0 0 0 0 0 0 0 0 0 0 0 0 0 0 0 0 0 1 1],11
fold_1/sample_2308/image.png,[0 0 0 0 0 0 0 0 0 0 0 0 0 0 0 0 0 0 0 0 0 0 0 0 0 0 0 0 0 0 0 0],11
fold_1/sample_2309/image.png,"[0 0 0 0 0 0 0 0 0 0 0 0 0 0 0 0 0 0 0 0 0 0 0 0 0 0 0 0 0 0 0 0 0 0 0 0 0
 0 0 0]",11
fold_1/sample_2310/image.png,[0 0 0 0 0 0 0 0 0 0 0 0 0 0 0 0 0 0 0 0 0 0 0 0 0 0 0 0 0 0 0 0],11
fold_1/sample_2311/image.png,[0 0 0 0 0 0 0 0 0 0 0 0 0 0 0 0 0 0 0 0 0 0 0 0 0 0 0 0 0 0],11
fold_1/sample_2312/image.png,[0 0 0 0 0 0 0 0 0 0 0 0 0 0 0 0 0 0 0 0 0 0 0 0 0 0 0 0 0 0 0 0 0 0],11
fold_1/sample_2313/image.png,[1 1 1 1 2 2 2 2 2 2 2 4 4 4 4 4 4 4 4],12
fold_1/sample_2314/image.png,[1 1 1 2],12
fold_1/sample_2315/image.png,[2 2 2 2 2 4 4 4 4 4 4 4 4 4 4 4 4],12
fold_1/sample_2316/image.png,[1 1 1 1 2 2 2 2 2 2 4 4 4 4 4 4 4 4 4 4],12
fold_1/sample_2317/image.png,[2 2 2 2 2 2 2 2 4 4 4 4 4 4 4 4 4],12
fold_1/sample_2318/image.png,[1 1 2 2 2 2 4 4 4 4 4 4 4 4 4 4 4 4 4 4 4 4 4 4 4],12
fold_1/sample_2319/image.png,[0 0 0 0 0 0],12
fold_1/sample_2320/image.png,[0 0 2 2],12
fold_1/sample_2321/image.png,[0 0 0 0 0 0 0 0 0 2],12
fold_1/sample_2322/image.png,[0 0 0 1 2 2 2 2 2 2 2 2 2 2],12
fold_1/sample_2323/image.png,[2 2 2 2 2 2 2 2 2 2 2 2 2 2],12
fold_1/sample_2324/image.png,[1 1 2 2 2 2 2 2 2 2 2 2 2],12
fold_1/sample_2325/image.png,[0 0 0 0 0 0 0 0 1 2 2 2 2 2 2 2 2 2 2 2 2 2 2 2 2 2 2 2 2],12
fold_1/sample_2326/image.png,[0 0 0 0 0 0 0 0 0 0 1 1 1 1 1 1 1 2 2 2 2 2 2 2 2 2 2 2 2 2 2 2 2 2 2],12
fold_1/sample_2327/image.png,[0 0 0 0 0 0 0 0 0 0 0 0 0 0 0 0 0 0 0 0 0 0 0 2 2 2],12
fold_1/sample_2328/image.png,[0 0 0 0 0 0 0 0 0 0 0 0 0 0 0 0 0 0 0 0 0 0 0 0 0 0 0 0 0 0 2 2 2 2 2],12
fold_1/sample_2329/image.png,[0 0 0 0 0 0 0 0 0 2 2 2 2 2 2 2 2 2 2 2 2 2 2 2 2 2 2 2 2 2],12
fold_1/sample_2330/image.png,[0 0 0 0 0 0 0 0 0 0 0 0 0 0 0 0 0 0 0 0 0 0 0 0 0 0 0 0 0],12
fold_1/sample_2331/image.png,[0 0 1 2 2 2 2 2 2 2 2 2 2 2 2 2 2 2 2 2 2 2 2 2],12
fold_1/sample_2332/image.png,[1 1 1 2 2 2 2 2 2 2 2 2 2 2 2 2 2 2 2 2 2 2 2 2 2],12
fold_1/sample_2333/image.png,[1 1 1 1 1 1 1 1 1 1 1 1 2 2 2 2 2 2 2 2 2 2 2 2 2 2 2 2 2 2 2 2 2 2],12
fold_1/sample_2334/image.png,"[1 1 1 1 1 2 2 2 2 2 2 2 2 2 2 2 2 2 2 2 2 2 2 2 2 2 2 2 2 2 2 2 2 2 2 2 2
 2 2 2]",12
fold_1/sample_2335/image.png,[1 2 2 2 2 2 2 2 2 2 2 2 2 2 2 2 2 2 2 2 2 2 2 2 2 2 2 2 2 2 2 2],12
fold_1/sample_2336/image.png,[1 1 1 1 1 2 2 2 2 2 2 2 2 2 2 2 2 2 2 2 2 2 2 2 2],12
fold_1/sample_2337/image.png,[1 1 1 1 1 1 1 1 1 1 1 1 1 2 2 2 2 2 2 2 2 2 2 2 2 2 2 2 2 2 2],12
fold_1/sample_2338/image.png,[1 1 1 1 1 1 1 1 2 2 2 2 2 2 2 2 2 2 2 2 2 2],12
fold_1/sample_2339/image.png,[1 1 1 1 1 2 2 2 2 2 4 4 4 4 4 4 4 4 4 4 4 4 4 4 4 4 4 4 4 4 4 4 4 4 4 4 4],12
fold_1/sample_2340/image.png,"[1 1 1 1 1 1 1 1 1 1 2 2 2 2 2 2 2 2 2 2 2 2 2 2 2 4 4 4 4 4 4 4 4 4 4 4 4
 4 4 4 4 4 4 4 4 4 4 4 4 4 4 4 4 4 4 4]",12
fold_1/sample_2341/image.png,[1 2 2 2],12
fold_1/sample_2342/image.png,[1 1 1 2 2 2 2 2 2 2 2],12
fold_1/sample_2343/image.png,[1 2 2 2 2 2 2],12
fold_1/sample_2344/image.png,[2 2 2 2 2 2 2 2 2 2 2 2 2 2 2],12
fold_1/sample_2345/image.png,[1 1 2 2 2 2 2 2 2 2 2 2],12
fold_1/sample_2346/image.png,[1 2 2 2 2 2 2 2],12
fold_1/sample_2347/image.png,[2 2 2 2 2 2 2 2 2 2 2 2 2 2],12
fold_1/sample_2348/image.png,[2 2 2 2 2 2 2 2 2 2 2 2 2 2],12
fold_1/sample_2349/image.png,[2 2 2 2 2 2 2 2 2],12
fold_1/sample_2350/image.png,[2 2 2 2 2 2 2 2 2 2 2 2 2 2 2 2 2],12
fold_1/sample_2351/image.png,[2 2 2 2 2 2 2 2 2 2 2 2 2],12
fold_1/sample_2352/image.png,[2 2 2 2 2 2 2 2 2 2],12
fold_1/sample_2353/image.png,[2 2 2 2 2 2],12
fold_1/sample_2354/image.png,[1 1 1 2 2 2 2 2 2 2 2 2 2 2 2 2 2],12
fold_1/sample_2355/image.png,[1 1 1 1 2 2 2 2 2 2],12
fold_1/sample_2356/image.png,[1 1 1 2 2 2 2 2 2 2 2 2 2 2 2 2 2 2 2 2 2 2],12
fold_1/sample_2357/image.png,[0 0 0 0 0 0 1 2 2 2 2 2 2 2 2 2 2 2 2 2 2 2 2 2 2 2],12
fold_1/sample_2358/image.png,[0 0 0 0 0 0 0 0 0 0 0 0 0 0 0 0 0],12
fold_1/sample_2359/image.png,[0 0 0 0 0 0 0 0 0 0 0 0 0 0 0 0 2 2],12
fold_1/sample_2360/image.png,"[2 2 2 2 2 4 4 4 4 4 4 4 4 4 4 4 4 4 4 4 4 4 4 4 4 4 4 4 4 4 4 4 4 4 4 4 4
 4 4 4]",13
fold_1/sample_2361/image.png,[2 2 2 2 2 2 2 2 2 2 2 2 2 2 2 2 2 2 2 2 2 2 4 4 4 4 4 4 4 4 4 4 4 4],13
fold_1/sample_2362/image.png,[2 2 2 2 2 2 2 2 2 4 4 4 4 4 4 4 4 4 4 4 4 4 4 4 4 4 4 4 4 4 4 4 4 4 4],13
fold_1/sample_2363/image.png,[2 2 2 4 4 4 4 4 4 4 4 4 4 4],13
fold_1/sample_2364/image.png,[2 2 2 2 2 2 2 2 2 2 2 2 2 2 4 4 4 4 4 4 4 4 4 4 4 4 4 4 4 4 4 4 4 4 4 4],13
fold_1/sample_2365/image.png,[0 0 0 0 0 0 0 0 0 0 2],13
fold_1/sample_2366/image.png,[0 0 0 0 0 0 0 0 0 0 0 0 0 0 0 2],13
fold_1/sample_2367/image.png,[0 0 0 0 0 0 0 0 0 0 0 0 0 0 0 2 2 2],13
fold_1/sample_2368/image.png,[0 0 0 0 0 0 0 0 0 0 0 0 2 2],13
fold_1/sample_2369/image.png,[0 0 0 0 0 0 0 0 0 2 2 2],13
fold_1/sample_2370/image.png,[0 0 0 0 0 2 2],13
fold_1/sample_2371/image.png,[0 0 0 0 0 0 0 0 0 0 0 0 0 0 0 0 2],13
fold_1/sample_2372/image.png,[0 0 0 0 0 0 0 0 0 0 0 0 0 0 0 0 0 0 0 0 0 0 0 0 0 0 0 0 1 2 2 2 2 4 4 4 4],13
fold_1/sample_2373/image.png,[2 2 2 2 2 2 2 2 2 2 2 2 2 2 2 2 2 2 2 2 2 2],13
fold_1/sample_2374/image.png,"[0 0 0 0 0 0 0 0 0 0 0 0 0 0 0 0 0 0 0 0 0 0 0 0 0 2 2 2 2 2 2 2 4 4 4 4 4
 4 4]",13
fold_1/sample_2375/image.png,[2 2 2 2 2 2 2 2 2 2 2 2 2 4 4 4 4 4 4 4],13
fold_1/sample_2376/image.png,[2 2 2 2 2 2 2 2 2 2 2 2 2],13
fold_1/sample_2377/image.png,[2 2 2 2 2 2 2 2 2],13
fold_1/sample_2378/image.png,[2 2 2 2 2 2 2 2 2 2 2 2],13
fold_1/sample_2379/image.png,[1 1 1 2 2 2 2 2 2 2 2 2 2 2 2 2 2 2 2 2 2],13
fold_1/sample_2380/image.png,[2 2 2 2 2 2 2],13
fold_1/sample_2381/image.png,[2 2 2 2 2 2 2 2 2 2 2],13
fold_1/sample_2382/image.png,[1 2 2 2 2 2 2 2 2 2 2 2],13
fold_1/sample_2383/image.png,[0 2 2 2 2 2],13
fold_1/sample_2384/image.png,"[0 0 0 0 0 0 0 0 0 0 0 0 0 0 0 0 0 0 0 0 0 0 0 0 0 0 0 0 0 0 0 0 0 0 0 0 0
 0 0 0 0 0 0 0 0 0 0 0]",13
fold_1/sample_2385/image.png,[0 0 0 0 0 0 0 0 0 0 0 2 2 2 2 2 2 2 2 2 2],13
fold_1/sample_2386/image.png,[0 0 0 0 0 0 0 0 0 0 0 0 0 0 0 0 0 0 2 2 2 2 2 2 2 2 2 2 2 2 2],13
fold_1/sample_2387/image.png,"[0 0 0 0 0 0 0 0 0 0 0 0 0 0 0 0 0 0 0 0 0 0 0 0 0 0 0 0 0 0 0 0 0 0 0 0 0
 0 0 0 0]",13
fold_1/sample_2388/image.png,"[0 0 0 0 0 0 0 0 0 0 0 0 0 0 0 0 0 0 0 0 0 0 0 0 0 0 0 0 0 0 0 0 0 0 0 0 0
 0 0 0 0 0 0 0]",13
fold_1/sample_2389/image.png,"[0 0 0 0 0 0 0 0 0 0 0 0 0 0 0 0 0 0 0 0 0 0 0 0 0 0 0 0 0 0 0 0 0 0 0 0 0
 0 0 0 0 0 0 0 0]",13
fold_1/sample_2390/image.png,[0 0 0 0 0 0 0 0 0 0 0 0 0 0 0 0 0 0 0 0 0 0 0 0 0 0 0 0 0 0 0 0 0 0 0 0 0],13
fold_1/sample_2391/image.png,[0 0 0 0 0 0 0 0 0 0 0 0 0 0 0 0 0 0 2 2 2 2 2 2],13
fold_1/sample_2392/image.png,[0 0 0 0 0 0 0 0 0 0 0 0 0 0 0 0 0 0 0 0 0 0 0 2 2 2],13
fold_1/sample_2393/image.png,[2 2 2],13
fold_1/sample_2394/image.png,[2 2],13
fold_1/sample_2395/image.png,[2 2 2 2 2],13
fold_1/sample_2396/image.png,[2 2 2 2 2],13
fold_1/sample_2397/image.png,[2 2 2 2],13
fold_1/sample_2398/image.png,[2 2 2 2],13
fold_1/sample_2399/image.png,[2 2 2 2 2 2 2 2 2 2],13
fold_1/sample_2400/image.png,[0 0 0 0 0 0 0 0 0 0 0 0 0 0 0 0 2 2 2 2 2 2 2 2 2 2 2],13
fold_1/sample_2401/image.png,[0 0 0 0 0 0 0 2 2 2 2 2 2 2 2 2 2 2 2 2 2 2],13
fold_1/sample_2402/image.png,[0 0 0 0 0 0 0 0 0 0 0 0 0 0 0 2 2 2 2 2 2 2 2 2],13
fold_1/sample_2403/image.png,[0 0 0 0 0 0 0 0 0 0 0 2 2 2 2 2 2 2 2 2 2 2 2],13
fold_1/sample_2404/image.png,[0 0 0 0 0 1 1],13
fold_1/sample_2405/image.png,[0 0 0 0 0 0 1],13
fold_1/sample_2406/image.png,[],13
fold_1/sample_2407/image.png,[],13
fold_1/sample_2408/image.png,[0],13
fold_1/sample_2409/image.png,[0 0 0 0 0 0 0 0 0 0 0 0 0 2 2],13
fold_1/sample_2410/image.png,[0 0 0 0 0 0 0 0 0 0 0 0 0 0 0 0 0 0 0 0 0 0 0],13
fold_1/sample_2411/image.png,[0 0 0 0 0 0 0 0 0 0 0 0 0 0 2 2 2 2 2],13
fold_1/sample_2412/image.png,[0 0 0 0 0 0 1 2 2 2 2 2 2 2 2 2 2 2 2 2],13
fold_1/sample_2413/image.png,"[0 0 0 0 0 0 0 0 0 0 0 0 0 0 0 0 0 0 0 0 0 0 0 0 0 1 1 1 1 1 1 1 1 1 1 1 1
 1 1 1 1 1 1 1 1 1]",14
fold_1/sample_2414/image.png,"[0 0 0 0 0 0 0 0 0 0 0 0 0 0 0 0 0 0 0 0 0 0 0 0 0 0 0 0 0 0 0 0 0 0 0 0 0
 0 1 1 1 1 1 1 1 1 1 1 1 1 1 1 1 1 1 1 1 1 1 1 1 1 1 1 1 1 1 1 1 1 1 1 1 1
 1 1 1 1 1 1 1 1 1 1 1 1 1 1 1 1 1 1 1 1 1 1]",14
fold_1/sample_2415/image.png,"[0 0 0 0 0 0 0 0 0 0 0 0 0 0 0 0 0 0 0 0 1 1 1 1 1 1 1 1 1 1 1 1 1 1 1 1 1
 1 1 1 1 1 1 1 1 1 1 1 1 1 1 1 1]",14
fold_1/sample_2416/image.png,"[0 0 0 0 0 0 0 0 0 0 0 0 0 0 0 0 0 0 0 0 0 0 0 0 0 0 0 0 0 0 0 1 1 1 1 1 1
 1 1 1 1 1]",14
fold_1/sample_2417/image.png,[1 1 1 2 2 2 2 2 2 2 2 2 2 2 2 2 2],14
fold_1/sample_2418/image.png,[1 2 2 2 2 2 2 2 2 2 2 2 2 2 2 2 2 2 2],14
fold_1/sample_2419/image.png,[1 1 1 1 1 1 2 2 2 2],14
fold_1/sample_2420/image.png,[1 1 1 2 2 2 2],14
fold_1/sample_2421/image.png,"[0 0 0 0 0 0 0 0 0 0 0 0 0 0 0 0 0 0 0 0 0 0 0 0 0 0 0 0 0 0 0 0 0 0 0 0 0
 0 0 0 0 0 0 0 0 0 0 0 0 0 0 0 0 0 0 2 2 2 2]",14
fold_1/sample_2422/image.png,"[0 0 0 0 0 0 0 0 0 0 0 0 0 0 0 0 0 0 0 0 0 0 0 0 0 0 0 0 0 0 0 0 0 0 0 0 0
 0 0 0 0 0 0 0 0 0 0 0 0 0 0 0 0 0 0 0 0 0 0 0 0 0 0 0 0 0 0 0 1 2]",14
fold_1/sample_2423/image.png,"[0 0 0 0 0 0 0 0 0 0 0 0 0 0 0 0 0 0 0 0 0 0 0 0 0 0 0 0 0 0 0 0 0 0 0 0 0
 0 0 0 0 0 0 0 0 0 0 0 0 0 0 0 0 0 0 0 0 0 0 0 0 0 0 0 0 0 0 0 0 0 0 0 0 0
 0 0 0 0 0 0 1 1 2 2 2 2 2 2 2 2 2 2 2]",14
fold_1/sample_2424/image.png,"[0 0 0 0 0 0 0 0 0 0 0 0 0 0 0 0 0 0 0 0 0 0 0 0 0 0 0 0 0 0 0 0 0 0 0 0 0
 0 0 0 0 0 0 0 0 0 0 0 0 0 0 0 0 0 0 0 0 0 0 0 0 0 0 0 0 0 0 0 0 0 0 1 2]",14
fold_1/sample_2425/image.png,"[0 0 0 0 0 0 0 0 0 0 0 0 0 0 0 0 0 0 0 0 0 0 0 0 0 0 0 0 0 0 0 0 0 0 0 0 0
 0 0 0 0 0 0 0 0 0 0 0 0 0 0 0 0 0 0 0 0 0 0 0 0 0 1 2 2 2 2 2]",14
fold_1/sample_2426/image.png,"[0 0 0 0 0 0 0 0 0 0 0 0 0 0 0 0 0 0 0 0 0 0 0 0 0 0 0 0 0 0 0 0 0 0 0 0 0
 0 0 0 0 0 0 0 0 0 0 0 0 0 0 0 0 2 2 2 2 2]",14
fold_1/sample_2427/image.png,"[0 0 0 0 0 0 0 0 0 0 0 0 0 0 0 0 0 0 0 0 0 0 0 0 0 0 0 0 0 0 0 0 0 0 0 0 0
 0 0 0 0 0 0 0 0 0 0 0 0 0 0 0 0 0 0 0 0 0 0 0 0 0 1 2]",14
fold_1/sample_2428/image.png,[2 2 2 2 2 2 4],14
fold_1/sample_2429/image.png,[2],14
fold_1/sample_2430/image.png,[1 1 1 4 4 4 4 4 4 4 4 4 4 4 4 4 4 4 4 4 4 4 4 4 4 4 4 4 4 4 4],14
fold_1/sample_2431/image.png,[1 2 2 2 4 4 4],14
fold_1/sample_2432/image.png,[1 1 2 2 2 2 2 2 2 2 2 2],14
fold_1/sample_2433/image.png,[1 2 2 2],14
fold_1/sample_2434/image.png,"[1 1 1 1 1 1 1 1 1 1 1 1 1 1 1 1 1 1 1 1 1 1 1 1 1 2 2 2 2 2 2 2 2 2 2 2 2
 2 2 2 2 2 2 2 2 2 2 2 2 2 2 2 2 2]",14
fold_1/sample_2435/image.png,"[1 1 1 1 1 1 1 1 1 1 1 1 1 1 1 1 1 1 1 1 1 1 1 1 1 1 1 1 1 1 1 1 1 1 1 1 1
 1 1 1 1 1 1 1 1 1 1 1 1 1 1 1 1 1 1 1 1 1 1 1 1 1 1 1 1 1 1 1 1 1 1 1 1 1
 1 1 1 1 1 1 1 1 1 1 1 1 1 1 1 1 1 1 2 2 2 2 2 2 2 2 2 2 2 2 2 2 2 2 2 2 2
 2 2 2 2 2 2 2 2]",14
fold_1/sample_2436/image.png,"[1 1 1 1 1 1 1 1 1 1 1 1 1 1 1 1 1 1 1 1 1 1 1 1 1 1 1 1 1 1 1 1 1 1 1 1 1
 1 1 1 1 1 1 1 1 1 1 1 1 1 1 1 1 1 1 1 1 1 1 1 1 1 1 1 1 1 1 1 1 1 1 1 1 1
 1 1 1 1 1 1 1 1 1 1 1 1 1 1 1 2 2 2 2 2 2 2 2 2 2 2 2 2 2 2 2 2 2 2 2 2 2
 2 2 2 2 2 2 2 2 2]",14
fold_1/sample_2437/image.png,"[1 1 1 1 1 1 1 1 1 1 1 1 1 1 1 1 1 1 1 1 1 1 1 1 1 1 1 1 1 1 1 1 1 1 1 1 1
 1 1 1 1 1 1 1 1 1 1 1 1 1 1 1 1 1 1 1 1 1 1 1 1 1 1 1 1 1 1 1 1 1 1 1 1 1
 1 1 1 1 1 1 1 1 1 1 1 2 2 2 2 2 2 2 2 2 2 2 2 2 2 2 2 2 2 2 2 2 2]",14
fold_1/sample_2438/image.png,"[1 1 1 1 1 1 1 1 1 1 1 1 1 1 1 1 1 1 1 1 1 1 1 1 1 1 1 1 1 1 1 1 1 1 1 1 1
 1 1 1 1 1 1 1 1 1 1 1 1 1 1 1 1 1 1 1 1 1 1 2 2 2 2 2 2 2 2 2 2 2 2 2 2 2
 2 2 2 2 2 2 2 2 2]",14
fold_1/sample_2439/image.png,"[1 1 1 1 1 1 1 1 1 1 1 1 1 1 1 1 1 1 1 1 1 1 1 1 1 1 1 1 1 1 1 1 1 1 1 1 1
 1 1 1 1 1 1 1 1 1 1 1 1 1 1 1 1 1 1 1 1 1 1 1 1 1 1 1 1 1 1 1 1 1 1 1 1 1
 1 1 1 1 1 1 1 1 1 1 1 1 1 1 1 1 1 2 2 2 2 2 2 2 2 2 2 2 2 2 2 2 2 2 2 2 2
 2 2 2 2 2 2 2 2 2 2 2 2]",14
fold_1/sample_2440/image.png,"[1 1 1 1 1 1 1 1 1 1 1 1 1 1 1 1 1 1 1 1 1 1 1 1 1 1 1 1 1 1 1 1 1 1 1 1 1
 1 1 1 1 1 1 1 1 1 1 1 1 1 1 1 1 1 1 1 1 1 1 1 1 1 1 1 1 1 1 1 1 1 1 1 1 1
 1 1 1 1 1 1 1 1 1 1 1 1 1 1 1 1 1 1 1 1 1 1 1 1 1 1 1 1 1 1 1 1 1 1 1 2 2
 2 2 2 2 2 2 2 2 2 2 2 2]",14
fold_1/sample_2441/image.png,[0 0 0 0 0 0 0 0 0 0 0 0 0 0 0 0],14
fold_1/sample_2442/image.png,[0 0 0 0 0 0 0 0 0 0 0 0 0 0 0 0 0 0 0],14
fold_1/sample_2443/image.png,[0 0 0 0 0 0 0 0 0 0 0 0 0 0],14
fold_1/sample_2444/image.png,[0 0 0 0 0 0 0 0 0 0 0 0 0 0 0 0 0 0 0 1],14
fold_1/sample_2445/image.png,[0 0 0 0 0 1 1 1 1 1],14
fold_1/sample_2446/image.png,[0 0 0 0 0 0 0 0 0 0 0 0 0 0 0 0 0 0 0 0 0 0 0 0 0 0 0 0 0 0 0 0 0 0 0 0 1],14
fold_1/sample_2447/image.png,[0 0 0 0 0 0 0 0 0 0 0 0 0 0 0 0 0 0 0 0 0 0 0 0 0 0 0 0 2 2 2 2 2 2 2],14
fold_1/sample_2448/image.png,[0 0 0 0 0 0 0 0 0 0 0 0 0 0 0 0 0 0 0 0 0 0 2 2 2 2 2 2 2 2 2 2 2 2 2 2 2],14
fold_1/sample_2449/image.png,"[0 0 0 0 0 0 0 0 0 0 0 0 0 0 0 0 0 0 0 0 0 0 0 0 0 0 0 0 0 0 0 0 0 0 0 0 1
 2]",14
fold_1/sample_2450/image.png,[0 0 0 0 0 0 0 0 0 1 1 1],14
fold_1/sample_2451/image.png,[0 0 0 0 0 0 0 0 0 0 0 0 0 0 1 1 2 2 2 2 2],14
fold_1/sample_2452/image.png,[0 0 0 0 0 0 0 0 0 0 0 0 0 0 0 0 0 1 1 1 1 1 1],14
fold_1/sample_2453/image.png,[0 0 0 0 0 0 0 0 0 0 0 0 0 0 1 1],14
fold_1/sample_2454/image.png,[0 0 0 0 0 0 0 0 0 0 0 0 0 0 0 0 0 0 0 0 0 0 0 0 0 0 0 0 0 1 2 2 2],14
fold_1/sample_2455/image.png,[0 0 0 0 0 0 0 0 0 0 0 0 0 0 0 0 0 0 0 0 0 1 1 1 1 1 1 2 2],14
fold_1/sample_2456/image.png,"[0 0 0 0 0 0 0 0 0 0 0 0 0 0 0 0 0 0 0 0 0 0 0 0 0 0 0 1 1 1 1 1 1 1 1 2 2
 2]",14
fold_1/sample_2457/image.png,[0 0 0 0 0 0 0 0 0 0 0 0 0 0 0 0 0 0 1 1 1 1 2 2 2 2 2 2 2],14
fold_1/sample_2458/image.png,[0 0 0 0 0 0 0 0 0 0 0 0 0 0 0 0 0 0 0 0 0 0 0 0 0 0 0 0 1 1 2 2],14
fold_1/sample_2459/image.png,[0 0 0 0 0 0 0 0 0 0 0 0 0 0 0 0 0 1 1 1 1 1 1 1 1 1 1 2],14
fold_1/sample_2460/image.png,"[0 0 0 0 0 0 0 0 0 0 0 0 0 0 0 0 0 0 0 0 0 0 0 0 0 1 1 1 1 1 1 1 1 1 1 1 1
 1 1]",14
fold_1/sample_2461/image.png,[2 2 2],14
fold_1/sample_2462/image.png,[],14
fold_1/sample_2463/image.png,[],14
fold_1/sample_2464/image.png,[],14
fold_1/sample_2465/image.png,[],14
fold_1/sample_2466/image.png,[2 2 2 2 2 2 2 2 2 2 2],15
fold_1/sample_2467/image.png,[2 2 2 2 2 2 2 2 2 2 2 2 2 2],15
fold_1/sample_2468/image.png,[1 2 2 2 2 2 2 2 2 2 2],15
fold_1/sample_2469/image.png,[2 2 2 2 2 2 2 2 2 2 2 2 2 2 2 2 2 2 2 2],15
fold_1/sample_2470/image.png,[2 2 2 2 2 2 2 2 2 2 2 2 2 2 2 2 2],15
fold_1/sample_2471/image.png,"[0 0 0 0 0 0 0 0 0 0 0 0 0 0 0 0 0 0 0 0 0 0 0 0 0 0 0 0 0 0 0 0 1 2 2 2 2
 2 2 3 3 3]",15
fold_1/sample_2472/image.png,"[0 0 0 0 0 0 0 0 0 0 0 0 0 0 0 0 0 0 0 0 0 0 0 0 0 1 1 2 2 2 2 3 3 3 3 3 3
 3 3 3 3 3 3 3 3 3 3 3 3 3 3 3 3 3 3 3 3 3 3 3 3 3 3 3 3 3 3]",15
fold_1/sample_2473/image.png,"[0 0 0 0 0 0 0 0 0 0 0 0 0 0 0 0 0 0 0 0 0 0 0 0 0 0 0 0 0 0 0 0 0 0 0 0 0
 0 0 0 1 2 2 3 3 3 3 3]",15
fold_1/sample_2474/image.png,[0 0 0 0 0 0 0 0 0 0 0 1 1 2 2 2 2 2 2 2 2 2 2 2 2 3 3 3 3 3],15
fold_1/sample_2475/image.png,[0 0 0 0 0 0 0 0 0 0 0 0 0 0 0 0 0 0 0 0 0 0 0 0 0 0 0 1 1 1 1 1 2],15
fold_1/sample_2476/image.png,"[0 0 0 0 0 0 0 0 0 0 0 0 0 0 0 0 0 0 0 0 0 0 0 0 0 0 0 0 0 0 0 0 0 0 0 0 0
 0 1 1 1 3]",15
fold_1/sample_2477/image.png,"[0 0 0 0 0 0 0 0 0 0 0 0 0 0 0 0 0 1 1 1 1 1 1 1 1 1 1 1 1 2 2 2 2 2 2 2 2
 2 2 2 2 2 2 3]",15
fold_1/sample_2478/image.png,"[0 0 0 0 0 0 0 0 0 0 0 0 0 0 0 0 0 0 0 0 0 0 0 0 0 0 0 0 0 0 0 0 0 0 0 0 1
 1 1 1 1 1 1 2 2 3]",15
fold_1/sample_2479/image.png,"[0 0 0 0 0 0 0 0 0 0 0 0 0 0 0 0 0 0 0 0 0 0 0 0 0 0 1 1 1 1 1 1 1 1 1 1 1
 1 2 3]",15
fold_1/sample_2480/image.png,"[0 0 0 0 0 0 0 0 0 0 0 0 0 0 0 0 0 0 0 0 0 0 0 0 0 0 0 0 0 0 0 0 0 0 0 0 0
 0 0 1 1 1 2 2 2 2 2]",15
fold_1/sample_2481/image.png,[0 0 0 0 0 0 0 0 0 0 0 0 0 0 0 0 0 0 0 0 0 1 1 1 1 1 1 1 1 2 2 2 2 2 3],15
fold_1/sample_2482/image.png,"[0 0 0 0 0 0 0 0 0 0 0 0 0 0 0 0 0 0 0 1 1 1 1 1 2 2 2 2 2 2 2 2 2 2 2 3 3
 3]",15
fold_1/sample_2483/image.png,[0 0 0 0 0 0 0 0 0 0 0 0 0 0 0 0 0 0 0 0 0 0 0 0 0 0 0 0 0 0 0 0 0 3],15
fold_1/sample_2484/image.png,"[0 0 0 0 0 0 0 0 0 0 0 0 0 0 0 0 0 0 0 0 0 0 0 0 0 0 1 1 1 1 1 1 1 1 1 1 2
 2 2 2 2 2 3 3 3 3 3]",15
fold_1/sample_2485/image.png,[0 0 0 0 0 0 0 0 0 0 0 0 0 0 0 0 0 0 0 0 0 1 1 1 2 2 2 2 2 2 2 2 2 3],15
fold_1/sample_2486/image.png,[0 0 0 0 0 0 0 0 0 0 0 0 0 0 0 0 1 1 1 1 1 2 2 2 2 2 2],15
fold_1/sample_2487/image.png,[1 2 2 2 2 2 2 2 2 2 2 2 2 2 2 2 2 2 2],15
fold_1/sample_2488/image.png,[2 2 2 2 2 2 2],15
fold_1/sample_2489/image.png,[0 0 0 0 2 2 2],15
fold_1/sample_2490/image.png,[2 2 2 2 2 2 2 2 2 2 2 2 2 2 2 2],15
fold_1/sample_2491/image.png,[0 1 1 1 1 2 2 2 2 2 2 2],15
fold_1/sample_2492/image.png,[0 2 2 2 2 2 2 2 2 2 2 2 2],15
fold_1/sample_2493/image.png,[1 2 2 2 2 2 2 2 2 2 2 2 2 2 2 2 2 2 2 2 2],15
fold_1/sample_2494/image.png,[0 0 0 0 0 0 0 0 0 0 0 0 0 0 0 0 0 0 0 0 0 0 0 0 0 0 2 2],15
fold_1/sample_2495/image.png,"[0 0 0 0 0 0 0 0 0 0 0 0 0 0 0 0 0 0 0 0 0 0 0 0 0 1 1 1 1 1 1 1 2 2 2 2 2
 2 2 2 2 2 3]",15
fold_1/sample_2496/image.png,[0 0 0 0 0 0 0 0 0 0 0 0 0 0 0 0 0 0 0 0 0 0 1 1 1 1 1 1 2 2 2 2],15
fold_1/sample_2497/image.png,[2 2 2 2 2 2 2 2],15
fold_1/sample_2498/image.png,[0 2 2 2 2 2 2 2 2 2 2 2 2],15
fold_1/sample_2499/image.png,[2 2 2 2 2 2 2 2],15
fold_1/sample_2500/image.png,[0 0 0 0 0 0 0 0 0 0 2 2],15
fold_1/sample_2501/image.png,[0 0 0 2 2 2 2 2 2 2 2 2 2],15
fold_1/sample_2502/image.png,[0 0 0 0 0 0 0 0 2 2 2 2 2 2 2 2 2],15
fold_1/sample_2503/image.png,[0 0 0 0 0 0 0 0 2 2 2 2 2],15
fold_1/sample_2504/image.png,"[0 0 0 0 0 0 0 0 1 1 1 1 1 1 1 1 1 1 1 1 1 1 1 1 1 1 1 1 1 1 1 1 1 1 2 2 2
 2 2 2]",15
fold_1/sample_2505/image.png,[0 0 0 0 0 0 0 0 0 0 0 0 0 0 0 0 0 0 1 1 1 1 1 1 1 1 2 2 2 2 2 3],15
fold_1/sample_2506/image.png,[0 0 0 0 0 0 0 0 0 0 0 0 0 0 0 0 0 0 0 0 1 1 1 1 1 1 1 1],15
fold_1/sample_2507/image.png,[0 0 0 0 0 0 0 0 0 0 0 0 0 0 0 0 0 0 0 0 0 0 0 1 1 1 1 1 1 1 2 2 2 3],15
fold_1/sample_2508/image.png,[0 0 0 0 0 0 0 0 0 0 0 0 0 1 1 1 2 3],15
fold_1/sample_2509/image.png,"[0 0 0 0 0 0 0 0 0 0 0 0 0 0 0 0 0 1 1 1 1 1 1 1 1 1 1 1 1 1 1 1 1 1 1 1 1
 2 2 2 2 2 2 2 2]",15
fold_1/sample_2510/image.png,[0 0 0 1 1 1 1 1 1 1 1 1 2 2 2 2 2 2 2 2 2 2 2 2 2 2 2 2 2],15
fold_1/sample_2511/image.png,[0 0 0 0 0 0 0 0 0 0 0 1 1 1 1 1 1 1 1 1 1 1 1 1 2 2 2 2 2 2 2 2 2 2 2 2 3],15
fold_1/sample_2512/image.png,[1 1 2],16
fold_1/sample_2513/image.png,[1 1 2],16
fold_1/sample_2514/image.png,[1 1],16
fold_1/sample_2515/image.png,[],16
fold_1/sample_2516/image.png,[1 2 2],16
fold_1/sample_2517/image.png,[1 2 2 2 2 2 2 2 2 2 2 2 2],16
fold_1/sample_2518/image.png,[0 0 0],16
fold_1/sample_2519/image.png,[0 0 0 0 0 0 0 0 0 0 0 0 0 1],16
fold_1/sample_2520/image.png,[2 2 2 2 2 2 2 2],16
fold_1/sample_2521/image.png,[0 0 0 0 0 0 0 0 0 0 0 0 0 0 0 0 0 1],16
fold_1/sample_2522/image.png,[0 0 0 0 0 0 0 0 0 0 0 0 0 0 0 0 0 0],16
fold_1/sample_2523/image.png,[0 0 0 0 0 0 0 0 0 0 0 0 0 0 0 0 0 0 0 0 0 0 1 1 2],16
fold_1/sample_2524/image.png,[0 0 0 0 0 0 0 0 0 0 0 0 0 1 1 2 2 2],16
fold_1/sample_2525/image.png,"[0 0 0 0 0 0 0 0 0 1 1 1 1 1 1 1 1 1 1 1 1 1 1 1 1 1 1 1 1 1 1 1 1 1 1 1 1
 1 1 1 1 1 1 1 1 1 1 1 1 1 1 1 1 1 1 1 1 1 1 1 1 1 1 1 1 1 1 1 1 1 1 1 1 1
 1 1 1 1 1 1 1 1 1 1 1 1 1 1 1 1]",16
fold_1/sample_2526/image.png,"[0 0 0 0 0 0 0 0 0 1 1 1 1 1 1 1 1 1 1 1 1 1 1 1 1 1 1 1 1 1 1 1 1 1 1 1 1
 1 1 1 1 1 1 1 1 1 1 1 1 1 1 1 1 1 1 1 1 1 1 1 1 1 1 1 1 1 1 1 1 1 1 1 1 1
 1 1 1 1 1 2 2 2 2 2 2 2 2 2 2]",16
fold_1/sample_2527/image.png,"[0 0 0 0 0 1 1 1 1 1 1 1 1 1 1 1 1 1 1 1 1 1 1 1 1 1 1 1 1 1 1 1 1 1 1 2 2
 2 2 2 2]",16
fold_1/sample_2528/image.png,"[0 0 0 0 0 0 0 0 0 0 0 0 0 0 1 1 1 1 1 1 1 1 1 1 1 1 1 1 1 1 1 1 1 1 1 1 1
 1 1 1 1 1 1 1 1 1 1 1 1 1 1 1 1 1 1 1 1 1 1 1 1 1 1 1 1 1 1 1 2 2 2 2 2 2
 2]",16
fold_1/sample_2529/image.png,"[0 0 0 0 0 0 0 0 0 0 0 0 1 1 1 1 1 1 1 1 1 1 1 1 1 1 1 1 1 1 1 1 1 1 1 1 1
 1 1 1 1 2 2 2 2 2 2 2]",16
fold_1/sample_2530/image.png,"[0 0 0 0 0 0 0 0 0 0 0 0 0 0 0 0 1 1 1 1 1 1 1 1 1 1 1 1 1 1 1 1 1 1 1 1 1
 1 1 1 1 1 1 1 1 1 1 1 1 1 1 1 1 1 1 2 2 2 2]",16
fold_1/sample_2531/image.png,[0 0 0 0 0 0 0 0 0 0 0 0 0 0 0 0 0 0 0 0 0 0 0 1],16
fold_1/sample_2532/image.png,[0 0 0 0 0 0 0 0 0 0 0 0 0 0 0 0 0 0 0 2],16
fold_1/sample_2533/image.png,[0 0 0 0 0 0 0 0 0 0 0 0 0 0 0 0 0 0 0 0 1],16
fold_1/sample_2534/image.png,[0 0 0 0 0 0 0 0 0 0 0 0 0 0 0 0 0 0 0 1 1 2 2 2 2 2],16
fold_1/sample_2535/image.png,[0 0 0 0 0 0 0 0 0 0 0 0 0 0 0 0 0 0 0 1],16
fold_1/sample_2536/image.png,[0 0 0 0 0 0 0 0 0 0 0 0 0 0 0 0 0 0 0 0],16
fold_1/sample_2537/image.png,[1 1 1 2 2 2 2 4 4 4 4 4 4 4 4 4 4 4 4 4 4],17
fold_1/sample_2538/image.png,[1 2 2 4 4 4 4 4 4 4 4 4 4 4 4 4],17
fold_1/sample_2539/image.png,[1 2 2 2 2 2 3 3 4 4 4 4 4 4 4 4 4 4 4],17
fold_1/sample_2540/image.png,[1 4 4 4 4 4],17
fold_1/sample_2541/image.png,[1 1 2 4 4 4 4 4 4 4 4 4 4 4 4 4 4],17
fold_1/sample_2542/image.png,[2 2 4 4 4 4 4 4 4 4 4 4 4 4 4],17
fold_1/sample_2543/image.png,[1 4 4 4 4 4 4 4 4 4 4 4],17
fold_1/sample_2544/image.png,[4 4 4 4 4 4 4 4 4 4 4 4 4 4 4 4 4 4 4 4 4 4 4 4],17
fold_1/sample_2545/image.png,[2 2 4 4 4 4 4 4 4 4 4 4 4 4 4 4 4 4 4 4 4 4 4 4 4 4],17
fold_1/sample_2546/image.png,[4 4 4 4 4 4 4 4 4 4 4 4 4 4 4 4 4 4 4 4 4],17
fold_1/sample_2547/image.png,[2 4 4 4 4 4 4 4 4 4 4 4 4 4 4 4 4],17
fold_1/sample_2548/image.png,[2 2 2 2 2 2 2 2 4 4 4 4],17
fold_1/sample_2549/image.png,[4 4 4 4 4 4 4 4],17
fold_1/sample_2550/image.png,[],17
fold_1/sample_2551/image.png,[],17
fold_1/sample_2552/image.png,[],17
fold_1/sample_2553/image.png,[2 2 2 2 4 4 4 4 4 4 4 4 4 4 4 4 4 4 4 4 4 4 4 4 4 4],17
fold_1/sample_2554/image.png,[2 4 4 4 4 4 4 4 4 4 4 4 4 4 4 4 4 4 4 4 4],17
fold_1/sample_2555/image.png,[1 2 4 4 4 4 4 4 4 4 4 4 4 4 4 4 4 4 4 4 4 4 4 4 4 4 4 4 4 4 4 4],17
fold_1/sample_2556/image.png,[1 1 2 2 4 4 4 4 4 4 4 4 4 4 4 4 4 4 4 4 4 4 4 4 4 4 4 4],17
fold_1/sample_2557/image.png,[2 2 4 4 4 4 4 4 4 4 4 4 4 4 4 4 4 4 4 4 4 4 4 4 4 4 4 4 4 4 4 4 4 4 4 4],17
fold_1/sample_2558/image.png,[2 4 4 4 4 4 4 4 4 4 4 4 4 4 4 4 4 4 4],17
fold_1/sample_2559/image.png,[1 2 2 2 2 4 4 4 4 4 4 4 4 4 4 4 4 4 4 4 4 4 4 4 4 4 4],17
fold_1/sample_2560/image.png,"[1 2 2 2 2 2 4 4 4 4 4 4 4 4 4 4 4 4 4 4 4 4 4 4 4 4 4 4 4 4 4 4 4 4 4 4 4
 4 4 4]",17
fold_1/sample_2561/image.png,[2 2 2 2 4 4 4 4 4 4 4 4 4 4 4 4 4 4],17
fold_1/sample_2562/image.png,"[1 1 1 1 1 1 1 1 1 1 1 1 1 1 2 2 4 4 4 4 4 4 4 4 4 4 4 4 4 4 4 4 4 4 4 4 4
 4 4 4]",17
fold_1/sample_2563/image.png,[0 0 0 0 0 0 0 0 0 0 0 0 0 2],17
fold_1/sample_2564/image.png,"[0 0 0 0 0 0 0 0 0 0 0 0 0 0 0 0 0 0 0 0 0 0 0 0 0 0 0 0 0 0 0 0 0 0 0 0 0
 0 0 0 0 0 0 2 2 2 2]",17
fold_1/sample_2565/image.png,"[0 0 0 0 0 0 0 0 0 0 0 0 0 0 0 0 0 0 0 0 0 0 0 0 0 0 0 0 0 0 0 0 0 0 0 0 1
 2 2 2 2 2 2]",17
fold_1/sample_2566/image.png,[0 0 0 0 0 0 1 1 1 1 2 2 2 2 2 2 2 2 2 2 2],17
fold_1/sample_2567/image.png,[0 0 0 0 0 0 0 0 1 1 1 1 1 1 2 2 2 2 2 2 2 2 2 2 2 2 2 2 2 2 2],17
fold_1/sample_2568/image.png,[0 0 0 1 1 1 1 1 1 1 1 1 1 2 2 2 2 2 2 2 2 2 2 2 2 2 2 2 2 2 2 2 2 2],17
fold_1/sample_2569/image.png,[0 0 0 0 0 0 0 0 0 1 1 1 1 1 1 1 1 1 1 2 2 2 2 2 2 2 2 2 2 2 2 2],17
fold_1/sample_2570/image.png,[0 0 0 0 0 0 0 0 0 1 1 1 1 1 1 2 2 2 2 2 2 2 2 2 2 2 2],17
fold_1/sample_2571/image.png,"[0 0 0 0 0 0 0 0 0 1 1 1 1 1 1 1 1 1 2 2 2 2 2 2 2 2 2 2 2 2 2 2 2 2 2 2 2
 2]",17
fold_1/sample_2572/image.png,"[1 1 1 1 1 1 2 2 2 2 2 2 2 2 2 2 2 2 2 2 4 4 4 4 4 4 4 4 4 4 4 4 4 4 4 4 4
 4 4 4 4 4 4 4 4 4 4 4]",17
fold_1/sample_2573/image.png,[2 4 4 4 4 4 4 4 4 4 4 4 4 4 4 4 4 4 4 4 4 4 4 4 4 4 4 4 4],17
fold_1/sample_2574/image.png,[1 2 2 2 4 4 4 4 4 4 4 4 4 4 4 4 4 4 4 4 4 4 4 4 4],17
fold_1/sample_2575/image.png,[1 1 1 1 1 2 2 2 2 2 2 2 2 2 4 4 4 4 4 4 4 4 4 4 4 4 4 4 4 4 4 4 4 4],17
fold_1/sample_2576/image.png,[2 2 4 4 4 4 4 4 4 4 4 4 4 4 4 4],17
fold_1/sample_2577/image.png,"[1 2 2 2 2 2 2 2 2 2 2 4 4 4 4 4 4 4 4 4 4 4 4 4 4 4 4 4 4 4 4 4 4 4 4 4 4
 4 4 4]",17
fold_1/sample_2578/image.png,[2 2 2 2 2 2 2 2 2 2 2 2 2 2 2 2 2],18
fold_1/sample_2579/image.png,[2 2 2 2 2 2 2 2 2 2 2 2 2 2 2 2 2 2 2 2 2 2 2],18
fold_1/sample_2580/image.png,[1 2 2 2 2 2 2 2],18
fold_1/sample_2581/image.png,[0 0 0 0 0 0 0 0 0 0 0 0 0 0 0 0 0 0 0 0 0 0 0 0 0 0 0 0 0 0 2],18
fold_1/sample_2582/image.png,[0 1 2 2 2],18
fold_1/sample_2583/image.png,[2 2 2 2 2 2 2 2 2 2 2 2 2 2 2 2 2 2 2 2 2 2 2 2 2 2 2 2 2 2],18
fold_1/sample_2584/image.png,[0 0 0 0 0 0 0 0 0 0 0 0 0 0 0 0 0 0 0 0 0 0 0 0 1 1 2 2 2 2 2 2 2 2 2],18
fold_1/sample_2585/image.png,[0 0 0 0 0 0 0 0 0 0 0 0 0 0 0 0 0 0 0 0 0 0 0 0 0 0 0 0 0 0 0 0 0 0 0],18
fold_1/sample_2586/image.png,[2 2 2 2 2 2 2 2 2 2 2 2 2 2 2 2 2 2 2 2 2 2 2 2 2 2 2 2 2],18
fold_1/sample_2587/image.png,[1 2 2 2 2 2 2 2 2 2 2 2 2 2 2 2 2 2 2 2 2 2 2 2 2 2 3],18
fold_1/sample_2588/image.png,[2 2 2 2 2 2 2 2 2 2 2 2 2 2 2 2 2 2 2],18
fold_1/sample_2589/image.png,"[0 0 0 0 0 0 0 0 0 0 0 0 0 0 0 0 0 0 0 0 0 0 0 0 0 0 0 0 0 0 0 0 0 0 0 0 0
 0 0 0 0 0 0 0 0 0 0 0 0 0 0 0 0 0 0 0 0 0 0 0 0 1 2 2 3 3]",18
fold_1/sample_2590/image.png,"[0 0 0 0 0 0 0 0 0 0 0 0 0 0 0 0 0 0 0 0 0 0 0 0 0 0 0 0 0 0 0 0 0 0 0 0 0
 0 0 0 0]",18
fold_1/sample_2591/image.png,[0 0 0 0 0 0 0 0 0 0 0 0 0 0 0 0 0 0 0 0 0 0 1],18
fold_1/sample_2592/image.png,"[1 1 1 1 1 1 1 1 1 1 1 1 2 2 2 2 2 2 2 2 2 2 2 2 2 2 2 2 2 2 4 4 4 4 4 4 4
 4 4 4 4 4 4 4 4 4 4 4 4 4 4 4 4 4 4 4 4 4 4 4 4 4 4 4 4 4 4 4]",5
fold_1/sample_2593/image.png,"[1 1 1 1 1 1 1 2 2 2 2 2 2 2 2 2 2 2 2 2 2 2 2 2 2 2 2 2 2 2 2 2 2 2 4 4 4
 4 4 4 4 4 4 4 4 4 4 4 4 4 4 4 4 4 4 4 4 4 4 4 4 4 4 4 4 4]",5
fold_1/sample_2594/image.png,"[1 1 1 1 1 1 1 1 1 1 1 1 1 1 1 1 1 1 1 1 1 1 1 1 1 1 1 1 1 1 1 1 1 1 2 2 2
 2 2 2 2 2 2 2 2 2 2 2 2 2 2 2 2 2 2 2 2 2 2 2 2 2 2 2 2 2 2 2 2 2 4 4 4 4
 4 4 4 4 4 4 4 4 4 4 4 4 4 4 4 4 4 4 4]",5
fold_1/sample_2595/image.png,[2 2 2 2 2 2 2 2],5
fold_1/sample_2596/image.png,[2 2 2 2 2 2 2 2],5
fold_1/sample_2597/image.png,[2 2 2 2],5
fold_1/sample_2598/image.png,[1 1 1 1 1 2 2 2 2 2 2 2 2 2],5
fold_1/sample_2599/image.png,"[0 0 0 0 0 0 0 0 0 0 0 0 0 0 0 0 0 0 0 0 0 0 0 0 0 0 0 0 0 0 0 0 0 0 0 0 0
 0 0 0 0 0 0 0 0 0 0 0 0 0 0 0 0 0 0 0 2 2 2 2]",5
fold_1/sample_2600/image.png,[1 2 2 2 2 2 2 2 2 2 2 2 2 2 2 2 2 2 2],5
fold_1/sample_2601/image.png,[0 0 0 0 0 0 0 0 0 0 0 0 0 0 0 1 1],5
fold_1/sample_2602/image.png,"[0 0 0 0 0 0 0 0 0 0 0 0 0 0 0 0 0 0 0 0 0 0 0 0 0 0 0 0 0 0 0 0 0 0 0 0 0
 0 0 0 0 0 0 0 0 0 1 1 2 2 2 2 2 2 2]",5
fold_1/sample_2603/image.png,"[0 0 0 0 0 0 0 0 0 0 0 0 0 0 0 0 0 0 0 0 0 0 0 0 0 0 0 0 0 0 0 0 0 0 0 0 0
 0 0 0 0 0 0 0 0 0 0 0 0 0 0 0 0 0 0 2 2]",5
fold_1/sample_2604/image.png,[2 2 2 2 2 2 2 2 2 2 2 2 2 2 2 2 2],5
fold_1/sample_2605/image.png,[1 1 1 1 2 2 2 2 2 2 2 2 2 2 2 2 2 2 2 2 2 2 2 2 2],5
fold_1/sample_2606/image.png,[2 2 2 2 2 2 2 2 2 2 2 2 2 2 2 2 2 2 2 2 2 2 2],5
fold_1/sample_2607/image.png,[2 2 2 2 2 2 2 2 2 2],5
fold_1/sample_2608/image.png,"[0 0 0 0 0 0 0 0 0 0 0 0 0 0 0 0 0 0 0 0 0 0 0 0 0 0 0 0 0 0 0 0 0 0 0 0 0
 0 0 0 0 1 1 1 1 2 2]",5
fold_1/sample_2609/image.png,"[1 1 1 1 1 1 1 1 1 1 1 1 1 1 1 1 1 1 1 1 1 1 1 1 1 1 1 1 1 1 1 1 1 1 1 1 1
 1 1 1 1 1 1 1 1 1 1 1 1 1 1 1 1 1 1 1 1 1 1 1 1 1 1 1 1 1 1 1 1 1 1 1 1 1
 1 1 1 1 1 1 1 1 1 1 1 1 1 1 1 1 1 1 1 1 1 1 1 1 1 1 1 1 1 1 1 1 1 1 1 1 1
 1 1 1 1 1 1 1 1 1 1 1 1 1 1 1 1 1 1 1 1 1 1 1 1 1 1 1 2 2 2 2 2 2 2 2 2 2
 2 2 2 2 2 2 2 2 2 2 2 2 2 2 2 2 2 2]",5
fold_1/sample_2610/image.png,"[1 1 1 1 1 1 1 1 1 1 1 1 1 1 1 1 1 1 1 1 1 1 1 1 1 1 1 1 1 1 1 1 1 1 1 1 1
 1 1 1 1 1 1 1 1 1 1 1 1 1 1 1 1 1 1 1 1 1 1 1 1 1 1 1 1 1 1 1 1 1 1 1 1 1
 1 1 1 1 1 1 1 1 1 1 1 1 1 1 1 1 1 1 1 1 1 1 1 1 1 1 1 1 1 1 1 1 1 1 1 1 1
 1 1 1 1 1 1 1 1 1 1 1 1 1 1 1 1 1 1 1 1 1 1 1 1 1 1 1 1 1 1 1 1 1 1 1 1 1
 1 1 2 2 2 2 2 2 2 2 2 2 2 2 2 2 2 2 2 2]",5
fold_1/sample_2611/image.png,"[1 1 1 1 1 1 1 1 1 1 1 1 1 1 1 1 1 1 1 1 1 1 1 1 1 1 1 1 1 1 1 1 1 1 1 1 1
 1 1 1 1 1 1 1 1 1 1 1 1 1 1 1 1 1 1 1 1 1 1 1 1 1 1 1 1 1 1 1 1 1 1 1 1 1
 1 1 1 1 1 1 1 1 1 1 1 1 1 1 1 1 1 1 1 1 1 1 1 1 1 1 1 1 1 1 1 1 1 1 1 1 1
 1 1 1 1 1 1 1 1 1 1 1 1 1 1 1 1 1 1 1 1 1 1 1 1 1 1 1 1 1 1 1 1 1 1 2 2 2
 2 2 2 2 2 2 2 2 2 2 2 2 2 2 2 2 2]",5
fold_1/sample_2612/image.png,"[1 1 1 1 1 1 1 1 1 1 1 1 1 1 1 1 1 1 1 1 1 1 1 1 1 1 1 1 1 1 1 1 1 1 1 1 1
 1 1 1 1 1 1 1 1 1 1 1 1 1 1 1 1 1 1 1 1 1 1 1 1 1 1 1 1 1 1 1 1 1 1 1 1 1
 1 1 1 1 1 1 1 1 1 1 1 1 1 1 1 1 1 1 1 1 1 1 1 1 1 1 1 1 1 1 1 1 1 1 1 1 1
 1 1 1 1 1 1 1 1 1 1 1 1 1 1 1 1 1 1 1 1 1 1 1 1 1 1 1 1 1 1 1 1 1 1 2 2 2
 2 2 2 2 2 2 2 2 2 2 2 2 2 2 2 2 2 2]",5
fold_1/sample_2613/image.png,"[0 0 0 0 0 0 0 0 0 0 0 0 0 0 0 0 0 0 0 0 0 0 0 0 0 0 0 0 0 0 0 0 0 0 0 0 0
 0 0 0 0 0 0 0 0 0 0 0 0 0 0 0 0 2 2 2 3 3 3 3 3 3 3 3 3 3 3 3 3 3 3 3]",5
fold_1/sample_2614/image.png,"[0 0 0 0 0 0 0 0 0 0 0 0 0 0 0 0 0 0 0 0 0 0 0 0 0 0 0 0 0 0 0 0 0 0 0 0 0
 1 1 1 1]",5
fold_1/sample_2615/image.png,"[1 1 1 1 1 1 1 1 2 2 2 2 2 2 2 2 2 2 2 2 2 2 2 2 2 2 2 2 2 2 2 2 2 2 2 2 2
 2 2 2 2 2 2 2 2 2 2 2 2 2 2 2 2 2 2 2 2]",5
fold_1/sample_2616/image.png,"[1 1 1 1 1 1 2 2 2 2 2 2 2 2 2 2 2 2 2 2 2 2 2 2 2 2 2 2 2 2 2 2 2 2 2 2 2
 2 2 2 2 2 2 2 2 2 2 2 2 2 2 2 2 2]",5
fold_1/sample_2617/image.png,"[0 0 0 0 0 0 0 0 0 0 0 0 0 0 0 0 0 0 0 0 0 0 0 0 0 0 0 0 0 0 0 0 0 0 0 0 0
 0 0 0 0 0 0 0 0 0 0 0 0 0 0 0 0 0 0 0 0 0 0 1 1 1 2 2 2 2 2 2 2 2 2 2 2 2
 2 2 2]",5
fold_1/sample_2618/image.png,"[0 0 0 0 0 0 0 0 0 0 0 0 0 0 0 0 0 0 0 0 0 0 0 0 0 0 0 0 1 1 1 1 2 2 2 2 2
 2 2 2 2 2 2 2 2 2 2 2 2 2 2 2 2 2 2 2 2 2 2 2 2 2 2 2 2 2 2 2]",5
fold_1/sample_2619/image.png,"[1 4 4 4 4 4 4 4 4 4 4 4 4 4 4 4 4 4 4 4 4 4 4 4 4 4 4 4 4 4 4 4 4 4 4 4 4
 4 4 4 4 4 4]",5
fold_1/sample_2620/image.png,"[1 1 1 1 1 1 2 2 2 2 2 2 2 2 4 4 4 4 4 4 4 4 4 4 4 4 4 4 4 4 4 4 4 4 4 4 4
 4 4 4 4 4 4 4 4 4 4]",5
fold_1/sample_2621/image.png,[2 4 4 4 4 4 4 4 4 4 4 4 4 4 4 4 4 4 4 4 4 4 4 4 4 4 4 4 4 4 4 4 4],5
fold_1/sample_2622/image.png,"[1 1 1 2 2 2 4 4 4 4 4 4 4 4 4 4 4 4 4 4 4 4 4 4 4 4 4 4 4 4 4 4 4 4 4 4 4
 4 4 4]",5
fold_1/sample_2623/image.png,[2 2 2 2 2 2 2 2 2 2 2 2 2 2 2 2 2 2 2 2 2 2 2],5
fold_1/sample_2624/image.png,"[0 0 0 0 0 0 0 1 1 1 2 2 2 2 2 2 2 2 2 2 2 2 2 2 2 2 2 2 2 2 2 2 2 2 2 2 2
 2 2 2 2 2 2 2 2 2 2 2 2 2 2 2 2 2 2 2 2 2 2 2]",5
fold_1/sample_2625/image.png,"[0 1 2 2 2 2 2 2 2 2 2 2 2 2 2 2 2 2 2 2 2 2 2 2 2 2 2 2 2 2 2 2 2 2 2 2 2
 2 2 2 2 2 2 2 2 2 2 2 2 2 2 2 2]",5
fold_1/sample_2626/image.png,[],5
fold_1/sample_2627/image.png,[1 1 1 1 2 2 2 2 2 2],5
fold_1/sample_2628/image.png,[2],5
fold_1/sample_2629/image.png,[1 1 1 1 1 1 1 1 1 1 1 1 2 2 2 2 2 2 2 2 2 2],5
fold_1/sample_2630/image.png,[2 2 2 2 2 2 2 2 2 2 2 2 2 2],5
fold_1/sample_2631/image.png,[2],5
fold_1/sample_2632/image.png,[1 1 2 2 2 2 2 2 2 2],5
fold_1/sample_2633/image.png,"[0 0 0 0 0 0 0 0 0 0 0 0 0 0 0 0 0 0 0 0 0 0 1 2 2 2 2 2 2 2 2 2 2 2 2 2 2
 2 2 2 2 2 2 2 2 2 2 2 2 2 2 2 2 2 2]",5
fold_1/sample_2634/image.png,"[0 0 0 0 0 0 0 0 0 0 0 0 0 1 1 1 1 1 1 1 1 1 1 2 2 2 2 2 2 2 2 2 2 2 2 2 2
 2 2 2 2 2 2 2 2 2 2 2 2 2 2 2 2 2 2 2 2 2 2 2 2 2 2 2 2]",5
fold_1/sample_2635/image.png,"[0 0 0 0 0 0 0 0 0 0 0 0 0 0 0 0 0 0 0 0 0 0 0 0 0 0 0 0 0 0 0 0 0 0 1 1 2
 2 2 2 2 2 2 2 2 2 2 2 2]",5
fold_1/sample_2636/image.png,[],5
fold_1/sample_2637/image.png,[2 2],5
fold_1/sample_2638/image.png,[2 2 2 2 2 2 2 2 2 2 2 2 2 2 2],5
fold_1/sample_2639/image.png,[],5
fold_1/sample_2640/image.png,[],5
fold_1/sample_2641/image.png,[2 2 2],5
fold_1/sample_2642/image.png,"[1 1 1 1 1 1 1 1 1 1 1 1 1 1 1 1 1 1 1 1 1 1 1 1 1 1 1 1 1 2 2 2 2 2 2 2 2
 2 2 2 2 2 2 2 2 2 2 2 2 2 2 2 2 2 2 2 2 2 2 2 2 2 2 2 2 2 2 2 2 2 2 2 2 2
 2 4 4 4 4 4 4 4 4 4 4 4]",5
fold_1/sample_2643/image.png,"[1 1 1 1 1 1 1 1 1 1 1 1 1 1 1 2 2 2 2 2 2 2 2 2 2 2 2 2 2 4 4 4 4 4 4 4 4
 4 4 4 4 4 4 4 4 4 4 4 4 4 4 4 4 4 4 4 4 4 4]",5
fold_1/sample_2644/image.png,"[0 0 0 0 0 0 0 0 0 0 0 0 0 0 0 0 0 0 0 0 0 0 0 0 0 0 0 0 0 0 0 0 0 0 0 0 0
 0 0 0 0 0 0 0 0 0 0 0 0 0 0 0 1]",5
fold_1/sample_2645/image.png,"[0 0 0 0 0 0 0 0 0 0 0 0 0 0 0 0 0 0 0 0 0 0 0 0 0 0 0 0 0 0 0 0 0 0 0 0 2
 2 2 2 2 2 2 2 2 2]",5
fold_1/sample_2646/image.png,"[0 0 0 0 0 0 0 0 0 0 0 0 0 0 0 0 0 0 0 0 0 0 0 0 0 0 0 0 0 0 0 0 0 0 0 0 0
 0 0 0 0 0 0 0 0 0 0 3 3 3 3 3 3 3 3 3 3]",5
fold_1/sample_2647/image.png,"[0 0 0 0 0 0 0 0 0 0 0 0 0 0 0 0 0 0 0 0 0 0 0 0 0 0 0 0 0 0 0 0 0 0 0 0 0
 0 0 0 0 2 2 2 2 2]",5
fold_1/sample_2648/image.png,"[0 0 0 0 0 0 0 0 0 0 0 0 0 0 0 0 0 0 0 0 0 0 0 0 0 0 0 0 0 0 0 0 0 0 0 0 0
 0 0 0 3 3 3 3 3 3 3 3 3 3 3 3 3 3]",5
fold_1/sample_2649/image.png,"[0 0 0 0 0 0 0 0 0 0 0 0 0 0 0 0 0 0 0 1 1 1 1 1 1 1 1 1 1 1 1 1 1 1 1 1 1
 1 1 1 1 2 2 2 2 2 2 2 2 2 2 2 2 2 2 2 2 2 2 2 2 2 2 2 2 2 2 2 2 2 2 2 2 2
 2 2 2]",5
fold_1/sample_2650/image.png,"[0 0 0 0 0 0 0 0 0 0 0 0 0 0 0 0 0 0 0 0 0 0 0 0 0 0 0 1 1 1 1 1 1 1 1 1 1
 1 1 1 1 1 1 1 1 1 1 1 1 1 1 1 2 2 2 2 2 2 2 2 2 2 2 2 2 2 2 2 2 2 2 2]",5
fold_1/sample_2651/image.png,"[0 0 0 0 0 0 0 0 0 0 0 0 0 0 0 0 0 0 0 0 0 0 0 0 0 0 0 0 0 0 0 0 0 0 0 0 0
 0 0 0 0 0 0 0 0 0 0 0 0 0 0 0 0 0 0 0 0 0 0 0 0 1 1 1 1 1 1 2 2 2 2 2 2 2
 2 2 2 2]",5
fold_1/sample_2652/image.png,"[0 0 0 0 0 0 0 0 0 0 1 1 1 1 1 1 1 1 1 1 1 1 1 1 1 1 1 1 1 1 1 1 1 1 2 2 2
 2 2 2 2 2 2 2 2 2 2 2 2 2 2 2 2 2 2 2 2 2 2 2 2 2 2 2 2 2 2 2 2 2 2 2 2 2
 2 2 2 2 2 2 2 2 2 2 2 2 2 2 2 2]",5
fold_1/sample_2653/image.png,[1 1 1 1 1 1 1 1 1 1 1 1 1 1 1 1 1 1 1 2 2 2 2 2 2 2 2 2 2 2 2 2 2 2],5
fold_1/sample_2654/image.png,[1 1 1 1 1 2 2 2 2 2 2 2 2 2 2 2 2 2 2 2 2 2 2 2 2 2 2],5
fold_1/sample_2655/image.png,"[1 1 1 1 1 1 1 1 1 1 2 2 2 2 2 2 2 2 2 2 2 2 2 2 2 2 2 2 2 2 2 2 2 2 2 2 2
 2 2 2]",5
fold_2/sample_0/image.png,[0 0 0 0 0 0 2 2 2],3
fold_2/sample_1/image.png,[0 2 2 2 2 2 2 2 2 2],3
fold_2/sample_2/image.png,[0 0 0 0 0 0 2 2 2],3
fold_2/sample_3/image.png,[0 0 0 0 0 0 0 0 1 2],3
fold_2/sample_4/image.png,[0 0 0 0 0 2 2],3
fold_2/sample_5/image.png,[0 0 0 0 2 2],3
fold_2/sample_6/image.png,[0 0 0 0 0 0 0 0 2],3
fold_2/sample_7/image.png,[0 0 0 0 0 0 0 0 0 0 0 1 2 2 2 2],3
fold_2/sample_8/image.png,[0 0 0 0 0 0 0 0 0 0 0 0 0 2 2 2],3
fold_2/sample_9/image.png,[0 0 0 0 0 0 0 0 0 0 0 0 2 2],3
fold_2/sample_10/image.png,[0 0 0 0 0 0 0 1 2 2 2],3
fold_2/sample_11/image.png,[0 0 0 0 0 0 1 2 2 2 2],3
fold_2/sample_12/image.png,[0 0 0 0 0 1 1 2 2 2],3
fold_2/sample_13/image.png,[0 0 0 0 0 0 0 0 0 0 0 0 1 1 1 2],3
fold_2/sample_14/image.png,[0 0 0 0 0 0 0 0 0 0],3
fold_2/sample_15/image.png,[0 0 0 0 0 0 0 0 0 0 0 2],3
fold_2/sample_16/image.png,[0 0 0 1 1 1 2 2 2 2],3
fold_2/sample_17/image.png,[0 0 0 0 0 0 0 0 0 0 0 0 0 1 1],3
fold_2/sample_18/image.png,[0 0 0 0 0 0 0 0 0 0 0 2 2],3
fold_2/sample_19/image.png,[0 0 0 0 0 0 0 0 0 1 2],3
fold_2/sample_20/image.png,[0 0 2 2 2],3
fold_2/sample_21/image.png,[0 0 0 0 0 0 0 0 0 0 2],3
fold_2/sample_22/image.png,[1 1 1 2 2 2 2 2 2 2 2 2 2],3
fold_2/sample_23/image.png,[0 1 1 1 1 1 2 2 2 2 2 2 2 2],3
fold_2/sample_24/image.png,[0 0 0 0 0 2 2 2],3
fold_2/sample_25/image.png,[0 0 0 0 0 0 0 0 0 0],3
fold_2/sample_26/image.png,[0 0 0 0 0 0 0 2 2 2 2 2 2],3
fold_2/sample_27/image.png,[2 2 2 2 2 2 2],3
fold_2/sample_28/image.png,[0 0 2 2 2 2 2 2],3
fold_2/sample_29/image.png,[2 2 2 2 2 2 2],3
fold_2/sample_30/image.png,[0 0 0 0 0 0 0 0 0 0 0 2 2],3
fold_2/sample_31/image.png,[1 2 2 2 2 2 2 2 2 4 4 4 4 4 4 4 4 4 4 4 4],3
fold_2/sample_32/image.png,[1 1 1 2 2 2 2 2 2 2 4 4 4 4 4 4 4],3
fold_2/sample_33/image.png,[1 2 2 2 2 4 4 4 4 4 4 4 4 4 4 4 4 4 4 4 4 4 4 4],3
fold_2/sample_34/image.png,[2 2 2 2 2 4 4 4 4 4 4 4 4 4 4 4 4 4 4 4 4 4 4 4 4 4 4 4 4 4 4 4 4 4 4 4],3
fold_2/sample_35/image.png,[1 1 2 2 2 2 2 2 4 4 4 4 4 4 4 4 4 4 4 4 4 4 4 4 4 4 4 4 4 4 4 4 4 4 4],3
fold_2/sample_36/image.png,[2 4 4 4 4 4 4 4 4],3
fold_2/sample_37/image.png,[2 2 4 4 4 4 4 4 4 4 4 4 4],3
fold_2/sample_38/image.png,[1 1 1 2 2 4 4 4 4 4 4 4 4 4 4 4 4 4 4 4 4 4 4],3
fold_2/sample_39/image.png,[1 2 4 4 4 4 4 4 4 4 4 4],3
fold_2/sample_40/image.png,[2 2 4 4 4 4 4 4 4 4 4 4 4 4 4 4 4 4 4 4],3
fold_2/sample_41/image.png,[0 1 1 1 1 1 1 2 2 2 2 2 2 2 2 2 2 2 2 2 2],3
fold_2/sample_42/image.png,[0 0 0 0 0 0 0 0 0 0 0 0 0 0 0 0 0 0 0 0 0 0 0 0 0 0 0 0 0],3
fold_2/sample_43/image.png,[1 2 2 2 2 2 2 2 4 4 4 4 4 4 4 4 4],3
fold_2/sample_44/image.png,[2 2 4 4 4 4 4 4 4 4 4 4 4 4 4 4 4 4 4 4 4 4 4 4 4 4 4 4 4 4 4 4 4 4 4 4 4],3
fold_2/sample_45/image.png,[2 2 2 2 2 4 4 4 4 4 4 4 4 4 4 4 4 4 4 4 4 4 4 4 4 4 4 4 4 4 4 4 4 4 4],3
fold_2/sample_46/image.png,[1 2 2 2 2 4 4 4 4 4 4 4 4 4 4 4 4 4 4 4 4 4],3
fold_2/sample_47/image.png,[1 2 2 2 2 2 2 4 4 4 4 4 4 4 4 4 4 4 4 4 4 4],3
fold_2/sample_48/image.png,[1 2 2 2 2 4 4 4 4 4 4 4 4 4 4 4 4 4 4 4 4 4 4 4 4 4 4 4 4 4 4 4 4 4],3
fold_2/sample_49/image.png,[1 2 2 2 2 2 2 4 4 4 4 4 4 4 4 4 4 4 4 4 4 4 4 4 4 4 4 4 4 4 4],3
fold_2/sample_50/image.png,[1 1 2 2 2 2 2 2 2 2 4 4 4 4 4 4 4 4 4 4],3
fold_2/sample_51/image.png,[2 2 2 2 2 2 2 2 2 2 2 2 2 4 4 4 4],3
fold_2/sample_52/image.png,[1 1 2 2 4 4 4 4 4 4 4 4 4 4 4 4 4 4 4 4 4 4 4 4 4 4 4 4 4 4 4 4 4 4],3
fold_2/sample_53/image.png,[2 2 2 2 4 4 4 4 4 4 4 4 4 4 4 4 4 4 4 4 4 4 4 4 4 4],3
fold_2/sample_54/image.png,[1 4 4 4 4 4 4 4 4 4 4 4 4 4 4 4 4 4 4 4 4 4 4 4 4 4 4 4 4 4],3
fold_2/sample_55/image.png,[2 2 4 4 4 4 4 4 4 4 4 4 4 4 4 4 4 4 4 4 4 4 4 4],3
fold_2/sample_56/image.png,[4 4 4 4 4 4 4 4 4 4 4 4 4 4 4 4 4 4 4 4 4 4 4],3
fold_2/sample_57/image.png,[2 2 2 2 2 2 2 2 2 2 4],3
fold_2/sample_58/image.png,[2 2 2 4 4 4 4 4 4 4 4 4 4 4 4 4 4 4 4 4 4 4 4 4 4 4 4 4 4 4 4 4 4 4],3
fold_2/sample_59/image.png,"[2 2 2 2 2 2 2 4 4 4 4 4 4 4 4 4 4 4 4 4 4 4 4 4 4 4 4 4 4 4 4 4 4 4 4 4 4
 4 4 4 4 4 4 4 4 4 4 4 4 4]",3
fold_2/sample_60/image.png,[0 0 0 0 0 2 2 2 2 2],3
fold_2/sample_61/image.png,[2 2],3
fold_2/sample_62/image.png,[0 0 0 0 0 2 2 2],3
fold_2/sample_63/image.png,[0 0 2],3
fold_2/sample_64/image.png,[0 0 0 0 0 0 0 0 0 0 2],3
fold_2/sample_65/image.png,[0 0 0 2 2 2 2 2 2 2 2 2],3
fold_2/sample_66/image.png,[2 2 2 2 2 2 2 2],3
fold_2/sample_67/image.png,[2 2 2 2 2 2],3
fold_2/sample_68/image.png,[0 0 0 0 0 1 2 2 2],3
fold_2/sample_69/image.png,[0 0 2 2 2 2 2 2 2 2],3
fold_2/sample_70/image.png,[0 1 2 2 2 2 2 2 4 4 4 4 4 4 4 4 4],3
fold_2/sample_71/image.png,[0 0 1 1 2 2 2 2 2 2],3
fold_2/sample_72/image.png,[0 1 1 2 2 2 2 2 2 2 2 2 2 2 2 2 2 4 4 4 4 4 4],3
fold_2/sample_73/image.png,[0 0 1 2 2 2 2 2 2 2 2 2 2 2 2 4 4 4 4 4 4 4 4 4],3
fold_2/sample_74/image.png,[1 2 2 2 2 2 2 2 2 2 2 2 2 2 2 2 2 2 2 2 2 2 2 4 4 4 4 4 4 4 4 4 4 4 4],3
fold_2/sample_75/image.png,"[2 2 2 2 2 2 2 2 2 2 2 2 2 4 4 4 4 4 4 4 4 4 4 4 4 4 4 4 4 4 4 4 4 4 4 4 4
 4 4 4 4 4 4 4 4 4 4 4 4]",3
fold_2/sample_76/image.png,"[1 2 2 2 2 2 2 2 2 2 4 4 4 4 4 4 4 4 4 4 4 4 4 4 4 4 4 4 4 4 4 4 4 4 4 4 4
 4]",3
fold_2/sample_77/image.png,[2 2 2 2 2 2 4 4 4 4 4 4 4 4 4 4 4 4 4 4 4 4 4 4 4 4 4 4 4 4 4 4 4 4],3
fold_2/sample_78/image.png,"[2 2 2 2 2 2 2 2 2 2 2 4 4 4 4 4 4 4 4 4 4 4 4 4 4 4 4 4 4 4 4 4 4 4 4 4 4
 4 4 4 4 4 4 4 4 4 4 4 4]",3
fold_2/sample_79/image.png,"[2 2 2 2 4 4 4 4 4 4 4 4 4 4 4 4 4 4 4 4 4 4 4 4 4 4 4 4 4 4 4 4 4 4 4 4 4
 4 4 4 4]",3
fold_2/sample_80/image.png,"[2 2 2 4 4 4 4 4 4 4 4 4 4 4 4 4 4 4 4 4 4 4 4 4 4 4 4 4 4 4 4 4 4 4 4 4 4
 4 4 4 4 4 4 4 4]",3
fold_2/sample_81/image.png,[2 2 2 2 2 2 4],3
fold_2/sample_82/image.png,[2 2 2 4 4 4 4 4 4 4 4 4 4 4 4 4 4 4 4 4 4 4 4 4 4 4 4 4 4 4 4 4 4 4],3
fold_2/sample_83/image.png,[2 2 4 4 4 4 4 4 4 4 4 4 4 4 4 4 4 4 4 4 4 4 4 4 4 4 4 4 4 4 4 4 4 4],3
fold_2/sample_84/image.png,[2 2 2 2 2 2 4 4 4 4 4 4 4 4 4 4 4 4 4 4],3
fold_2/sample_85/image.png,[0 0 1 2 2 2 2 2 2 2 2],3
fold_2/sample_86/image.png,[0 0 0 0 1 2 2 2 2 2 2 2 2 2],3
fold_2/sample_87/image.png,[0 0 0 0 0 0 0 0 0 0 1],3
fold_2/sample_88/image.png,[0 0 0 0 0 0 0 0 0 0 0 0 0 1 2],3
fold_2/sample_89/image.png,[0 0 0 0 0 0 0 0 0 0 0 0 0 0 0 1 1 2],3
fold_2/sample_90/image.png,[0 0 0 0 0 0 0 0 0 0 0 0 0 0 2 2 2 2],3
fold_2/sample_91/image.png,[0 0 0 0 0 0],3
fold_2/sample_92/image.png,[1],3
fold_2/sample_93/image.png,[0 0 0 0 0 0 0 0 0 0 0 0 0 0 0 0 0 2 2],3
fold_2/sample_94/image.png,[0 0 0 0 0 0 0 0 2 2 2 2],3
fold_2/sample_95/image.png,[0 0 0 0 0 0 0 0 0 0 0 0 0 0 0 0 0 0 0 0 0 0 0],3
fold_2/sample_96/image.png,[0 0 0 0 0 0 0 0 0 0 0 0 0 0 0 0 0 1 1 1 2 2 2 2],3
fold_2/sample_97/image.png,[0 0 0 0 0 1 1 2 2 2 2 2 2 2 2 2 2 2],3
fold_2/sample_98/image.png,[0 0 0 0 0 0 0 1 1 2 2 2 2 2 2 2 2 2 2 2 2 2],3
fold_2/sample_99/image.png,[2 2 2 2 2 2 2 2 2 2 4 4 4 4 4 4 4 4 4 4 4 4 4],3
fold_2/sample_100/image.png,[1 2 2 2 2 2 4 4 4 4 4 4 4 4 4 4 4 4 4 4 4 4 4 4 4 4 4 4 4],3
fold_2/sample_101/image.png,[0 2 2 2 2 2 2 4 4 4 4 4 4 4 4 4 4 4 4 4 4 4 4 4],3
fold_2/sample_102/image.png,[0 0 1 2 2 2 2 2 2],3
fold_2/sample_103/image.png,"[1 2 2 2 4 4 4 4 4 4 4 4 4 4 4 4 4 4 4 4 4 4 4 4 4 4 4 4 4 4 4 4 4 4 4 4 4
 4 4 4 4 4 4 4 4]",3
fold_2/sample_104/image.png,"[2 2 2 2 2 2 4 4 4 4 4 4 4 4 4 4 4 4 4 4 4 4 4 4 4 4 4 4 4 4 4 4 4 4 4 4 4
 4]",3
fold_2/sample_105/image.png,[0 0 0 0 0 0 0 0 0 0 0 0 0 0 0 0 0 0 0 0 0 0 0 0 0 0 0 0 0 0 0 2],3
fold_2/sample_106/image.png,[0 0 0 0 0 0 0 0 0 0 0 0 0 0 0 0 0 0 0 0 0 0 0 0 2 2 2 2 2 2 2 2 2],3
fold_2/sample_107/image.png,"[0 0 0 0 0 0 0 0 0 0 0 0 0 0 0 0 0 0 0 0 0 0 0 0 0 0 0 0 0 0 0 0 0 0 0 0 0
 0 0 0 0 0 0 2]",3
fold_2/sample_108/image.png,"[0 0 0 0 0 0 0 0 0 0 0 0 0 0 0 0 0 0 0 0 0 0 0 0 0 0 0 0 0 0 0 0 0 0 0 0 0
 0 1]",3
fold_2/sample_109/image.png,"[1 1 1 1 1 1 1 1 1 1 1 1 1 1 1 1 1 1 1 1 1 1 1 1 1 1 1 1 1 1 1 1 1 1 1 1 1
 1 1 1 1 1 1 1 1 1 1 1 1 1 1 1 1 1 1 1 1 1 1 1 1 1 1 1 1 1 1 2 2]",3
fold_2/sample_110/image.png,"[0 0 0 1 1 1 1 1 1 1 1 1 1 1 1 1 1 1 1 1 1 1 1 1 1 1 1 1 1 1 1 1 1 1 1 1 1
 1 2 2 2 2 2 2 2 2 2 2 2 2 2 2]",3
fold_2/sample_111/image.png,"[0 0 0 0 0 0 0 0 0 1 1 1 1 1 1 1 1 1 1 1 1 1 1 1 1 1 1 1 1 1 1 1 1 1 2 2 2
 2 2 2 2 2 2 2]",3
fold_2/sample_112/image.png,"[0 0 0 1 1 1 1 1 1 1 1 1 1 1 1 1 1 1 1 1 1 1 1 1 1 1 1 1 1 1 1 1 1 1 1 1 1
 1 1 1 2 2 2 2 2 2 2 2 2 2]",3
fold_2/sample_113/image.png,"[1 2 2 2 2 2 2 2 2 2 2 2 4 4 4 4 4 4 4 4 4 4 4 4 4 4 4 4 4 4 4 4 4 4 4 4 4
 4 4]",3
fold_2/sample_114/image.png,[4 4 4 4 4 4 4 4 4 4 4 4 4 4 4 4 4 4 4 4 4],3
fold_2/sample_115/image.png,[2 2 2 2 2 2 4 4 4 4 4 4 4 4 4 4 4 4 4 4 4 4 4 4 4 4 4 4 4 4 4],3
fold_2/sample_116/image.png,"[2 2 2 2 2 4 4 4 4 4 4 4 4 4 4 4 4 4 4 4 4 4 4 4 4 4 4 4 4 4 4 4 4 4 4 4 4
 4 4]",3
fold_2/sample_117/image.png,[1 2 4 4 4 4 4 4 4 4 4 4 4 4 4 4 4 4 4 4 4 4 4 4 4 4 4 4 4 4 4 4 4 4 4 4 4],3
fold_2/sample_118/image.png,[4 4 4 4 4 4 4 4 4 4 4 4 4 4 4 4 4 4 4 4 4 4 4 4 4 4 4 4 4 4 4 4 4 4 4 4],3
fold_2/sample_119/image.png,[1 1 2 2 2 2 2 2 2 2 4 4 4 4 4 4 4 4 4 4 4 4 4 4 4 4 4 4 4],3
fold_2/sample_120/image.png,[2 2 2 4 4 4 4 4 4 4 4 4 4 4 4 4 4 4 4 4 4 4 4 4 4 4 4 4 4 4 4],3
fold_2/sample_121/image.png,[1 1 2 2 2 2 2 2 2 2 2 2 2 2 2 2 4 4 4 4 4 4 4 4 4 4 4 4 4 4 4 4 4 4 4 4],3
fold_2/sample_122/image.png,"[1 1 2 2 2 4 4 4 4 4 4 4 4 4 4 4 4 4 4 4 4 4 4 4 4 4 4 4 4 4 4 4 4 4 4 4 4
 4 4 4 4 4]",3
fold_2/sample_123/image.png,[1 1 2 2 2 4 4 4 4 4 4 4 4 4 4 4 4 4 4 4 4 4 4 4 4 4 4 4],3
fold_2/sample_124/image.png,[0 1 2 2 2 2 2 2],3
fold_2/sample_125/image.png,[0 0 0 0 0 0 0 0 0 0 0 0 0 0 0 0 0 0 0 0 0 0 2 2],3
fold_2/sample_126/image.png,[0 0 0 0 0 0 0 0 0 0 0 0 0 0 0 0 0 0 0 0 0 2],3
fold_2/sample_127/image.png,[0 0 0 0 0 0 0 0 2 2 2 2],3
fold_2/sample_128/image.png,[0 0 0 2 2],3
fold_2/sample_129/image.png,[1 2 2 2 2 2 2 2 4 4 4 4 4 4 4 4 4 4 4 4 4 4 4 4 4 4 4],3
fold_2/sample_130/image.png,"[1 2 2 4 4 4 4 4 4 4 4 4 4 4 4 4 4 4 4 4 4 4 4 4 4 4 4 4 4 4 4 4 4 4 4 4 4
 4 4]",3
fold_2/sample_131/image.png,"[1 2 2 2 2 2 4 4 4 4 4 4 4 4 4 4 4 4 4 4 4 4 4 4 4 4 4 4 4 4 4 4 4 4 4 4 4
 4 4 4 4 4]",3
fold_2/sample_132/image.png,"[1 2 4 4 4 4 4 4 4 4 4 4 4 4 4 4 4 4 4 4 4 4 4 4 4 4 4 4 4 4 4 4 4 4 4 4 4
 4 4 4 4 4 4 4 4 4 4]",3
fold_2/sample_133/image.png,[0 0 0 0 0 0 0 0 1 1 1 2 2 2],3
fold_2/sample_134/image.png,[0 0 0 0 0 0 0 0 0 0 0 0 1 1 1 1 1 1 2 2],3
fold_2/sample_135/image.png,[2 2 2 2 2 2 2 2 2 2 2 4 4 4 4 4 4 4 4 4 4 4 4 4 4 4 4 4],3
fold_2/sample_136/image.png,[1 1 2 2 2 2 2 4],3
fold_2/sample_137/image.png,[2 2 2 2 4 4 4 4 4 4],3
fold_2/sample_138/image.png,[1 2 2 2 2 2 2 2 2 2 4],3
fold_2/sample_139/image.png,[1 1 2 2 2 2 2 2 2 2 2 2 2 4 4 4 4 4 4 4 4 4 4 4 4],3
fold_2/sample_140/image.png,[2 2 2 2],3
fold_2/sample_141/image.png,[0 0 2 2 2 2 2],3
fold_2/sample_142/image.png,[0 0 0 0 2 2 2],3
fold_2/sample_143/image.png,[0 0 1 2],3
fold_2/sample_144/image.png,[0 0 2],3
fold_2/sample_145/image.png,[0 0 1 1 2 2 2],3
fold_2/sample_146/image.png,[0 0 1],3
fold_2/sample_147/image.png,"[2 2 2 2 2 2 2 4 4 4 4 4 4 4 4 4 4 4 4 4 4 4 4 4 4 4 4 4 4 4 4 4 4 4 4 4 4
 4 4 4 4 4]",3
fold_2/sample_148/image.png,[2 2 2 2 2 2 2 2 2 2 2 2 4 4],3
fold_2/sample_149/image.png,[2 2 2 2 2 2 2 2 2 4 4 4 4],3
fold_2/sample_150/image.png,[1 1 1 1 2 2 2 2 2 2 2 4 4 4 4 4 4 4 4 4 4 4 4 4 4 4 4 4 4],3
fold_2/sample_151/image.png,[2 2 2 4 4 4 4 4 4 4 4 4 4 4 4 4 4 4 4 4 4 4 4 4 4 4 4 4 4 4 4 4 4 4 4 4 4],3
fold_2/sample_152/image.png,"[2 2 4 4 4 4 4 4 4 4 4 4 4 4 4 4 4 4 4 4 4 4 4 4 4 4 4 4 4 4 4 4 4 4 4 4 4
 4 4 4 4 4 4 4 4 4 4 4 4 4 4 4]",3
fold_2/sample_153/image.png,"[1 1 2 4 4 4 4 4 4 4 4 4 4 4 4 4 4 4 4 4 4 4 4 4 4 4 4 4 4 4 4 4 4 4 4 4 4
 4 4 4 4 4 4 4 4 4 4 4 4 4 4 4 4 4 4 4 4 4 4 4 4 4 4 4 4 4 4 4 4]",3
fold_2/sample_154/image.png,[1 1 1 2 2 2],3
fold_2/sample_155/image.png,[1 1 1 2 2 2 2 2 2 3 3 3 3 3 3],3
fold_2/sample_156/image.png,[0 1 2 2 2],3
fold_2/sample_157/image.png,[0 1 2],3
fold_2/sample_158/image.png,[2 2 2 2 2 2 2 2],3
fold_2/sample_159/image.png,[1 2 2 2 2 2 2 2 2 2 2 2 2 2 2 2 4 4 4 4 4 4 4 4 4 4 4 4 4 4],3
fold_2/sample_160/image.png,"[2 2 2 2 4 4 4 4 4 4 4 4 4 4 4 4 4 4 4 4 4 4 4 4 4 4 4 4 4 4 4 4 4 4 4 4 4
 4 4 4 4 4 4 4 4 4 4 4 4 4 4 4 4 4 4 4 4 4 4 4]",3
fold_2/sample_161/image.png,"[1 1 1 1 1 2 2 2 2 2 2 2 2 2 2 2 2 2 2 2 2 2 4 4 4 4 4 4 4 4 4 4 4 4 4 4 4
 4 4 4 4 4 4 4 4]",3
fold_2/sample_162/image.png,[1 2 2 2 2 2 2 2 2 2 2 2 2 2 2 2 2 2 4 4 4 4 4],3
fold_2/sample_163/image.png,[2 2 2 2 2 2 2 2 2 2 2 2 2 2 2 2 4 4 4 4 4 4 4 4 4 4 4 4 4 4 4 4 4 4],3
fold_2/sample_164/image.png,[1 2 2 2 2 2 2 2 2 2 4 4 4 4 4 4 4 4 4 4 4 4 4],3
fold_2/sample_165/image.png,[1 1 1 2 2 2 2 2 2 2 2 2 2 4 4 4 4 4 4 4 4 4 4 4 4],3
fold_2/sample_166/image.png,"[4 4 4 4 4 4 4 4 4 4 4 4 4 4 4 4 4 4 4 4 4 4 4 4 4 4 4 4 4 4 4 4 4 4 4 4 4
 4 4 4 4 4 4 4 4 4 4 4 4 4 4 4]",3
fold_2/sample_167/image.png,"[4 4 4 4 4 4 4 4 4 4 4 4 4 4 4 4 4 4 4 4 4 4 4 4 4 4 4 4 4 4 4 4 4 4 4 4 4
 4 4 4 4 4 4 4 4 4 4 4 4 4 4 4 4]",3
fold_2/sample_168/image.png,"[2 2 2 4 4 4 4 4 4 4 4 4 4 4 4 4 4 4 4 4 4 4 4 4 4 4 4 4 4 4 4 4 4 4 4 4 4
 4 4 4 4 4 4]",3
fold_2/sample_169/image.png,[1 1 2 2 2 2 2 2 2 2 2 2 4 4 4 4 4 4 4 4 4 4 4 4 4 4 4 4 4 4 4 4],3
fold_2/sample_170/image.png,[2 2 2 2 2 2 2 4 4 4 4 4 4 4 4 4 4 4 4],3
fold_2/sample_171/image.png,[2 2 2 2 2],3
fold_2/sample_172/image.png,[1 2],3
fold_2/sample_173/image.png,[0 0 0 0 0 0 0 0 0 0 0 0 0 0 0 0 0 0 0 0 0 0 0 0 0 0 0 0 0 0 0 0 0 2],3
fold_2/sample_174/image.png,[0 0 0 0 0 0 0 0 0 0 0 1],3
fold_2/sample_175/image.png,[1 1 1 2 2 2 2 2 4 4 4 4 4 4 4 4 4 4 4 4 4 4 4 4 4 4 4 4],3
fold_2/sample_176/image.png,[2 2 2 2 2 2],3
fold_2/sample_177/image.png,[1 1 1 1 2 2 2 4 4 4 4 4 4 4 4 4 4 4 4 4 4 4 4 4 4 4 4 4 4 4 4 4 4 4 4 4 4],3
fold_2/sample_178/image.png,"[1 1 1 1 2 2 2 2 2 2 2 2 2 2 2 2 2 2 2 2 2 2 2 4 4 4 4 4 4 4 4 4 4 4 4 4 4
 4 4 4 4 4 4 4 4 4 4 4 4 4 4 4 4 4 4 4 4 4 4]",3
fold_2/sample_179/image.png,"[2 2 4 4 4 4 4 4 4 4 4 4 4 4 4 4 4 4 4 4 4 4 4 4 4 4 4 4 4 4 4 4 4 4 4 4 4
 4 4 4 4]",3
fold_2/sample_180/image.png,[2 2 2 2 2 2 4 4 4 4 4],3
fold_2/sample_181/image.png,[1 2 2 2 2 2 2 2 2 2 2 2 2 2 2 2 2 4 4 4 4 4 4 4 4 4 4 4 4 4 4 4 4 4],3
fold_2/sample_182/image.png,[1 1 2 2 2 2 2 2 2 2 2 2 2 2 2 2 2 2 4 4 4 4 4 4 4 4 4 4 4 4],3
fold_2/sample_183/image.png,[1 1 1 2 2 2 2 2 2 2 2 2 2 2 2 2 2 2 4 4 4 4 4 4 4 4 4 4 4 4 4 4 4 4],3
fold_2/sample_184/image.png,[2 2 4 4 4 4 4 4 4],3
fold_2/sample_185/image.png,[2 2 2 2 2 2 2 2 2 2 2 4 4 4 4 4 4 4 4 4],3
fold_2/sample_186/image.png,[2 4 4 4 4 4 4 4 4 4 4 4 4 4 4 4 4 4 4 4 4 4 4 4],3
fold_2/sample_187/image.png,[2 2 4 4 4 4 4 4 4 4 4 4 4 4 4 4 4 4 4 4 4 4 4 4 4 4 4 4],3
fold_2/sample_188/image.png,[1 2 2 2 2 2 2 2 2 2 2 2 2 2 4 4 4 4 4 4 4 4 4 4 4],3
fold_2/sample_189/image.png,[2 2 2 4 4 4 4 4 4 4 4 4 4 4 4 4 4 4 4 4],3
fold_2/sample_190/image.png,[2 2 2 2 2 2 2 2 2 4 4 4 4 4 4 4 4 4 4 4 4 4 4 4 4 4 4 4 4 4],3
fold_2/sample_191/image.png,[1 1 2 2 2 2 2 4 4 4 4 4 4 4 4 4 4 4 4 4 4 4 4 4 4 4],3
fold_2/sample_192/image.png,"[2 4 4 4 4 4 4 4 4 4 4 4 4 4 4 4 4 4 4 4 4 4 4 4 4 4 4 4 4 4 4 4 4 4 4 4 4
 4 4 4]",3
fold_2/sample_193/image.png,"[1 1 1 2 2 2 2 4 4 4 4 4 4 4 4 4 4 4 4 4 4 4 4 4 4 4 4 4 4 4 4 4 4 4 4 4 4
 4 4 4]",3
fold_2/sample_194/image.png,[1 2 2 2 2 2 2 2 2 2 2 2 2 2 2 4 4 4],3
fold_2/sample_195/image.png,"[1 1 2 2 2 2 2 2 2 2 2 2 2 2 4 4 4 4 4 4 4 4 4 4 4 4 4 4 4 4 4 4 4 4 4 4 4
 4]",3
fold_2/sample_196/image.png,[1 2 4 4 4 4 4 4 4 4 4 4 4 4],3
fold_2/sample_197/image.png,[1 2 2 2 2 2 2 2 2 2 4 4 4 4 4 4 4 4 4 4 4 4 4 4 4 4 4 4 4 4],3
fold_2/sample_198/image.png,"[1 2 4 4 4 4 4 4 4 4 4 4 4 4 4 4 4 4 4 4 4 4 4 4 4 4 4 4 4 4 4 4 4 4 4 4 4
 4 4 4 4 4 4]",3
fold_2/sample_199/image.png,[2 2 2 2 2 2 4 4 4 4 4 4 4 4 4 4 4 4 4 4 4 4 4],3
fold_2/sample_200/image.png,"[1 2 2 2 2 2 2 2 4 4 4 4 4 4 4 4 4 4 4 4 4 4 4 4 4 4 4 4 4 4 4 4 4 4 4 4 4
 4 4 4 4 4 4 4 4 4 4 4 4 4 4 4 4 4 4]",3
fold_2/sample_201/image.png,[2 2 2 2 2 2 2 4 4 4 4 4 4 4 4 4 4 4 4 4 4 4 4 4 4 4 4 4 4],3
fold_2/sample_202/image.png,[2 4 4 4 4 4 4 4 4 4 4 4 4 4 4 4 4 4 4 4 4 4 4 4],3
fold_2/sample_203/image.png,[2 2 2 2 4 4 4 4 4 4 4],3
fold_2/sample_204/image.png,[2 2 2 4 4 4 4 4 4 4 4 4 4 4 4 4 4 4 4 4 4 4 4 4 4 4 4 4 4 4 4 4 4 4 4 4],3
fold_2/sample_205/image.png,[1 1 2 2 2 2 2 2 2 2 2 2 2 2 2 2 2 2 4 4 4 4 4 4 4 4 4 4 4 4 4 4 4 4 4],3
fold_2/sample_206/image.png,"[2 4 4 4 4 4 4 4 4 4 4 4 4 4 4 4 4 4 4 4 4 4 4 4 4 4 4 4 4 4 4 4 4 4 4 4 4
 4 4 4 4 4 4 4 4 4 4 4 4 4 4 4 4 4 4 4 4 4 4 4 4 4 4 4 4 4 4 4 4]",3
fold_2/sample_207/image.png,[1 2 2 2 2 2 4 4 4 4 4 4 4 4 4 4 4 4 4 4 4 4 4],3
fold_2/sample_208/image.png,[2 2 2 2 4 4 4 4 4 4 4 4 4 4 4 4 4 4 4 4 4 4 4 4 4 4 4 4 4],3
fold_2/sample_209/image.png,"[2 2 2 2 2 2 4 4 4 4 4 4 4 4 4 4 4 4 4 4 4 4 4 4 4 4 4 4 4 4 4 4 4 4 4 4 4
 4 4 4]",3
fold_2/sample_210/image.png,[1 1 2 2 2 2 2 2 4 4 4 4 4 4 4 4 4 4 4 4 4 4 4],3
fold_2/sample_211/image.png,"[2 2 2 2 2 2 2 2 2 4 4 4 4 4 4 4 4 4 4 4 4 4 4 4 4 4 4 4 4 4 4 4 4 4 4 4 4
 4 4 4]",3
fold_2/sample_212/image.png,[2 2 2 2 2 2 2 2],3
fold_2/sample_213/image.png,[1 1 1 2 2 2 2 2 2 2 2 4 4 4 4 4 4 4 4 4 4 4 4],3
fold_2/sample_214/image.png,[1 1 1 1 1 2 2 2 2 4 4 4 4 4 4 4 4 4 4 4 4 4 4],3
fold_2/sample_215/image.png,[4 4 4 4 4 4 4 4 4 4 4 4 4 4 4 4 4 4 4 4 4 4 4 4 4 4 4 4 4 4 4 4],3
fold_2/sample_216/image.png,[2 2 2 2 2 2 2 2 2 2 4 4 4 4],3
fold_2/sample_217/image.png,"[2 2 2 2 2 2 4 4 4 4 4 4 4 4 4 4 4 4 4 4 4 4 4 4 4 4 4 4 4 4 4 4 4 4 4 4 4
 4]",3
fold_2/sample_218/image.png,"[1 1 1 2 4 4 4 4 4 4 4 4 4 4 4 4 4 4 4 4 4 4 4 4 4 4 4 4 4 4 4 4 4 4 4 4 4
 4 4 4 4 4 4 4 4 4 4 4 4 4 4]",3
fold_2/sample_219/image.png,[1 1 1 1 2 2 4 4 4 4 4 4 4 4 4 4 4 4 4 4 4 4 4 4 4 4 4 4 4 4 4 4 4 4 4 4 4],3
fold_2/sample_220/image.png,[1 1 2 2 2 2 2 2 2 2 2 2 2 2 4 4 4 4 4 4 4 4 4 4 4 4 4 4 4 4 4 4 4],3
fold_2/sample_221/image.png,"[1 1 1 2 4 4 4 4 4 4 4 4 4 4 4 4 4 4 4 4 4 4 4 4 4 4 4 4 4 4 4 4 4 4 4 4 4
 4 4 4 4 4 4 4 4 4]",3
fold_2/sample_222/image.png,[2 2 2 2 2 2 2 2 2 2 2 2 2 4 4 4 4 4 4 4 4 4 4 4 4 4 4 4 4 4 4 4],3
fold_2/sample_223/image.png,[0 0 0 0 0 0 0 0 0 0 0 0 0 0 0 0 0 2 2 2],3
fold_2/sample_224/image.png,[1 1],3
fold_2/sample_225/image.png,[0 0 0 0 0 0 0 0 2 2 2 2 2 2 2],3
fold_2/sample_226/image.png,"[1 1 1 1 1 1 2 2 2 2 2 2 2 2 4 4 4 4 4 4 4 4 4 4 4 4 4 4 4 4 4 4 4 4 4 4 4
 4 4 4 4 4]",3
fold_2/sample_227/image.png,[1 1 1 2 2 2 4 4 4 4 4 4 4 4 4 4 4 4 4 4 4 4 4 4 4 4 4 4 4 4 4 4 4 4 4 4],3
fold_2/sample_228/image.png,"[1 1 1 1 1 1 1 2 2 2 2 2 2 2 2 2 2 2 2 2 4 4 4 4 4 4 4 4 4 4 4 4 4 4 4 4 4
 4 4 4 4 4 4 4]",3
fold_2/sample_229/image.png,[1 1 1 1 1 1 1 1 1 1 2 2 2 2 2 2 2 2 2 2 4 4 4 4 4 4 4 4 4 4],3
fold_2/sample_230/image.png,"[1 1 1 2 2 2 2 2 2 2 2 2 2 2 2 2 4 4 4 4 4 4 4 4 4 4 4 4 4 4 4 4 4 4 4 4 4
 4 4 4]",3
fold_2/sample_231/image.png,[1 1 1 1 1 2 2 2 2 2 2 2 2 2 2 2 2 2 2 2],3
fold_2/sample_232/image.png,[1 1 2 4 4 4 4 4 4 4 4 4 4 4 4 4 4 4 4 4 4 4 4 4 4 4 4 4 4],3
fold_2/sample_233/image.png,"[1 1 1 2 2 2 2 2 4 4 4 4 4 4 4 4 4 4 4 4 4 4 4 4 4 4 4 4 4 4 4 4 4 4 4 4 4
 4 4 4 4 4 4 4 4 4 4 4 4]",3
fold_2/sample_234/image.png,[1 1 2 2 2 2 2 2 2 2 2 2 2 4 4 4 4 4 4 4 4 4 4 4 4 4 4 4 4 4 4],3
fold_2/sample_235/image.png,[2 2 2 2 2 2 2 2 2],3
fold_2/sample_236/image.png,"[1 1 1 2 2 4 4 4 4 4 4 4 4 4 4 4 4 4 4 4 4 4 4 4 4 4 4 4 4 4 4 4 4 4 4 4 4
 4 4 4 4 4 4 4 4 4 4 4 4]",3
fold_2/sample_237/image.png,"[2 2 2 2 2 2 2 4 4 4 4 4 4 4 4 4 4 4 4 4 4 4 4 4 4 4 4 4 4 4 4 4 4 4 4 4 4
 4 4 4 4]",3
fold_2/sample_238/image.png,"[1 1 1 1 1 2 2 2 2 2 2 4 4 4 4 4 4 4 4 4 4 4 4 4 4 4 4 4 4 4 4 4 4 4 4 4 4
 4 4 4 4 4 4 4]",3
fold_2/sample_239/image.png,"[1 1 1 1 1 1 1 1 1 1 1 1 1 1 1 1 1 2 2 4 4 4 4 4 4 4 4 4 4 4 4 4 4 4 4 4 4
 4 4 4]",3
fold_2/sample_240/image.png,"[1 1 1 2 2 2 2 2 2 2 2 2 2 2 2 2 2 4 4 4 4 4 4 4 4 4 4 4 4 4 4 4 4 4 4 4 4
 4 4 4 4 4 4 4 4 4 4 4]",3
fold_2/sample_241/image.png,"[1 1 1 1 1 1 1 1 1 1 1 2 2 2 2 2 2 4 4 4 4 4 4 4 4 4 4 4 4 4 4 4 4 4 4 4 4
 4 4 4 4 4 4 4]",3
fold_2/sample_242/image.png,"[1 1 1 1 1 1 2 2 2 2 2 4 4 4 4 4 4 4 4 4 4 4 4 4 4 4 4 4 4 4 4 4 4 4 4 4 4
 4 4 4 4 4 4 4 4]",3
fold_2/sample_243/image.png,"[1 1 1 1 2 2 2 2 4 4 4 4 4 4 4 4 4 4 4 4 4 4 4 4 4 4 4 4 4 4 4 4 4 4 4 4 4
 4 4 4 4 4 4 4 4 4 4]",3
fold_2/sample_244/image.png,[1 2 2 2 4 4 4 4 4 4 4 4 4 4 4 4 4 4 4 4 4 4 4 4 4 4 4 4],3
fold_2/sample_245/image.png,[2 2 2 2 2 2 4 4 4 4 4 4 4 4 4 4 4 4 4 4 4 4 4 4 4 4 4],3
fold_2/sample_246/image.png,[2 2 2 2 2 2 2 2 2 2 2 4 4 4 4 4 4 4 4 4 4 4 4 4 4 4 4 4 4 4 4 4 4],3
fold_2/sample_247/image.png,[0 0 0 0 0 0 0 0 0 0 2 2 2 2 2 2],3
fold_2/sample_248/image.png,[0 0 0 0 0 0 0 0 0 0 0 0 0 0 0 0 0 0 0 0 0],3
fold_2/sample_249/image.png,[0 0 0 0 0 0 0 0 0 0 0 0 0 0 0 0 0 0 2],3
fold_2/sample_250/image.png,[0 0 0 0 0 0 0 0 0 0 0 0 0],3
fold_2/sample_251/image.png,[0 0 0 0 0 0 0 0 0 0 0 0 0 0 0 0 0 0 0 0 0 0 0],3
fold_2/sample_252/image.png,[0 0 0 0 0 0 0 0 0 0 0 0 0 0 0 0 0 0 0 0 0 0 0 2 2],3
fold_2/sample_253/image.png,[0 0 0 0 0 0 0 0 1 1 1 1 2 2 2 2 2 2],3
fold_2/sample_254/image.png,"[1 1 1 1 1 1 1 1 1 1 1 1 1 1 1 1 1 1 1 1 1 1 1 1 1 1 1 2 2 2 2 2 2 2 2 2 2
 2]",3
fold_2/sample_255/image.png,[0 0 0 0 0 0 0 0 0 0 0 0 0 0],3
fold_2/sample_256/image.png,[0 0 0 0 0 0 0 0 0 0 0 0 0 0 0 0 0 0 0 0 0 0 0 0],3
fold_2/sample_257/image.png,[0 0 0 0 0 0 0 0 0 0 0 0 0 0 0 0 0 0 0 0 0 0 0 0 0],3
fold_2/sample_258/image.png,[0 0 0 0 0 0 0 0 0 0 0 0 0 0 0 0 0 0 0 0 0 0 2],3
fold_2/sample_259/image.png,[0 0 0 0 0 0 0 0 0 0 0 0 0 0 0 0 0 0 0 2],3
fold_2/sample_260/image.png,[0 0 0 0 0 0 0 0 0 0 0 2 2 2 2 2 2],3
fold_2/sample_261/image.png,[0 0 0 0 0 0 0 0 0 0 0 0 0 0 0 0 0 0 0 0 0 0 2 2 2 2 2],3
fold_2/sample_262/image.png,[2 2 2 2 2 2 2 2 2 2 2 2 2 2 4 4 4 4 4 4 4 4 4 4],3
fold_2/sample_263/image.png,[1 2 2 2 2 2 2 2 2 2 2 2 4 4 4 4 4 4 4 4 4 4 4 4 4 4 4 4 4 4 4 4 4 4 4 4 4],3
fold_2/sample_264/image.png,[1 1 2 2 2 2 2 2 2 2 4 4 4 4 4 4 4 4 4 4 4 4 4 4 4 4 4 4 4 4 4 4 4 4 4 4],3
fold_2/sample_265/image.png,[1 1 1 1 1 1 1 1 1 1 1 2 2 2 2 2 2 2 2 2 2 2 2 2 2 2 4 4 4 4 4 4 4],3
fold_2/sample_266/image.png,[0 0 0 0 0 0 0 0 0 0 0 0 0 0 0 0 0 0 0 1 2 2 2 2],3
fold_2/sample_267/image.png,[0 0 0 0 0 0 0 0 0 0 0 0 0 0 0 0 0 0 0 0 0 0 0 0 0 2 2],3
fold_2/sample_268/image.png,[0 0 0 0 0 0 0 0 0 0 0 0 0 0 0 0 0 0 0 0 0 2 2 2 2],3
fold_2/sample_269/image.png,[0 0 0 0 0 0 0 0 0 0 0 0 0 0 0 0 0 0 0 0 1 2],3
fold_2/sample_270/image.png,"[0 1 1 1 1 1 1 1 1 1 1 1 1 1 1 1 1 1 1 1 1 1 1 1 1 1 1 1 1 1 1 1 1 2 2 2 2
 2 2 2 2 2 2]",3
fold_2/sample_271/image.png,[1 1 1 1 1 1 1 1 1 1 1 1 1 1 1 1 1 1 2 2 2 2 2 2 2 2 2 2 2 2 2 2 2 2 2 2],3
fold_2/sample_272/image.png,[0 0 0 0 0 0 1 1 1 1 1 1 1 1 1 2 2 2 2 2 2 2 2 2 2],3
fold_2/sample_273/image.png,[0 0 0 0 0 0 1 1 1 1 1 1 1 1 1 1 1 1 1 1 1 1 2 2 2 2 2 2 2 2 2 2 2 2],3
fold_2/sample_274/image.png,[0 0 0 0 0 0 0 0 1 1 1 1 1 1 1 1 1 1 1 1 1 1 1 2 2 2 2 2 2 2],3
fold_2/sample_275/image.png,[0 0 0 0 0 0 0 0 0 1 1 1 2 2 2 2 2 2 2 2],3
fold_2/sample_276/image.png,"[1 1 1 1 1 1 1 1 1 1 1 1 1 1 1 1 1 1 1 1 1 1 1 1 1 1 1 2 2 2 2 2 2 2 2 2 2
 2 2 2 2 2 2 2 2 2 2 2 2 2]",3
fold_2/sample_277/image.png,"[1 1 1 1 1 1 1 1 1 1 1 1 1 1 1 1 1 1 1 1 1 1 1 1 1 1 1 1 1 1 1 1 1 1 1 1 1
 1 1 2 2 2 2 2 2]",3
fold_2/sample_278/image.png,"[0 0 0 0 0 0 0 0 0 0 0 0 0 0 1 1 1 1 1 1 1 1 1 1 1 1 1 1 1 1 1 1 1 1 1 1 1
 1 1 2 2 2 2 2 2 2 2 2 2]",3
fold_2/sample_279/image.png,[0 0 0 0 0 0 0 0 0 0 0 0 1 1 2 2 2 2 2 2 2 2 2 2 2 2 2 2],3
fold_2/sample_280/image.png,[0 0 0 0 0 0 0 0 0 0 0 0 0 0 0 0 0 0 0 0 0 0 0 1 1 2 2 2 2],3
fold_2/sample_281/image.png,[1 1 1 1 1 2 2 2 2 2 2 2 2 2 2 2],3
fold_2/sample_282/image.png,[1 1 1 1 2 2 2 2 2 2 2],3
fold_2/sample_283/image.png,[1 2 2 2 2 2 2 2 2 2 2 2 2 2 2],3
fold_2/sample_284/image.png,[0 0 0 0 0 0 0 2 2 2 2 2 2],3
fold_2/sample_285/image.png,[0 2 2 2 2 2 2 2 2 2 2 2],3
fold_2/sample_286/image.png,[1 1 2 2 2 2 2 4 4 4 4 4 4 4 4 4 4 4 4 4 4 4 4 4 4 4 4 4 4 4 4],3
fold_2/sample_287/image.png,[2 2 2 4 4 4 4 4 4 4 4 4 4 4 4 4 4 4 4 4 4 4 4],3
fold_2/sample_288/image.png,[2 2 2 2 2 2 2 4 4 4 4 4 4 4 4 4 4 4 4 4 4 4 4 4 4 4 4 4 4 4 4 4 4 4 4 4 4],3
fold_2/sample_289/image.png,[2 2 2 2 2 4 4 4 4 4 4 4 4 4 4 4 4 4 4 4 4 4 4 4 4 4 4 4 4 4 4 4 4 4 4 4 4],3
fold_2/sample_290/image.png,[1 1 2 2 2 2 2 2 2 2 2 2 4 4 4 4 4 4 4 4 4 4 4 4 4 4 4 4 4 4 4 4 4 4 4],3
fold_2/sample_291/image.png,[1 1 1 2 2 4 4 4 4 4 4 4 4 4 4 4 4 4 4 4],3
fold_2/sample_292/image.png,[1 1 1 1 4 4 4 4 4],3
fold_2/sample_293/image.png,[1 2 2 4 4 4 4 4 4 4 4 4 4 4 4 4],3
fold_2/sample_294/image.png,[1 1 1 2 4 4 4 4 4 4 4 4 4 4 4 4 4 4 4 4 4 4 4 4 4 4 4 4 4 4 4 4 4 4],3
fold_2/sample_295/image.png,[0 0 0 0 0 0 0 0 1 2 2 2],3
fold_2/sample_296/image.png,[0 0 0 0 0 0 0 0 0 0 0 0 0 0 0 0 0 0 0 0 0 1],3
fold_2/sample_297/image.png,[0 0 0 0 0 0 0 0 0 0 0 0 0 0 1 1 2 2 2 2 2],3
fold_2/sample_298/image.png,[0 0 0 0 0 0 0 0 0 1 2 2 4],3
fold_2/sample_299/image.png,[0 0 0 0 1 1 1 1 1 2 2 2 2 2],3
fold_2/sample_300/image.png,[0 0 2 2 2 2],3
fold_2/sample_301/image.png,[0 0 0 0 0 0 0 0 0 0 0 0 0 0 0 0 0 0 2 2],3
fold_2/sample_302/image.png,[0 0 0 0 0 0 0 0 0 0 0 0 0 0 0 0 0 0 0 0 0 1 1 1 2 2],3
fold_2/sample_303/image.png,[0 0 0 0 0 0 0 0 0 0 0 0 0 0 0 0 0 0 2 2],3
fold_2/sample_304/image.png,[0 0 0 0 0 0 0 0 0 0 0 0 0 0 0 0 0 0 0 0 0 0 1 1 1 1 1 1],3
fold_2/sample_305/image.png,[0 0 0 0 0 0 1 1 1 1 1 1 2 2 2 2 2 2 2 2 2 2],3
fold_2/sample_306/image.png,[0 0 0 0 0 0 0 0 0 0 0 0 0 0 0 0 0 0 0 0 0 0 0 2],3
fold_2/sample_307/image.png,[0 0 0 0 0 0 0 0 0 0 0 0 0 0 0 0 0 0 0 0 0 0 1 1 1 2 2 2 2 2],3
fold_2/sample_308/image.png,[0 0 0 0 0 0 0 0 0 0 0 0 0 0 0 0 0 0 0 0 0 0 2],3
fold_2/sample_309/image.png,[0 0 0 0 0 0 0 0 0 0 0 0 0 0 0 2 2],3
fold_2/sample_310/image.png,"[0 0 0 0 0 0 0 0 0 0 0 0 0 0 0 0 0 0 0 0 0 0 0 0 0 0 0 0 0 0 0 0 0 0 0 0 0
 2]",3
fold_2/sample_311/image.png,[0 0 0 0 0 0 0 0 0 0 0 0 0 0 0 0 0 0 0 0 0 0],3
fold_2/sample_312/image.png,[0 0 0 0 0 0 0 0 0 0 0 0 0 0 0 0 0 0 0 0 0 0 0 2],3
fold_2/sample_313/image.png,[0 0 0 0 0 0 0 0 0 0 0 0 0 0 0 0 0 0 0 0 0 0 0 0 0 1 2],3
fold_2/sample_314/image.png,[0 0 0 0 0 0 0 0 0 0 0 0 0 0 0 0 0 0 0 0 1 1 1 2 2 2],3
fold_2/sample_315/image.png,[0 0 0 0 0 0 0 0 1 1 1 1 1 1 1 1 2 2 2 2 2 2 2 2 2 2],3
fold_2/sample_316/image.png,"[0 0 0 0 0 0 0 0 1 1 1 1 1 1 1 1 1 1 1 1 2 2 2 2 2 2 2 2 2 2 2 2 2 2 2 2 2
 2 2 2]",3
fold_2/sample_317/image.png,[0 0 0 0 0 0 0 0],3
fold_2/sample_318/image.png,[0 0 0 0 0],3
fold_2/sample_319/image.png,[0 0 0 0 0],3
fold_2/sample_320/image.png,[0 0 0 0 0 0 0 0 0 0 0 0 0 0 0],3
fold_2/sample_321/image.png,[0 0 0 0 0 0 0 0 0 0 0 0 2],3
fold_2/sample_322/image.png,[0 0 0 0],3
fold_2/sample_323/image.png,[0 0 0 0 0 0 0 0 0],3
fold_2/sample_324/image.png,[1 1 1 1 1 2 2 2 2 2 2 2 2],3
fold_2/sample_325/image.png,[1 1 1 1 1 1 2 2 2 2 2 2 2 2],3
fold_2/sample_326/image.png,[1 1 1 1 2 2 2 2 2 2 2],3
fold_2/sample_327/image.png,[1 1 1 2 2 2 2 2 2 2 2 2 2 2],3
fold_2/sample_328/image.png,[1 1 1 1 1 2 2 2 2 2 2 2 2 2 2 2 2],3
fold_2/sample_329/image.png,[0 0 0 0 0 0 0 1 1 1 2 2],3
fold_2/sample_330/image.png,[0 0 0 0 0 0 1 2 2 2],3
fold_2/sample_331/image.png,[0 0 0 0 0 0 1 2 2 2 2 2],3
fold_2/sample_332/image.png,[0 0 0 0 1 2 2],3
fold_2/sample_333/image.png,[0 0 0 0 0 0 0 0 0 0 0 0 0 0 0 0 0 0 0 0 0 0 0 0 0 0 0 0],3
fold_2/sample_334/image.png,[0 0 0 0 0 0 0 0 0 0 0 0 0 0 0 0 0 0 0 0 0 0 0 0 0 0 0 0 0 0 0],3
fold_2/sample_335/image.png,[0 0 0 0 0 0 0 0 0 0 0 0 0 0 0 0 0 0 0 0 0 0 0],3
fold_2/sample_336/image.png,[0 0 0 0 0 0 0 0 0 0 0 0 0 0 0 0 0 0 0 0 0 0 0 0 0 0 0 0],3
fold_2/sample_337/image.png,[0 0 0 0 0 0 0 0 0 0 0 0 0 0 0 0 0 0 0 0 0 0 0 0 0 0 0 0 0 0 0 0 0 0 0 0],3
fold_2/sample_338/image.png,[0 0 0 0 0 0 0 0 0 0 0 0 0 0 0 0 0 0 0 0 0 0 0 0 0 0 0 0 0 0 0 0 0],3
fold_2/sample_339/image.png,[1 2],3
fold_2/sample_340/image.png,[0 0 0 0 0 0 0 0 0 0 0 0 0 0 0 0 0 0 0 0 0 0 0 0 1 2 2],3
fold_2/sample_341/image.png,[0 0 1 2 2 2],3
fold_2/sample_342/image.png,[0 0 0 0 0 0 0 2 2],3
fold_2/sample_343/image.png,[0 0 0 2 2 2 2 2 2],3
fold_2/sample_344/image.png,[0 0 0 0 1 1 1 1 1 2 2 2 2 2 2 2 2],3
fold_2/sample_345/image.png,[0 0 0 0 0 0 0 0 0 0 0 2 2],3
fold_2/sample_346/image.png,[0 1 1 1 2 2 2 2 2 2],3
fold_2/sample_347/image.png,[0 1 2 2 2 2 2 2 2 2 2 2],3
fold_2/sample_348/image.png,[0 0 0 0 0 0 0 0 0 0 2 2],3
fold_2/sample_349/image.png,[0 0 0 0 0 1 2 2 2 2 2 2 2],3
fold_2/sample_350/image.png,[0 0 0 0 0 1 1 2 2 2 2 2 2 2 2],3
fold_2/sample_351/image.png,[0 0 0 0 0 0 0 0 0 0 0 0 0 2 2],3
fold_2/sample_352/image.png,[0 0 0 0 0 0 0 0 0 0 0 0 2 2 2 2 2 2],3
fold_2/sample_353/image.png,[0 0 0 0 0 0 0 0 0 2 2 2 2 2 2 2 2],3
fold_2/sample_354/image.png,[0 0 0 0 0 1 2 2 2 2 2],3
fold_2/sample_355/image.png,[0 0 0 0 0 0 0 0 0 0 0 0 0 0 2],3
fold_2/sample_356/image.png,[0 0 0 2 2 2 2 2 2 2 2],3
fold_2/sample_357/image.png,[0 0 0 0 0 0 0 0 0 0 0 0 0 0 0 2],3
fold_2/sample_358/image.png,[0 0 0 0 0 0 0 0 0 1 1 1 2 2],3
fold_2/sample_359/image.png,[0 0 0 0 0 0 0 0 2 2],3
fold_2/sample_360/image.png,[0 0 0 0 0 0 0 0 0 0 0 0 0 0 0 0 0 0 0 0],3
fold_2/sample_361/image.png,[0 0 0 0 0 0 0 0 0 0 0 0 0 2 2],3
fold_2/sample_362/image.png,[0 0 0 0 0 0 0 0 0 1 2 2 2 2 2],3
fold_2/sample_363/image.png,[0 0 0 0 0 0 0 0 2 2 2 2 2 2],3
fold_2/sample_364/image.png,[0 0 0 0 0 0 0 1 1 1 1 1 1 1 2 2 2 2 2 2 2],3
fold_2/sample_365/image.png,[0 0 0 0 1 1 2 2 2 2],3
fold_2/sample_366/image.png,[0 0 0 0 0 0 0 0 0 0 0 0 2],3
fold_2/sample_367/image.png,[0 0 0 0 0 0 0 0 0 0 0 0 0 0 0 0 2],3
fold_2/sample_368/image.png,[0 0 0 0 0 0 0 0 0 0 0 0 0 0 0 0 0 0 0 1 2 2 2 2 2],3
fold_2/sample_369/image.png,"[0 0 0 1 1 1 1 1 1 1 1 1 1 1 1 1 1 1 1 1 2 2 2 2 2 2 2 2 2 2 2 2 2 2 2 2 2
 2 2 2 2 2 2 2]",3
fold_2/sample_370/image.png,[0 0 0 0 0 0 0 0 0 0 0 0 0 0 0 0 0 0 0 0 0 1 2 2 2 2 2 2 2 2 2],3
fold_2/sample_371/image.png,"[0 0 0 0 0 0 0 1 1 1 1 1 1 1 1 1 1 1 1 1 1 1 1 1 2 2 2 2 2 2 2 2 2 2 2 2 2
 2 2 2 2 2 2 2 2]",3
fold_2/sample_372/image.png,"[0 0 0 0 0 0 0 0 0 0 0 0 0 0 0 0 0 0 0 0 0 0 0 0 0 0 0 0 0 0 0 1 2 2 2 2 2
 2]",3
fold_2/sample_373/image.png,[0 0 0 0 1 1 2 2 2 2],3
fold_2/sample_374/image.png,[1 1 1 1 1 1 1 1 1 1 1 1 1 1 1 1 2 2 2 2 2 2 2],3
fold_2/sample_375/image.png,[0 0 0 0 0 0 1 1 1 1 1 1 1 1 1 1 2 2 2 2 2],3
fold_2/sample_376/image.png,[0 0 1 1 1 1 1 1 1 1 1 1 1 1 1 1 1 1 1 1 1 1 1 1 2 2 2 2 2 2 2 2],3
fold_2/sample_377/image.png,[0 0 0 0 0 0 0 0 0 0 0 0 0 1 1 2],3
fold_2/sample_378/image.png,[0 0 0 0 0 0 0 0 0 2 2],3
fold_2/sample_379/image.png,[0 0 0 0 0 0 0 0 0 0 0 0 0 0 0 0 0 0 0 0 0 0 0 0 0 0 0 1 1],3
fold_2/sample_380/image.png,[0 0 0 0 0 0 0 0 2],3
fold_2/sample_381/image.png,[0 0 0 0 0 0 0 0 0 0 0 0 0 0 0 0 0 1],3
fold_2/sample_382/image.png,[1 1 1 2 2 2 2 2 2 2 2 2 2 2 2],3
fold_2/sample_383/image.png,[2 2 2 2 2],3
fold_2/sample_384/image.png,[1 1 1 1 1 1 1 1 1 1 1 2 2 2 2 2 2 2 2],3
fold_2/sample_385/image.png,[0 0 0 0 0 0 0 0 0 0 0 0 0 0 2],3
fold_2/sample_386/image.png,[1 1 1 1 1 1 1 1 1 1 1 1 2 2 2 2 2 2],3
fold_2/sample_387/image.png,[0 0 0 0 0 0 0 0 0 0 0 0 0 0],3
fold_2/sample_388/image.png,[0 0 0 0 0 0 0 1 1 1 1 1 1 2 2 2],3
fold_2/sample_389/image.png,[0 0 0 0 0 0 2 2 2],3
fold_2/sample_390/image.png,[1 1 2 2],3
fold_2/sample_391/image.png,[0 0 0 0 0 0 0 0 0 0 0 0 1 2],3
fold_2/sample_392/image.png,[0 0 1 2 2],3
fold_2/sample_393/image.png,[0 0 0 0 0 0 0 0 0 0 0 2 2 2],3
fold_2/sample_394/image.png,[0 0 0 0 0 0 0 0 0 0 0 0 0 0 1 2 2],3
fold_2/sample_395/image.png,[0 0 0 0 0 0 0 0 0 0 0 1 2 2 2],3
fold_2/sample_396/image.png,[0 0 0 1 1 1 1 1 1 2 2],3
fold_2/sample_397/image.png,[0 0 0 0 0 0 0 0 0 0 1 1 1 1 1 2 2 2 2],3
fold_2/sample_398/image.png,[0 0 0 0 0 1 2 2 2 2 2],3
fold_2/sample_399/image.png,[0 0 0 0 0 0 0 0 0 0 0 0 0 0 2 2],3
fold_2/sample_400/image.png,[0 0 0 0 0 0 0 0 0 1 1 2 2 2 2 2 2 2 2 2 2 2 2 2 2 2 2],3
fold_2/sample_401/image.png,[0 0 0 0 0 0 0 0 0 0 0 0 0 0 0 0 0 0 0 0 0 1 1 1 1 2 2],3
fold_2/sample_402/image.png,[0 0 0 0 0 0 0 0 0 0 0 0 0 0 0 0 0 2 2 2 2 2 2],3
fold_2/sample_403/image.png,[0 0 0 0 0 0 0 0 0 0 0 0 0 0 0 0 0 0 0 0 1 1 2 2 2 2],3
fold_2/sample_404/image.png,[0 0 0 0 0 0 0 0 0 0 0 0 0 0 0 0 2 2 2 2],3
fold_2/sample_405/image.png,[0 0 0 0 0 0 0 0 1 2 2 2 2 2 2],3
fold_2/sample_406/image.png,[0 0 0 0 0 0 0 0 0 0 0 0 1 2 2 2 2],3
fold_2/sample_407/image.png,[0 0 0 0 0 0 0 0 0 0 0 0 2],3
fold_2/sample_408/image.png,[0 0 0 0 0 0 0 0 0 0 0 0 0 0 0 0 0 0 0 0 1 2 2 2 2],3
fold_2/sample_409/image.png,[0 0 0 0 0 0 0 1 1 1 1 1 1 1 2 2 2 2 2 2 2],3
fold_2/sample_410/image.png,[0 0 0 0 0 0 0 0 0 0 0 0 0 0 1 1 1 2 2 2 2 2],3
fold_2/sample_411/image.png,[0 0 0 0 0 0 0 1 2 2],3
fold_2/sample_412/image.png,[0 0 0 0 0 0 0 0 0 0 0 0 0 2 2 2],3
fold_2/sample_413/image.png,[0 0 0 0 0 0 0 0 0 0 0 0 0 0 0 0 0 0 1 1 1 2 2 2 2],3
fold_2/sample_414/image.png,[0 0 0 0 0 0 0 0 0 0 0 0 0 0 0 0 0 0 0 0 0 1 1 2],3
fold_2/sample_415/image.png,[1 2 2],3
fold_2/sample_416/image.png,[0 0 0 0 0 0 0 0 0 0 0 0 0 0 0 0 0 0 0 0 0 0 0 0 0 0 0 0 0 0 0 1 2 2],3
fold_2/sample_417/image.png,[0 0 0 0 0 0 0 0 0 0 0 0 0 0 0 0 0 0 2],3
fold_2/sample_418/image.png,[2 2 2 2 2 2 2 2],3
fold_2/sample_419/image.png,[0 0 1 1 1 1 2 2 2 2 2 2 2 2 2],3
fold_2/sample_420/image.png,[0 0 1 1 2 2 2 2 2 2 2],3
fold_2/sample_421/image.png,[0 0 0 1 1 2 2 2 2 2 2 2 2 2 2 2 2 2 2],3
fold_2/sample_422/image.png,[1 2 2 2 2 2 2 2 2 2 2],3
fold_2/sample_423/image.png,[0 0 0 0 1 1 1 2 2 2 2 2 2 2 2],3
fold_2/sample_424/image.png,[2 2 2 2 2 2],3
fold_2/sample_425/image.png,[0 0 0 0 0 0 1 2 2 2 2 2 2 2 2 2 2 2 2 2],3
fold_2/sample_426/image.png,[0 0 0 0 2 2 2 2 2 2 2 2 2 2 2 2],3
fold_2/sample_427/image.png,[0 1 2 2 2 2 2 2 2 2 2 2 2],3
fold_2/sample_428/image.png,[0 0 0 0 0 0 0 0 0 0 0 0 0 0 0 2 2],3
fold_2/sample_429/image.png,[0 1 1 1 2 2 2 2 2 2 2 2 2 2 2],3
fold_2/sample_430/image.png,[0 0 0 2 2 2 2 2 2 2 2 2 2 2],3
fold_2/sample_431/image.png,[0 1 1 1 1 1 1 1 2 2 2 2 2 2 2 2 2 2 2 2 2 2 2 2],3
fold_2/sample_432/image.png,[0 0 0 1 1 1 1 2 2 2 2],3
fold_2/sample_433/image.png,[0 0 0 2 2 2 2 2 2],3
fold_2/sample_434/image.png,[0 0 0 0 0 0 1 2 2 2 2],3
fold_2/sample_435/image.png,[1 1 1 1 2 2 2 2 2],3
fold_2/sample_436/image.png,[1 1 2 2 2 2 2],3
fold_2/sample_437/image.png,[1 1 2 2 2 2 2],3
fold_2/sample_438/image.png,[0 0 1 1 2 2 2 2],3
fold_2/sample_439/image.png,[1 2 2 2 2 2 2 2],3
fold_2/sample_440/image.png,[0 0 0 0 0 0 0 0 0 0 0 1 1 1 2 2 2],3
fold_2/sample_441/image.png,[0 0 0 0 0 0 0 0 0 0 0 1 1 1 1 2],3
fold_2/sample_442/image.png,[0 0 0 0 0 0 1 1 1 2 2 2],3
fold_2/sample_443/image.png,[0 0 0 0 0 0 2 2 2],3
fold_2/sample_444/image.png,[0 0 0 0 0 1 2 2 2 2],3
fold_2/sample_445/image.png,[1 1 2 2 2 2 2 2 2],3
fold_2/sample_446/image.png,[0 0 1 1 2 2 2 2],3
fold_2/sample_447/image.png,[0 0 0 1 1 1 1 1 1 1 1 1 1 1 1 1 1 1 1 1 1 1 1 2 2 2 2 2 2],3
fold_2/sample_448/image.png,[0 0 0 0 0 0 1 1 2 2],3
fold_2/sample_449/image.png,[0 0 0 0 0 0 0 0 0 0 0 1 1 2 2 2 2 2],3
fold_2/sample_450/image.png,[0 0 1 2 2 2 2 2],3
fold_2/sample_451/image.png,[0 0 2 2 2 2 2 2 2],3
fold_2/sample_452/image.png,[1 1 2 2 2 2 2 2 2 2 2 2 2 2 2],3
fold_2/sample_453/image.png,[0 0 0 0 0 0 0 0 0 0 2 2 2 2 2 2 2 2],3
fold_2/sample_454/image.png,[0 0 0 0 0 0 0 0 0 0 0 0 0 0 0 0 0 0 1 1],3
fold_2/sample_455/image.png,[0 0 0 0 1 1 2 2 2 2 2],3
fold_2/sample_456/image.png,[0 0 0 0 1 1 2 2 2 2 2 2 2 2 2],3
fold_2/sample_457/image.png,[0 0 1 1 1 2 2 2 2 2 2 2],3
fold_2/sample_458/image.png,[0 0 0 0 0 0 0 0 0 0 0 0 0 0 2 2 2 2 2 2 2],3
fold_2/sample_459/image.png,[0 0 0 0 0 0 0 0 0 0 0 0 0 0 2 2],3
fold_2/sample_460/image.png,[0 0 0 0 0 0 0 0 0 0 1 1 2 2 2 2 2 2 2 2],3
fold_2/sample_461/image.png,[0 0 0 0 0 0 0 0 0 0 0 0 0 0 0 0 0 0 0 0 0 0 0 0 1 2],3
fold_2/sample_462/image.png,[0 0 0 0 0 0 0 1 1 2 2 2 2 2 2],3
fold_2/sample_463/image.png,[0 0 0 0 0 0 0 0 0 1 2 2 2 2],3
fold_2/sample_464/image.png,[0 0 0 0 0 0 0 1 1 1 1 2 2 2 2 2],3
fold_2/sample_465/image.png,[0 0 0 0 0 0 0 0 0 0 0 0 0 0 0 0 2 2],3
fold_2/sample_466/image.png,[0 0 0 0 0 1 2 2 2 2 2],3
fold_2/sample_467/image.png,[0 0 0 0 1 1 2 2 2 2 2 2 2 2],3
fold_2/sample_468/image.png,[1 1 1 1 1 1 1 1 1 1 2 2 2 2 2 2 2],3
fold_2/sample_469/image.png,[0 0 0 1 1 1 2 2 2 2],3
fold_2/sample_470/image.png,[0 0 0 0 0 0 0 0 0 0 2],3
fold_2/sample_471/image.png,[0 1 1 1 1 2 2 2],3
fold_2/sample_472/image.png,[0 0 0 1 1],3
fold_2/sample_473/image.png,[0 0 0 2 2 2 2],3
fold_2/sample_474/image.png,[0 0 0 0 0],3
fold_2/sample_475/image.png,[0 0 0 0 0 0 0],3
fold_2/sample_476/image.png,[0 0 0 0 0 0 0 0 0 0 0 0 0 0 0 0 0 0 0 0 0 0 0 0 0 0 0 0 0 0 0 0 0 0 0 0],3
fold_2/sample_477/image.png,[0 0 0 0 0 0 0 0 0 0 0 0 0 0 0 0 0 0 1 1 1 2 2 2 2 2 2],3
fold_2/sample_478/image.png,[0 0 0 0 0 0 0 0 0 0 0 1 2 2 2 2 2 2 2 2],3
fold_2/sample_479/image.png,[0 0 0 0 0 0 0 0 0 0 0 0 0 2 2 2 2 2 2 2 2 2 2],3
fold_2/sample_480/image.png,[0 0 0 0 0 0 0 0 0 0 0 0 0 0 0 0 1 2 2 2 2 2 2 2 2],3
fold_2/sample_481/image.png,[0 0 0 0 0 0 0 0 0 0 0 0 0 0 0 2 2 2 2 2 2 2 2 2 2],3
fold_2/sample_482/image.png,[0 0 0 0 0 2 2 2 2 2 2 2 2 2 2],3
fold_2/sample_483/image.png,[0 0 0 0 0 0 0 0 0 0 0 0 0 0 0 0 0 0 0 0 0 0 2 2],3
fold_2/sample_484/image.png,[0 0 0 0 0 0 0 0 0 0 0 0 0 0 0 0 0 0 0 0 0 0 1 1 1 2 2 2],3
fold_2/sample_485/image.png,[0 0 0 0 0 0 0 0 0 0 0 0 0 0 0 0 0 0 0 2],3
fold_2/sample_486/image.png,[1 1 1 1 1 1 1 1 1 1 1 2 2 2 2 2 2 2 2],3
fold_2/sample_487/image.png,[0 0 0 0 0 0 1 1 1 2 2 2 2 2 2 2 2],3
fold_2/sample_488/image.png,[0 0 0 0 0 0 0 0 1 1 1 1 1 2 2 2],3
fold_2/sample_489/image.png,[0 0 0 0 0 0 0 0 0 0 0 0 0 0 0 0 0 0 0 0 0 0 0 1 1 1 1 1],3
fold_2/sample_490/image.png,[0 0 0 0 0 0 0 0 0 0 0 0 0 0 0 0 0 0 0 0 0 0 0 0 0 0 0 0 1 1],3
fold_2/sample_491/image.png,[0 0 0 0 0 0 0 0 0 0 0 0 0 0 0 0 0 0 0 0 0 0 0 0 0 0 0 0 0],3
fold_2/sample_492/image.png,[0 0 0 0 0 0 0 0 0 0 0 0 0 0 0 0 0 0 0 0 0 0 0 0 0 0 0 0 0 0 0],3
fold_2/sample_493/image.png,[0 0 0 0 0 0 0 0 0 0 0 0 0 0 0 0 0 0 0 0 0 0 0 0 0 0 0 0 0],3
fold_2/sample_494/image.png,[1 1 1 1 2 2 2 2 2 2 2 2 2 2 2 2 2 2 2 2 2 2],3
fold_2/sample_495/image.png,[0 0 0 0 0 0 0 0 0 0 0 0 0 0 1 1 1 1 1 2],3
fold_2/sample_496/image.png,[0 0 0 0 0 0 0 0 0 0 0 0 0 0 0 0 0 0 0 0 0 0 0 0 0 0 0 0 2 2],3
fold_2/sample_497/image.png,[1 1 1 1 1 1 1 1 1 1 1 2 2 2 2 2 2 2 2 2],3
fold_2/sample_498/image.png,[1 1 1 1 1 1 1 1 1 1 1 1 1 1 1 1 1 1 1 1 1 1 1 1 2 2 2 2 2 2 2 2 2 2 2 2],3
fold_2/sample_499/image.png,[1 1 1 1 1 1 1 1 1 1 1 1 1 1 1 1 1 1 1 1 1 1 1 1 2 2 2 2 2 2],3
fold_2/sample_500/image.png,[0 0 0 0 0 0 0 0 0 0 0 1 1 1 1 2 2 2 2 2 2 2 2 2 2],3
fold_2/sample_501/image.png,[0 0 0 0 0 0 0 0 0 0 0 0 0 0 0 0 0 0 0 0 0 1 1 1 2 2 2 2],3
fold_2/sample_502/image.png,[0 0 0 0 0 0 0 0 0 0 0 0 0 0 0 0 0 0 0 0 0 0 0 0 0 0 0 0 0 0 1 1 2],3
fold_2/sample_503/image.png,[0 0 0 0 0 0 0 0 0 0 0 0 0 0 0 0 0 0 0 0 0 0 0 0 0 0 0 0 1 1 1 2 2 2 2],3
fold_2/sample_504/image.png,[0 0 0 0 0 0 0 0 0 0 0 0 0 0 0 0 0 0 0 0 0 0 0 0 1 2 2 2 2 2 2 2],3
fold_2/sample_505/image.png,[0 0 0 0 0 0 0 0 0 0 0 1 1 1 1 1 2 2 2 2 2 2 2 2],3
fold_2/sample_506/image.png,[0 0 0 0 0 0 0 0 0 0 0 0 0 0 0 0 0 0 0 1 1 2 2 2 2],3
fold_2/sample_507/image.png,[0 0 0 0 0 0 0 0 0 0 0 0 0 0 0 0 0 0 0 0 0 1 1 1 1 1 1 2 2 2 2 2 2 2 2],3
fold_2/sample_508/image.png,[0 1 1 1 1 1 1 1 1 1 1 1 1 2 2 2 2 2 2 2 2],3
fold_2/sample_509/image.png,[0 0 0 0 0 0 0 0 0 0 0 0 0 0 1 1 2 2 2 2 2],3
fold_2/sample_510/image.png,[0 0 0 0 0 0 0 0 0 0 0 0 0 0 0 0 1 1 1 1 1 2 2 2 2],3
fold_2/sample_511/image.png,[0 0 0 0 0 0 0 0 0 0 0 1 1 2 2 2 2 2 2 2 2 2 2 2 2 2],3
fold_2/sample_512/image.png,[0 0 0 0 0 0 0 0 0 0 0 0 0 0 0 0 0 0 0],3
fold_2/sample_513/image.png,[0 0 0 0 0 0 0 0 0 0 0 1 1 1 1 1 1 1 1 1 1 1 2 2 2 2 2 2],3
fold_2/sample_514/image.png,[0 0 0 0 0 0 0 0 0 0 0 0 0 0 0 0 1 1 1 1 1 1 2 2 2],3
fold_2/sample_515/image.png,[0 0 1 1 2 2 2 2 2 2],3
fold_2/sample_516/image.png,[1 1 1 1 1 1 1 2 2 2 2 2 2 2 2 2],3
fold_2/sample_517/image.png,[0 1 1 2 2 2 2 2],3
fold_2/sample_518/image.png,[0 0 1 1 2 2 2 2 2 2 2 2],3
fold_2/sample_519/image.png,[0 0 1 1 2 2 2 2 2 2 2 2],3
fold_2/sample_520/image.png,[0 1 1 2 2 2 2],3
fold_2/sample_521/image.png,[1 1 1 1 1 1 1 1 1 1 1 1 1 2 2 2 2 2 2],3
fold_2/sample_522/image.png,[1 1 2 2 2 2 2 2 2 2],3
fold_2/sample_523/image.png,[1 1 2 2 2 2 4 4 4 4 4 4 4 4 4 4 4 4 4 4],3
fold_2/sample_524/image.png,[4 4 4 4 4 4 4 4 4 4 4 4 4 4 4 4 4 4 4 4 4 4 4 4 4],3
fold_2/sample_525/image.png,"[1 1 4 4 4 4 4 4 4 4 4 4 4 4 4 4 4 4 4 4 4 4 4 4 4 4 4 4 4 4 4 4 4 4 4 4 4
 4 4]",3
fold_2/sample_526/image.png,[1 1 2 2 2 2 2 2 2 4 4 4 4 4],3
fold_2/sample_527/image.png,[2 2 2 2 4 4 4 4 4 4 4 4],3
fold_2/sample_528/image.png,[1 2 4 4 4 4 4 4 4 4 4 4 4 4 4 4 4 4 4 4 4 4 4 4 4 4],3
fold_2/sample_529/image.png,[1 1 1 2 2 2 2 2 4 4],3
fold_2/sample_530/image.png,[1 1 1 1 2 2 2 2 2 2 4 4],3
fold_2/sample_531/image.png,[4 4 4 4 4 4 4 4 4 4 4 4 4 4 4 4 4 4 4 4 4 4 4 4 4 4],3
fold_2/sample_532/image.png,[1 1 2 2 4 4 4 4 4 4 4 4 4 4 4 4 4 4 4 4 4 4 4 4 4 4 4 4],3
fold_2/sample_533/image.png,[0 0 0 0 0 0 0 0 0 0 0 0 0 0],3
fold_2/sample_534/image.png,[0 0 0 0 0 0 0 0 0 0 0 0 0 0 0 0 0 0 0 0 0 0],3
fold_2/sample_535/image.png,[0 0 0 0 0 0 0 0 0 0 0 0 0 0 0 0 0 2 2],3
fold_2/sample_536/image.png,[0 0 0 0 0 0 0 0 0 0 0 0 0 0 0 0 0 0 0 1],3
fold_2/sample_537/image.png,[0 0 0 0 0 0 0 0 0 0 0 0 0 0 1],3
fold_2/sample_538/image.png,[1 1 2 2],3
fold_2/sample_539/image.png,[0 0 0 0 0 0 0 0 0 0],3
fold_2/sample_540/image.png,[0 0 0 0 0 0 0 0 0 0 0 0 0 0 0 0 0 0 0 0 2 2 2],3
fold_2/sample_541/image.png,[0 0 0 0 0 0 0 0 0 0 0 0 0 0 0 0 0 0 0 0 0 0 0 0 0 0 0 0 0 0 0 0 0 1],3
fold_2/sample_542/image.png,[2 2],3
fold_2/sample_543/image.png,"[0 0 0 0 0 0 0 0 0 0 0 0 0 0 0 0 0 0 0 0 0 0 0 0 0 0 0 0 0 0 0 0 0 0 0 0 0
 0 0 0 0 0 0 0]",3
fold_2/sample_544/image.png,[],3
fold_2/sample_545/image.png,[2 2],3
fold_2/sample_546/image.png,[0 0 0 0 0 0 0 0 0 0 0],3
fold_2/sample_547/image.png,[0 0 0 0 0 0 0 0 0 0 0 0 0 0 0 0 0 0 0 0 0 0 0 0 0 0 0 0 0],3
fold_2/sample_548/image.png,[2],3
fold_2/sample_549/image.png,[0 0 0 0 0 0 0 0 0 0 0 0 0],3
fold_2/sample_550/image.png,[0 1 1 1 2 2 2 2],3
fold_2/sample_551/image.png,"[0 0 0 0 0 0 0 0 0 0 0 0 0 0 0 0 0 0 0 0 0 0 0 0 0 0 0 0 0 0 0 0 0 0 0 0 0
 0 0 0 0 0 0 0 0 0 0 0 0 0 0 0 0 0 0 0 0 0 0 0 0 0 0 0 0 0 0 0 0 0 0 0 0 0
 0 0 0 0 0 0 0 0 0 0 0 0 0 0 0]",3
fold_2/sample_552/image.png,[0 0 0 0 0 0 0 0 0 0 0 0 0 0 0 0 0 0 0 0 0 0 0 0 0 1 2 2 2 2 2 2 2 2 2 2 2],3
fold_2/sample_553/image.png,[0 0 0 0 0 0 0 0 0 0 0 0 0 0 0 0 0 0 0 0 0 0 0 0 0 0 2 2 2 2],3
fold_2/sample_554/image.png,"[0 0 0 0 0 0 0 0 0 0 0 0 0 0 0 0 0 0 0 0 0 0 0 0 0 0 0 0 0 0 0 0 0 0 0 0 0
 0 2 2 2]",3
fold_2/sample_555/image.png,"[0 0 0 0 0 0 0 0 0 0 0 0 0 0 0 0 0 0 0 0 0 0 0 0 0 0 0 0 0 0 0 0 0 0 0 0 0
 0 0 0 0 0 0 0 0 0 0 2 2 2 2]",3
fold_2/sample_556/image.png,[0 0 2 2 2],3
fold_2/sample_557/image.png,[0 0 0 0 0 0 0 0 0 0 0 0 0 0 0 0 0 0 0 0 0 0 0 0 0 0 0 0 0 0 0],3
fold_2/sample_558/image.png,[0 0 0 0 0 0 0 0 0 0 0 0 0 0 0 0 0 0 0 0 0 0 0 0 0],3
fold_2/sample_559/image.png,"[0 0 0 0 0 0 0 0 0 0 0 0 0 0 0 0 0 0 0 0 0 0 0 0 0 0 0 0 0 0 0 0 0 0 0 0 0
 0 0 0 0 0 0 0 0 0 0 0 0 0 0 0 0 0 0 0 0 0 0 0 0 0 0 0 0 0 0 0 0 1]",3
fold_2/sample_560/image.png,[0 0 0 0 0 0 0 0 0 0 0 0 2 2 2],3
fold_2/sample_561/image.png,[0 0 0 0 0 0 0 0 0 2 2 2 2 2 2],3
fold_2/sample_562/image.png,[2 2 2 2 2 2],3
fold_2/sample_563/image.png,[0 0 0 0 0 0 0 0 0 0 0 0 0 0 2 2 2],3
fold_2/sample_564/image.png,[0 0 0 0 0 0 0 0 0 0 0 0 2],3
fold_2/sample_565/image.png,[0 0 0 0 0 0 0 0 0 0 1 1 1 2 2],3
fold_2/sample_566/image.png,[1 1 1 1 1 1 2 2 2 2 2 2 2 2],3
fold_2/sample_567/image.png,[0 1 1 1 1 1 1 1 1 1 1 2 2 2 2 2 2 2 2 2],3
fold_2/sample_568/image.png,[0 0 0 0 0 1 1 1 1 1 1 1 1 1 1 2 2 2 2],3
fold_2/sample_569/image.png,"[2 2 2 2 2 2 4 4 4 4 4 4 4 4 4 4 4 4 4 4 4 4 4 4 4 4 4 4 4 4 4 4 4 4 4 4 4
 4 4 4 4 4]",3
fold_2/sample_570/image.png,"[1 1 1 4 4 4 4 4 4 4 4 4 4 4 4 4 4 4 4 4 4 4 4 4 4 4 4 4 4 4 4 4 4 4 4 4 4
 4 4 4 4 4 4 4]",3
fold_2/sample_571/image.png,"[1 1 1 2 2 4 4 4 4 4 4 4 4 4 4 4 4 4 4 4 4 4 4 4 4 4 4 4 4 4 4 4 4 4 4 4 4
 4 4 4 4 4 4 4 4 4 4 4 4 4 4 4 4 4 4 4 4 4 4 4 4]",3
fold_2/sample_572/image.png,"[1 1 1 2 2 2 4 4 4 4 4 4 4 4 4 4 4 4 4 4 4 4 4 4 4 4 4 4 4 4 4 4 4 4 4 4 4
 4 4 4]",3
fold_2/sample_573/image.png,[1 2 2 2 2 2 2 2 2 2 4 4 4 4 4 4],3
fold_2/sample_574/image.png,"[1 2 2 2 2 2 2 2 4 4 4 4 4 4 4 4 4 4 4 4 4 4 4 4 4 4 4 4 4 4 4 4 4 4 4 4 4
 4 4 4 4 4 4 4 4 4 4 4 4 4 4 4 4 4 4]",3
fold_2/sample_575/image.png,[0 0 0 1 1 1 1 1 1 1 2 2 2 2 2],3
fold_2/sample_576/image.png,[0 0 1 1 1 1 2 2 2 2 2 2],3
fold_2/sample_577/image.png,[0 0 1 1 2 2],3
fold_2/sample_578/image.png,[0 0 0 1 1 2 2 2 2 2 2],3
fold_2/sample_579/image.png,[1 2 2 2],3
fold_2/sample_580/image.png,[0 1],3
fold_2/sample_581/image.png,[0 0 0 0 0 0 0 0 0 0 0 1 1 1 1 1 1 2 2],3
fold_2/sample_582/image.png,[0 1 2 2 2 2],3
fold_2/sample_583/image.png,[0 0 0 0 0 0 0 0 0 0 0 0 0 0 0 0 0 0 0 0 1 1 1 1],3
fold_2/sample_584/image.png,[0 0 0 0 0 0 0 0 0 0 0 0 0 0 0 0 0 0 0 0 0 1 1 1 1 1],3
fold_2/sample_585/image.png,[0 0 1 1 2 2 2 2 2 2 2],3
fold_2/sample_586/image.png,[0 0 0 0 0 0 0 0 0 0 0 0 0 0 1 1 1],3
fold_2/sample_587/image.png,[1 1 2 2 2 2 2 2],3
fold_2/sample_588/image.png,[0 0 1 1 1 1 1 1 1 1 1 1 1 1 1 1 1 2 2 2 2 2 2 2 2],3
fold_2/sample_589/image.png,[1 1 1 1 1 1 1 1 1 1 1 1 2],3
fold_2/sample_590/image.png,[1 1 1 1 1 1 1 1 1 1 1 1 1 1 1 1 1 1 1 1 1 1 1 1 1 1 1 1 1 1 1 2],3
fold_2/sample_591/image.png,"[1 1 1 1 1 1 1 1 1 1 1 1 1 1 1 1 1 1 1 1 1 1 1 1 1 1 1 1 1 1 2 2 2 2 2 2 2
 2 2]",3
fold_2/sample_592/image.png,[0 0 0 0 0 0 0 0 0 0 0 0 1 1 1 1 1 1 1 1 2 2 2 2],3
fold_2/sample_593/image.png,[1 1 1 1 1 1 1 1 1 1 1 1 1 1 1 1 1 1 1 2 2 2 2 2 2 2 2 2 2 2 2],3
fold_2/sample_594/image.png,[0 0 0 0 0 0 0 0 0 0 0 1 2 2 2 2],3
fold_2/sample_595/image.png,[1 1 1 1 1 1 1 1 1 1 1 1 1 1 1 1 1 1 1 1 1 1 1 1 1 1 1 1 1 2 2 2 2],3
fold_2/sample_596/image.png,[1 1 1 1 1 1 1 1 1 1 1 1 1 1 2 2 2 2 2 2],3
fold_2/sample_597/image.png,[1 1 1 1 2 2 2 2 2],3
fold_2/sample_598/image.png,[0 0 1 1 1 1 2 2 2 2 2],3
fold_2/sample_599/image.png,[0 0 0 1 1 1 1 1 2 2 2 2 2 2 2 2],3
fold_2/sample_600/image.png,[0 0 0 1 1 2 2 2 2],3
fold_2/sample_601/image.png,[0 0 0 0 0 0 0 0 0 0 0 0 0 0 0 0 0 0 1 2],3
fold_2/sample_602/image.png,[1 1 1 1 1 1 1 2 2 2 2],3
fold_2/sample_603/image.png,[0 0 0 0 0 0 0 1 1 1 1 2 2 2 2 2 2 2 2],3
fold_2/sample_604/image.png,[1 1 1 1 1 1 1 1 1 1 1 1 2 2],3
fold_2/sample_605/image.png,[0 0 0 0 0 0 0 0 0 0 1 1 2 2 2 2],3
fold_2/sample_606/image.png,[0 0 0 0 0 0 0 0 0 0 1 1 1 1 2 2 2 2],3
fold_2/sample_607/image.png,[0 0 0 0 0 0 0 0 1 1 1 2 2 2 2 2 2 2],3
fold_2/sample_608/image.png,[0 0 0 0 0 0 0 0 0 0 0 0 0 0 0 1 1 1 1 2 2],3
fold_2/sample_609/image.png,[0 0 0 0 0 0 1 1 1 2 2 2 2 2 2 2 2 2],3
fold_2/sample_610/image.png,[0 1 1 1 1 1 1 1 1 1 1 1 1 1 1 1 1 1 2 2 2 2 2 2 2 2 2],3
fold_2/sample_611/image.png,[1 1 1 1 1 1 1 1 1 2 2 2 2 2 2 2 2 2 2 2 2],3
fold_2/sample_612/image.png,[0 0 0 0 0 0 0 0 0 0 0 0 0 0 0 0 0 0 0 0 2 2],3
fold_2/sample_613/image.png,[0 0 0 0 0 0 0 0 0 0 0 0 0 0 0 0 0 0 0 0 0 0 0 0 0 0 0 0 0 0 0 0],3
fold_2/sample_614/image.png,[0 0 0 0 0 0 0 0 0 0 0 0 0 0 0 0 0 0 0 0 0 0 0 0 0],3
fold_2/sample_615/image.png,[0 0 0 0 0 0 0 0 0 0 0 0 0 0 0 0 0 0 0 0 0 0 0 0 0 0 0],3
fold_2/sample_616/image.png,[0 0 0 0 0 0 0 0 0 0 0 0 0 0 0 0 0 0 0 2 2 2 2],3
fold_2/sample_617/image.png,[0 0 0 0 0 0 0 0 0 0 0 0 0 0 0 0 0 0 0 0 0 0 0 0 0 0 0],3
fold_2/sample_618/image.png,[2 2 4 4 4 4 4 4 4 4 4 4 4 4 4 4 4 4 4 4 4 4 4 4 4 4 4 4 4 4 4 4 4 4 4 4 4],3
fold_2/sample_619/image.png,[1 2 2 2 2 4 4 4 4 4 4 4 4 4 4 4 4 4 4 4 4 4 4 4 4 4 4 4 4 4 4 4 4],3
fold_2/sample_620/image.png,[1 1 1 2 2 2 2 2 4 4 4 4 4 4 4 4 4 4 4 4 4 4 4 4 4 4 4 4 4 4 4 4 4 4 4 4],3
fold_2/sample_621/image.png,"[1 1 2 4 4 4 4 4 4 4 4 4 4 4 4 4 4 4 4 4 4 4 4 4 4 4 4 4 4 4 4 4 4 4 4 4 4
 4 4 4 4 4 4 4 4 4 4 4 4 4]",3
fold_2/sample_622/image.png,[2 2 2 2 2 4 4 4 4 4 4 4 4 4 4 4 4 4 4 4 4 4 4 4 4 4 4 4 4 4 4 4 4 4 4 4 4],3
fold_2/sample_623/image.png,[2 2 2 2 2 2 2 2 2 2 2 2 2 2 4 4 4 4 4 4 4 4],3
fold_2/sample_624/image.png,"[1 1 2 2 2 2 2 4 4 4 4 4 4 4 4 4 4 4 4 4 4 4 4 4 4 4 4 4 4 4 4 4 4 4 4 4 4
 4 4 4 4 4 4]",3
fold_2/sample_625/image.png,"[2 2 2 2 4 4 4 4 4 4 4 4 4 4 4 4 4 4 4 4 4 4 4 4 4 4 4 4 4 4 4 4 4 4 4 4 4
 4 4 4 4 4 4 4 4 4 4 4 4 4 4 4 4 4 4 4 4 4 4]",3
fold_2/sample_626/image.png,[0 0 0 0 0 0 0 0 0 0 0 0 0 0 0 0],3
fold_2/sample_627/image.png,[0 0 0 0 0 0 0 0 0 0 0 0 0 0 0 0 0],3
fold_2/sample_628/image.png,[0 0 0 0 0 0 0 0 0 0 0 0 0 1 1 1 2],3
fold_2/sample_629/image.png,[0 0 0 0 0 0 0 0 0 0 0 0 0 1 1 1 1 1],3
fold_2/sample_630/image.png,[0 0 0 0 0 0 0 0 0 0 0 0 0 0 0 1 1 1 1 1 1 1 2 2],3
fold_2/sample_631/image.png,"[1 1 1 1 1 1 1 1 1 1 1 1 1 1 1 1 1 1 1 1 1 1 1 1 1 1 1 1 1 1 1 1 1 1 1 1 1
 1 1 1 1 2 2 2 2 2 2]",3
fold_2/sample_632/image.png,[0 0 0 0 0 1 1 1 1 1 1 1 1 1 1 1 1 1 1 2 2 2 2 2 2 2 2 2],3
fold_2/sample_633/image.png,[0 0 1 1 1 1 1 1 1 1 1 1 1 1 1 1 1 1 1 1 1 1 1 1 1 1 1 1 1 1 1 1 2 2],3
fold_2/sample_634/image.png,[0 0 1 1 1 1 1 1 1 1 1 2 2 2 2 2 2],3
fold_2/sample_635/image.png,[1 1 1 1 1 1 1 1 1 1 1 1 1 1 1 1 1 1 1 1 1 1 1 1 1 1 1 1 1 1 2 2 2 2 2 2],3
fold_2/sample_636/image.png,[1 1 1 1 1 1 1 1 1 1 1 1 1 1 2 2 2 2 2 2 2 2 2 2 2 2 2],3
fold_2/sample_637/image.png,[0 1 1 1 1 1 1 1 1 1 1 1 1 1 1 1 1 1 1 2 2 2 2 2],3
fold_2/sample_638/image.png,"[1 1 1 1 1 1 1 1 1 1 1 1 1 1 1 1 1 1 1 1 1 1 1 1 1 1 1 1 1 1 2 2 2 2 2 2 2
 2 2 2]",3
fold_2/sample_639/image.png,[0 0 0 1 1 1 1 1 1 2 2 2 2 2 2 2 2 2 2],3
fold_2/sample_640/image.png,[1 1 1 1 1 1 1 1 1 1 1 1 1 1 1 1 1 1 1 2 2 2 2 2 2 2 2 2 2],3
fold_2/sample_641/image.png,[0 1 1 1 1 1 1 1 1 1 1 1 1 1 2 2 2 2 2 2 2 2 2 2 2 2 2 2 2],3
fold_2/sample_642/image.png,[0 0 1 1 1 1 1 1 1 2 2 2 2 2 2 2 2 2 2 2],3
fold_2/sample_643/image.png,[1 1 1 1 1 1 1 1 1 1 1 2 2 2 2 2 2 2 2 2 2],3
fold_2/sample_644/image.png,[0 0 0 0 2 2 2 2],3
fold_2/sample_645/image.png,[0 0 0 0 2],3
fold_2/sample_646/image.png,[0 0 0 0 0 0],3
fold_2/sample_647/image.png,[0 0 0 0 0 2 2 2],3
fold_2/sample_648/image.png,[0 0 2 2 2 2],3
fold_2/sample_649/image.png,[0 0 0 0 0 0 0 2 2 2],3
fold_2/sample_650/image.png,[0 0 0 0 0 0 0 1 2],3
fold_2/sample_651/image.png,[0 0 0 0 0 0 0 0 0 2],3
fold_2/sample_652/image.png,[0 0 0 0 0 0 0 2 2],3
fold_2/sample_653/image.png,[0 0 0 0 0 0 0 0 0 0 0 0 0 0],3
fold_2/sample_654/image.png,[0 0 0 0 0 0 0 0 0 0 0 0 0 0 0 0 0 1],3
fold_2/sample_655/image.png,[0 0 0 0 0 0 0 0 0 1],3
fold_2/sample_656/image.png,[0 0 0 0 0 0 0 0 0 0 0 0 0 0 2 2],3
fold_2/sample_657/image.png,[0 0 0 0 0 0 0 0 0 0 2 2],3
fold_2/sample_658/image.png,[0 2 2 2 2 2],3
fold_2/sample_659/image.png,[2 2 2],3
fold_2/sample_660/image.png,[1 1 2],3
fold_2/sample_661/image.png,[0 0 0 0 0 0 0 0 0 0 0 0 0 0 0 0 0 0 0 0 0],3
fold_2/sample_662/image.png,[0 0 0 0 0 0 0 0 0 0 0 0 0 0 0 0 0 0 0 0],3
fold_2/sample_663/image.png,[0 0 0 0 0 0 0 0 2],3
fold_2/sample_664/image.png,[0 0 0 0 0 0 0 0 0 0 0 0 0 0 0 0 0 0 0],3
fold_2/sample_665/image.png,[0 0 0 0 0 0 0 0 0 0 0 0 0 0 0 0 0 0 0 0 0 0 0 0],3
fold_2/sample_666/image.png,[2 2 2 2 2 2 2],3
fold_2/sample_667/image.png,[0 0 0 0 0 0 0 0 0 0 0 0 2 2],3
fold_2/sample_668/image.png,[0 0 0 0 0 0 0 0 0 0 0 1 1 1 2 2 2 2],3
fold_2/sample_669/image.png,[1 1 1 2 2 2 2 2 2 2 2 2 2],3
fold_2/sample_670/image.png,[0 0 0 0 0 0 0 0 0 0 0],3
fold_2/sample_671/image.png,[0 0 0 0 0 0 0 0 0 0 0 0 0 0 1 2],3
fold_2/sample_672/image.png,[0 0 0 0 0 0 0 0 1 1 2 2 2 2],3
fold_2/sample_673/image.png,[0 0 0 0 0 2 2 2],3
fold_2/sample_674/image.png,[0 0 0 0 0 0 0 1 2 2 2 2],3
fold_2/sample_675/image.png,[0 0 0 0 0 0 0 0 0 0 0],3
fold_2/sample_676/image.png,[0 0 0 0 0 0 0 0 0 2 2 2],3
fold_2/sample_677/image.png,[0 0 0 0 0 0 0 0 0 0 0 0 0 0 0 0 0 0 0 0 0 0 1 2],5
fold_2/sample_678/image.png,[1 1 1 1 1 1 1 1 1 2 2 2 2],5
fold_2/sample_679/image.png,[],5
fold_2/sample_680/image.png,[],5
fold_2/sample_681/image.png,[1 1 1 1 1 1 1 1 1 1 1 1 1 1 1 2 2 2],5
fold_2/sample_682/image.png,[1 1 1 1 1 1 1 1 1 1 1 1 1 1 1 1 1 1 1 1 2 2 2 2 2 2],5
fold_2/sample_683/image.png,[1 1],5
fold_2/sample_684/image.png,[0 0 0 0 0 0 0 0 0 0 0 0 0 0 0 0 0 0 0 0 0 0 0 0 0 0 0 0 0 0 0 0 0 0 0 1],5
fold_2/sample_685/image.png,[2 2 2 2 2 2],5
fold_2/sample_686/image.png,[1 1 1 1 2 2 2 2 2 2 2 2 2 2],5
fold_2/sample_687/image.png,[1 1 1 1 1 1 1 1 1 1 2 2 2 2 2 2 2 2 2 2],5
fold_2/sample_688/image.png,[1 1 2 2 2 2],5
fold_2/sample_689/image.png,[1 2 2 2 2 2],5
fold_2/sample_690/image.png,[0 0 0 0 0 0 0 0 0 0 0 0 0 0 0 0 0 0 0 0 1 1],5
fold_2/sample_691/image.png,[0 0 0 0 0 0 0 0 0 0 0 0 0 0 0 0 0 0 0 0 0 0 0 0 0 0 0 0 0 0 1 1],5
fold_2/sample_692/image.png,[0 0 0 0 0 0 0 0 0 0 0 0 0 0 0 0 0 0 0 0 0 0 0 0 0 0 0 0 0 0 1],5
fold_2/sample_693/image.png,[0 0 0 0 0 0 0 0 0 0 0 0 0 0 0 0 0 0 1 1 1 1 1 1 3 3 3 3 3 3 3 3],5
fold_2/sample_694/image.png,[0 0 0 0 0 0 0 0 0 0 0 0 0 0 0 0 0 0 0 0 0 0 0 0 0 1 2 2 2 2 2],5
fold_2/sample_695/image.png,[0 0 0 0 0 0 0 0 0 0 0 0 0 0 0 0 0 0 0 0 0 0 0 0 0 0 0 0 0 0 0],5
fold_2/sample_696/image.png,[0 0 0 0 0 0 0 0 0 0 0 0 0 0 0 0 0 0 0 0 0 0 2],5
fold_2/sample_697/image.png,"[0 0 0 0 0 0 0 0 0 0 0 0 0 0 0 0 0 0 0 0 0 0 0 0 0 0 0 0 0 0 0 0 0 0 0 0 0
 0 0 0 2]",5
fold_2/sample_698/image.png,[2 2],5
fold_2/sample_699/image.png,[0 0 1 1 2 2],5
fold_2/sample_700/image.png,[0 0 0 0 1 1 1 1 2 2 2 2],5
fold_2/sample_701/image.png,[1 1 1 1 2 2 2 2 3],5
fold_2/sample_702/image.png,[1 2 2 2],5
fold_2/sample_703/image.png,[0 0 0 0 0 0 0 0 0 0 0 0 0 0 0 0 0 0 0 0 0 0 0 0 0 0 0 0 0 0 0 0 0 2 2],5
fold_2/sample_704/image.png,[0 0 0 0 0 0 0 0 0 0 0 0 0 0 0 0 0 0 0 0 0 0 0 0 0 0 0 0 0 0 2 2 2],5
fold_2/sample_705/image.png,[0 0 0 0 0 0 0 0 0 3 3 3 3 3 3 3 3 3 3],5
fold_2/sample_706/image.png,[0 0 0 0 0 0 0 0 0 0 0 0 0 0 1 2 2 2],5
fold_2/sample_707/image.png,[0 0 0 0 0 0 0 0 0 0 0 0 0 0 0 0 1 3],5
fold_2/sample_708/image.png,[1 1 1 2 2 2 2 2 2 2 2 2 2 2 2 2 2 2 2 2 2 2 2 2 2 2 2 2 2 2 2 2 2 2],5
fold_2/sample_709/image.png,[2 2 2 2 2 2 2 2 2 2 2 2 2 2 2 2 2 2],5
fold_2/sample_710/image.png,[1 1 1 2 2 2 2 2 2 2 2 2 2 2 2 2 2 2 2 2 2],5
fold_2/sample_711/image.png,[1 1 1 1 1 2 2 2 2 2 2 2 2 2 2 2 2 2 2 2 2 2 2 2 2 2 2],5
fold_2/sample_712/image.png,[1 1 1 1 1 2 2 2 2 2 2 2 2 2 2 2 2 2 2 2 2 2 2 2 2 2],5
fold_2/sample_713/image.png,[1 1 1 1 2 2 2 2 2 2 2 2 2 2 2 2 2 2 2 2 2 2 2 2],5
fold_2/sample_714/image.png,[1 1 2 2 2 2 2 2 2 2],5
fold_2/sample_715/image.png,[1 1 2 2 2 2 2],5
fold_2/sample_716/image.png,"[1 1 1 1 1 1 1 1 1 1 1 1 1 1 1 1 1 1 1 1 1 1 1 1 1 1 1 1 1 1 1 1 1 1 1 1 1
 1 1 1 1 2 2 2 2 2 2 2 2 2 2 2 2 2 2 2 2 2]",5
fold_2/sample_717/image.png,[1 1 1 1 1 1 1 2 2 2 2 2 2 2 2 2 2 2 2 2 2 2 2 2 2 2],5
fold_2/sample_718/image.png,[1 1 1 2 2 2 2 2 2 2 2 2 2 2 2 2 2 2 2 2 2 2],5
fold_2/sample_719/image.png,[1 2 2 2 2 2 2 2],5
fold_2/sample_720/image.png,[1 2 2 2 2 2 2],5
fold_2/sample_721/image.png,[2],5
fold_2/sample_722/image.png,[1 1 2 2 2 2],5
fold_2/sample_723/image.png,[2 2],5
fold_2/sample_724/image.png,[],5
fold_2/sample_725/image.png,"[1 1 1 1 1 1 1 1 1 1 1 1 1 1 1 1 1 1 1 1 1 1 1 1 1 1 1 1 1 1 1 1 1 1 1 1 1
 1 1 1 1 1 1 1 1 1 1 1 1 1 1 1 1 1 1 1 1 1 1 1 1 1 1 1 1 1 1 1 1 1 1 1 1 1
 1 1 1 1 1 1 1 1 1 1 1 1 1 1 1 1 1 1 1 1 1 1 1 1 1 1 1 1 1 1 1 1 1 1 1 1 2
 2 2]",5
fold_2/sample_726/image.png,"[1 1 1 1 1 1 1 1 1 1 1 1 1 1 1 1 1 1 1 1 1 1 1 1 1 1 1 1 1 1 1 1 1 1 1 1 1
 1 1 1 1 1 1 1 1 1 1 1 1 1 1 1 1 1 1 1 1 1 1 1 1 1 1 1 1 1 1 1 1 1 1 1 1 1
 1 1 1 1 1 1 1 1 1 1 1 1 1 1 1 1 1 1 1 1 1 1 1 1 1 1 1 1 1 1 1 1 1 1 1 1 1
 1 1 1 1 1 1 2]",5
fold_2/sample_727/image.png,"[1 1 1 1 1 1 1 1 1 1 1 1 1 1 1 1 1 1 1 1 1 1 1 1 1 1 1 1 1 1 1 1 1 1 1 1 1
 1 1 1 1 1 1 1 1 1 1 1 1 1 1 1 1 1 1 1 1 1 1 1 1 1 1 1 1 1 1 1 1 1 1 1 1 1
 1 1 1 1 1 1 1 1 1 1 1 1 1 1 1 1 1 1 1 1 2 2 2 2 2 2 2 2 2]",5
fold_2/sample_728/image.png,"[1 1 1 1 1 1 1 1 1 1 1 1 1 1 1 1 1 1 1 1 1 1 1 1 1 1 1 1 1 1 1 1 1 1 1 1 1
 1 1 1 1 1 1 1 1 1 1 1 1 1 1 1 1 1 1 1 1 1 1 1 1 1 1 1 1 1 1 1 1 1 1 1 1 1
 1 1 1 1 1 1 1 1 1 1 1 1 1 1 1 1 1 1 1 1 1 1 1 1 1 1 1 1 1 1 1 1 1 1 1 1 1
 1 2 2 2 2]",5
fold_2/sample_729/image.png,[2],5
fold_2/sample_730/image.png,[2 2 2 2 2],5
fold_2/sample_731/image.png,[1 1 1 1 1 2 2 2 2 2 2 2 2 2],5
fold_2/sample_732/image.png,[1 1 1 1 2 2 2 2 2],5
fold_2/sample_733/image.png,[1 2 2 2 2 2 2 2 2],5
fold_2/sample_734/image.png,[0 0 0 0 0 0 0 0 0 0 0 0 0],5
fold_2/sample_735/image.png,"[0 0 0 0 0 0 0 0 0 0 0 0 0 0 0 0 0 0 0 0 0 0 0 0 0 0 0 0 0 0 0 0 0 0 0 0 0
 0 0]",5
fold_2/sample_736/image.png,[0 0 0 0 0 0 1 2 2 2 2 2],5
fold_2/sample_737/image.png,[0 0 0 0 0 0 0 1 1 2 2 2 2 2],5
fold_2/sample_738/image.png,[0 0 0 0 0 0 0 0 0 0 0 0 0 0 0 0],5
fold_2/sample_739/image.png,[0 0 0 0 0 0 0 0 0 0 0 0 0 0 0 0 0 0 0 0 0 0 0],5
fold_2/sample_740/image.png,[0 0 0 0 0 0 0 0 0 0 0 0 0 0 0 0 0 0 0 0 3 3 3 3],5
fold_2/sample_741/image.png,[0 0 0 0 0 0 0 0 0 0 0 0 0 0 0 0 0 0],5
fold_2/sample_742/image.png,[0 0 0 0 0 0 0 0 0 0 0 0 0 0 0 0 0 0 0 0 0 2 2 2 2],5
fold_2/sample_743/image.png,[0 0 0 0 0 0 0 0 0 0 0 0 0 0 0 0 0 0 0 0 0 0 2],5
fold_2/sample_744/image.png,[0 0 1 1 1 2 2],5
fold_2/sample_745/image.png,"[1 1 1 1 1 1 1 1 1 1 1 1 1 1 1 1 1 1 1 1 1 1 1 1 1 1 1 1 1 1 1 1 1 1 1 1 1
 1 1 1 1 1 1 1 1 1 1 1 1 1 1 1 1 1 1 1 1 1 1 1 1 1 1 1 1 1 1 1 1 1 1 1 2 2
 2 2 2 2 2 2 2 2]",5
fold_2/sample_746/image.png,"[1 1 1 1 1 1 1 1 1 1 1 1 1 1 1 1 1 1 1 1 1 1 1 1 1 1 1 1 1 1 1 1 1 1 1 1 1
 1 1 1 1 1 1 1 1 1 1 1 1 1 1 1 1 1 1 1 1 1 1 1 1 1 1 1 1 1 1 1 1 1 1 1 1 1
 1 1 1 1 1 1 1 1 1 2 2 2 2 2 2 2 2 2 2]",5
fold_2/sample_747/image.png,"[1 1 1 1 1 1 1 1 1 1 1 1 1 1 1 1 1 1 1 1 1 1 1 1 1 1 1 1 1 1 1 1 1 1 1 1 1
 1 1 1 1 1 1 1 1 1 1 1 1 1 1 1 1 1 1 1 1 1 1 1 1 1 1 1 1 1 1 1 1 1 1 1 1 1
 1 1 1 1 1 1 1 1 1 1 1 1 1 1 1 1 1 1 1 1 1 1 1 1 1 1 1 1 1 2 2 2]",5
fold_2/sample_748/image.png,"[1 1 1 1 1 1 1 1 1 1 1 1 1 1 1 1 1 1 1 1 1 1 1 1 1 1 1 1 1 1 1 1 1 1 1 1 1
 1 1 1 1 1 1 1 1 1 1 1 1 1 1 1 1 1 1 1 1 1 1 1 1 1 1 1 1 1 1 1 1 1 1 1 1 1
 1 2 2]",5
fold_2/sample_749/image.png,[],5
fold_2/sample_750/image.png,[],5
fold_2/sample_751/image.png,[2],5
fold_2/sample_752/image.png,[],5
fold_2/sample_753/image.png,[],5
fold_2/sample_754/image.png,[1 1 1 1 1 1 1 1 2 2 2 2],5
fold_2/sample_755/image.png,[1 1 1 1 2 2 2 2 2 2 2 2 2 2 2 2],5
fold_2/sample_756/image.png,[1 1 1 1 2 2 2],5
fold_2/sample_757/image.png,[1 1 1 1 1 1 1 1 1 1 1 2 2 2 2 2 2 2 2 2],5
fold_2/sample_758/image.png,[1 1 1 1 1 1 1 1 1 1 1 1 1 1 1 1 1 1 2 2 2 2 2 2 2],5
fold_2/sample_759/image.png,[1 1 2 2 2 2 2 2 2 2],5
fold_2/sample_760/image.png,[1 1 1 1 2 2 2 2 2 2 2 2 2 2 2 2 2 2 2 2 2 2 2 2 2],5
fold_2/sample_761/image.png,[1 1 1 1 1 2 2 2 2 2 2 2],5
fold_2/sample_762/image.png,[0 0 1 1 1 1 1 1 1 1 1 1 1 1 1 2 2 2 2 2 2 2 2 2 2 2 2 2 2 2],5
fold_2/sample_763/image.png,"[1 1 1 1 1 1 1 1 1 1 1 1 1 1 1 1 1 1 1 1 1 1 1 1 1 1 1 1 1 1 1 1 1 1 1 1 1
 1 1 1 1 1 1 1 1 1 1 1 1 1 1 1 1 1 1 1 1 1 1 1 1 1 1 1 1 1 1 1 1 1 1 1 1 1
 1 1 1 1 1 1 1 1 1 1 1 1 1 1 1 1 1 1 1 1 1 1 1 1 1 1 2]",5
fold_2/sample_764/image.png,"[1 1 1 1 1 1 1 1 1 1 1 1 1 1 1 1 1 1 1 1 1 1 1 1 1 1 1 1 1 1 1 1 1 1 1 1 1
 1 1 1 1 1 1 1 1 1 1 1 1 1 1 1 1 1 1 1 1 1 1 1 1 1 1 1 1 1 1 1 1 1 1 1 1 1
 1 1 1 1 1 1 1 1 1 1 1 1 1 2 2 2]",5
fold_2/sample_765/image.png,[1 1 1 1 1 1 1 1 1 2 2 2 2 2 2 2 2 2 2 2 2 2 2 2 2 2 2 2 2 2 2 2 2 2],5
fold_2/sample_766/image.png,[1 1 1 1 2 2 2 2 2 2 2],5
fold_2/sample_767/image.png,[0 0 0 0 0 0 0 0 0 0 0 0 0 0 0 0 0 0 0 0 0 0 0 0 0],5
fold_2/sample_768/image.png,[0 0 0 0 0 0 0 0 0 0 0 0 0 0 0 1 1 2],5
fold_2/sample_769/image.png,[0 0 0 0 0 0 0 0 0 0 0 0 2],5
fold_2/sample_770/image.png,"[0 0 0 0 0 0 0 0 0 0 0 0 0 1 1 1 1 1 1 1 1 2 2 2 2 2 2 2 2 2 2 2 2 2 2 2 2
 2 2 2]",5
fold_2/sample_771/image.png,[0 0 0 0 0 0 0 0 0 0 0 0 0 0 0 0 0 0 0 0 0 0],10
fold_2/sample_772/image.png,"[0 0 0 0 0 0 0 0 0 0 0 0 0 0 0 0 0 0 0 0 0 0 0 0 0 0 0 0 0 0 0 0 1 1 2 2 2
 2]",10
fold_2/sample_773/image.png,[0 0 0 0 0 0 0 0 0 0 0 0 0 0 0 0 0 0 0 3 3 3 3],10
fold_2/sample_774/image.png,[0 0 0 0 0 0 0 0 0 0 0 0 0 0 0 0 0 0 0 0 0 0 0 0 0 0 2 2 2 2 2 2],10
fold_2/sample_775/image.png,[0 0 0 0 0 0 0 0 0 0 0 0 0 0 0 0 0 0 0 0 0],10
fold_2/sample_776/image.png,[0 0 0 0 0 0 0 0 0 0 0 0 0 0 0 0 0 0 0 0 0 0 1 1 1 1 1 1 1 2 2 2 2],10
fold_2/sample_777/image.png,[0 0 0 0 0 0 0 0 0 0 0 0 0 0 0 0 0 0 0 1 1 1 1 1 1 1 2 2 2 2 2],10
fold_2/sample_778/image.png,[0 0 0 0 0 0 0 0 0 0 0 0 0 0 0 0 0 0 0 0 0 0 0 0 2 2 2 2 2 2],10
fold_2/sample_779/image.png,[0 0 0 0 0 0 0 0 0 0 0 0 0 0 0 1 2 2 2 2 2 2 2 2 2 2 2 2 2 2 2],10
fold_2/sample_780/image.png,[1 1 1 1 1 1 1 1 1 1 1 1 1 1 1 2 2 2 2 2 2 2 2 2 2 2 2 2 2 2 2],3
fold_2/sample_781/image.png,[1 1 1 1 1 1 1 1 1 1 1 1 1 1 1 1 1 1 1 2 2 2 2 2 2 2 2 2 2 2 2],3
fold_2/sample_782/image.png,[0 0 0 0 0 0 0 0 0 1 1 1 1 1 1 1 1 1 2 2 2],3
fold_2/sample_783/image.png,[0 0 0 0 0 0 0 0 0 0 0 0 0 0 0 0 0 0 0 0 0 2 2],3
fold_2/sample_784/image.png,[0 0 0 0 0 0 0 0 0 1 1 2 2 2],3
fold_2/sample_785/image.png,[0 0 0 0 0 0 0 0 1 2 2 2 2 2 2 2 2 2 2 2 2 4 4],3
fold_2/sample_786/image.png,[0 0 1 1 1 2 2 2 2 2 2 2 2 2 2 2 2 2 2 2 2 2 2 2],3
fold_2/sample_787/image.png,[0 1 2 2 2 2 2 2 4 4 4 4 4 4 4 4 4 4 4 4 4 4 4 4 4 4 4 4 4 4 4 4 4 4],3
fold_2/sample_788/image.png,"[0 0 0 0 0 0 0 0 0 0 0 0 0 0 0 0 0 0 0 0 0 0 1 1 1 1 1 1 1 2 2 2 2 2 2 2 2
 2]",3
fold_2/sample_789/image.png,[0 0 0 0 0 0 0 0 0 0 0 0 0 0 0 0 0 0 0 0 0 0 0 0 1 1 2 2 2 2 2],3
fold_2/sample_790/image.png,[0 0 0 0 0 0 0 2 2 2 2 2 2 2 2 2 2 2],3
fold_2/sample_791/image.png,[0 0 0 0 0 0 0 0 0 0 0 0 0 0 0 0 0 2 2 2],3
fold_2/sample_792/image.png,[0 0 0 0 0 0 0 0 0 0 0 0 0 0 0 0 0 0 0 0 0 0 0 0 2 2 2],3
fold_2/sample_793/image.png,[0 0 0 0 0 0 0 0 0 0 0 0 0 1 1 2 2 2 2 2 2],3
fold_2/sample_794/image.png,[0 0 0 0 0 0 0 0 0 0 0 0 0 0 0 0 0 0 0 0 0 0 0 0 0 0 0 0 0 0 0 0 0 0],5
fold_2/sample_795/image.png,[0 0 0 0 0 0 0 0 0 0 0 0 0 0 0 0 0 0 0 0 0 0 0 0 0 2 2 2 2 2 2 2 2 2],5
fold_2/sample_796/image.png,[0 0 0 0 0 0 0 0 0 0 0 0 0 0 0 0 0 0 0 0 0 0 0 0 0 1 2 2 2 2],5
fold_2/sample_797/image.png,[0 0 0 0 0 0 0 0 0 0 0 0 0 0 0 0 0 0 0 0 0 0 0 0 0 0 0 0],5
fold_2/sample_798/image.png,[0 0 0 0 0 0 0 0 0 0 0 0 0 0 0 0 0 0 0 2 2 2 2 2],8
fold_2/sample_799/image.png,[0 0 0 0 0 0 0 0 0 0 0 0 0 0 0 0 0 0 0 0 0 0 0 2 2],8
fold_2/sample_800/image.png,[0 0 0 0 0 0 0 0 0 0 0 0 0 0 0 0 0 0 2],8
fold_2/sample_801/image.png,[0 0 0 0 0 0 0 0 0 0 0 0 0 0 0 0 0 0 0 0 0 0 0 0 0 0 0 2],8
fold_2/sample_802/image.png,[0 0 0 0 0 0 0 0 0 0 0 0 0 0 0 0 0 0 0 0 0 0 0 0 2 2],8
fold_2/sample_803/image.png,[0 0 0 0 0 0 0 0 0 0 0 0 0 0 0 0 0 0 0 0 0 0 0 0 0],8
fold_2/sample_804/image.png,[0 0 0 0 0 0 0 0 0 0 0 0 0 0 0 0 0 0 0 0 0 0 0 0 2 2],8
fold_2/sample_805/image.png,[0 0 0 0 0 0 0 0 0 0 0 0 0 0 0 0 0 0 0],8
fold_2/sample_806/image.png,[0 0 0 0 0 0 0 0 0 0 0 0 0 0 0 0 0 0 0 0 2 2 2],8
fold_2/sample_807/image.png,[0 0 0 0 0 0 0 0 0 0 0 0 0 0 0 0 0 0 0 0 0 0 0 2 2 2 2],8
fold_2/sample_808/image.png,[0 0 0 0 0 0 0 0 0 0 0 0 0 0 0 0 0 0 0 0 0 0 0 0 0 0 2 2 2 2 2],8
fold_2/sample_809/image.png,[0 0 0 0 0 0 0 0 0 0 0 0 0 0 0 2 2 2 2 2 2],8
fold_2/sample_810/image.png,[0 0 0 0 0 0 0 0 0 0 0 0 0 0 0 0 2 2 2 2 2 2 2],8
fold_2/sample_811/image.png,[0 0 0 0 0 0 0 0 0 0 0 0 0 1 2 2 2],8
fold_2/sample_812/image.png,[0 0 0 0 0 0 0 0 0 0 0 0 0 0 0 0 0 0 0 0 0 0 2 2 2 2 2 2 2 2 2 2],8
fold_2/sample_813/image.png,[0 0 0 0 0 0 0 0 0 0 0 0 0 0 0 0 0 2 2 2 2],13
fold_2/sample_814/image.png,[0 0 0 0 0 0 0 0 0 0 0 0 0 0 0 0 0 0 0 0 0 0 0 2 2 2 2 2],13
fold_2/sample_815/image.png,[0 0 0 0 0 0 0 0 0 0 0 0 0 0 0 0 0 0 0],2
fold_2/sample_816/image.png,[0 0 0 0 0 0 0 0 0 0 0 0 0 0 0 0 0 0 0 0 0 0 2],2
fold_2/sample_817/image.png,[0 0 0 0 0 0 0 0 0 0 0 0 0 0 0 0 0 0 0 0 0],2
fold_2/sample_818/image.png,[0 0 0 0 0 0 0 0 0 0 0 0 0 0 0 0 0 0 0 0 0 0],2
fold_2/sample_819/image.png,[0 0 0 0 0 0 0 0 0 0 0 0 0 0 0 0 0 2 2],2
fold_2/sample_820/image.png,[0 0 0 0 0 0 0 0 0 0 0 0 0 0 0 0 1 2 2],3
fold_2/sample_821/image.png,[0 0 2 2 2 2 2 2 2 2 2 2 2 2 4 4],3
fold_2/sample_822/image.png,[0 0 0 0 0 2 2 2 2 2 4 4 4 4 4 4 4 4 4 4 4 4 4 4 4 4 4 4 4 4 4 4],3
fold_2/sample_823/image.png,[0 2 2 2 2 2 2 2 2 4 4 4 4 4],3
fold_2/sample_824/image.png,[1 1 1 1 1 1 1 1 1 1 1 2 2],2
fold_2/sample_825/image.png,[1 1 1 1 1 1 1 1 2 2 2 2 2 2 2],2
fold_2/sample_826/image.png,"[0 0 0 1 1 1 1 1 1 1 1 1 1 1 1 1 1 1 1 1 1 1 1 1 1 1 1 1 1 1 1 1 2 2 2 2 2
 2 2 4]",2
fold_2/sample_827/image.png,[0 0 0 0 0 0 0 0 0 0 0 0 0 0 0 0 2 2 2 2 2 2 2 2 2 2 2 2 2 4 4 4 4 4],2
fold_2/sample_828/image.png,[0 0 0 0 0 0 0 0 0 0 0 0 0 0 0 0 0 0 0],2
fold_2/sample_829/image.png,[0 0 0 0 0 0 0 0 0 0 0 0 0 0 0 0 0 1 2 2 2 2 2 2 2],13
fold_2/sample_830/image.png,"[0 0 0 0 0 0 0 0 0 0 0 0 0 0 0 0 0 0 0 0 0 0 0 0 0 0 0 0 0 0 0 2 2 2 2 2 2
 2]",13
fold_2/sample_831/image.png,[0 0 0 0 0 0 0 0 0 0 0 0 0 0 0 0 0 2 2 2 2 2 2 2 2 2 2],13
fold_2/sample_832/image.png,"[0 0 0 0 0 0 0 0 0 0 0 0 0 0 0 0 0 0 0 0 0 0 0 0 0 0 0 0 0 0 0 0 0 0 0 0 0
 0 0 0 0 0 0 0 0 0 0 0 0 0 0 0 0 0 0 0 0 0 0 0 0 0 0 1 1 1 1 1 1 1 1 1 1 1
 1 1 1 1 1 1 1 1 1 1 2]",8
fold_2/sample_833/image.png,"[0 0 0 0 0 0 0 0 0 0 0 0 0 0 0 0 0 0 0 0 0 0 0 0 0 0 0 0 0 0 0 0 0 0 0 0 0
 0 0 0 0 0 0 0 0 0 0 0 0 0 0 0 1 1 1 1 1 1 1 1 1 1 1 1 1 2 2 2]",8
fold_2/sample_834/image.png,"[0 0 0 0 0 0 0 0 0 0 0 0 0 0 0 0 0 0 0 0 0 0 0 0 0 0 0 0 0 0 0 0 0 0 0 0 0
 0 0 0 0 0 0 0 1 1 1 1 1 1 1 1 1 1 1 1 1 1 1 1 1 1 1 1 1 1 1 1 1 1 1 1 1 1
 1 1 1 1 1 1 2 2 2 2 2 2 2]",8
fold_2/sample_835/image.png,"[0 0 0 0 0 0 0 0 0 0 0 0 0 0 0 0 0 0 0 0 0 0 0 0 0 0 0 0 0 0 0 0 0 0 0 0 0
 0 0 0 0 0 0 0 0 0 0 0 1 1 1 1 1 1 1 1 1 1 1 1 1 1 1 1 1 2 2]",8
fold_2/sample_836/image.png,"[0 0 0 0 0 0 0 0 0 0 0 0 0 0 0 0 0 0 0 0 0 0 0 0 0 0 0 0 0 0 0 0 0 0 0 0 0
 0 0 0 0 0 0 0 0 0 0 0 0 0 0 0 0 0 0 0 0 0 0 0 0 0 0 0 0 0 0 0 0 0 0 0 0 0
 0 0 0 0 0 0 0 0 0 0 0 0 0 0 0 0 0 0 0 0 0 0 0 0 0 0 0 0 0]",8
fold_2/sample_837/image.png,"[0 0 0 0 0 0 0 0 0 0 0 0 0 0 0 0 0 0 0 0 0 0 0 0 0 0 0 0 0 0 0 0 0 0 0 0 0
 0 0 0 0 0 0 0 0 0 0 0 0 0 0 0 0 0 0 0 0 0 0 0 0 0 0 0 0 0 0 0 0 0 0 0 0 0
 0 0 0 0 0 0 0 0 0 0 0 0 0 0 0 0 0 0 0 0 0 0 0]",8
fold_2/sample_838/image.png,"[0 0 0 0 0 0 0 0 0 0 0 0 0 0 0 0 0 0 0 0 0 0 0 0 0 0 0 0 0 0 0 0 0 0 0 0 0
 0 0 0 0 0 0 0 0 0 0 0 0 0 0 0 0 0 0 0 0 0 0 0 0 0 0 0 0 0 0 0 0 0 0 0 0 0
 0 0 0 0 0 0 0 0 0 0 0 0 0 0 0 0 0 0 0 0 0 0 0 0 0 0 0 0 0 0 0 0 0 0 0 0 0
 0 0 0 0 0]",8
fold_2/sample_839/image.png,"[0 0 0 0 0 0 0 0 0 0 0 0 0 0 0 0 0 0 0 0 0 0 0 0 0 0 0 0 0 0 0 0 0 0 0 0 0
 0 0 0 0 0 0 0 0 0 0 0 0 0 0 0 0 0 0 0 0 0 0 0 0 0 0 0 0 0 0 0 0 0 0 0 0 0
 0 0 0 0 0 0 0 0 0 0 0]",8
fold_2/sample_840/image.png,"[0 0 0 0 0 0 0 0 0 0 0 0 0 0 0 0 0 0 0 0 0 0 0 0 0 0 0 0 0 0 0 0 0 0 0 0 0
 0 0 0 0 0 0 0 0 0 0 0 0 0 0 0 0 0 0 0 0 0 0 0 0 0 0 0 0 0 0 0 0 0 0 0 0 0
 0 0 0 0 0 0 0 0 0 0 0 0 0 0 0 0 0 0 0 0 0 0 0 0 0 0 0 0 0 0 0 0 0 0 0 0 0
 0 0 0 0 0 0 0 0 0 0 0 0 0 0]",8
fold_2/sample_841/image.png,"[0 0 0 0 0 0 0 0 0 0 0 0 0 0 0 0 0 0 0 0 0 0 0 0 0 0 0 0 0 0 0 0 0 0 0 0 0
 0 0 0 0 0 0 0 0 0 0 0 0 0 0 0 0 0 0 0 0 0 0 0 0 0 0 0 0 0 0 0 0 0 0 0 0 0
 0 0 0 0 0 0 0 0 0 0 0]",8
fold_2/sample_842/image.png,"[0 0 0 0 0 0 0 0 0 0 0 0 0 0 0 0 0 0 0 0 0 0 0 0 0 0 0 0 0 0 0 0 0 0 0 0 0
 0 0 0 0 0 0 0 0 0 0 0 0 0 0 0 0 0 0 0 0 0 0 0 0 0 0 0 0 0 0 0 0 0 0 0 0 0
 0 0 0 0 0 0 0 0 0 0 0 0 0 0 0 0 0 0 0 0 0 0 0 0 0 0 2]",8
fold_2/sample_843/image.png,"[0 0 0 0 0 0 0 0 0 0 0 0 0 0 0 0 0 0 0 0 0 0 0 0 0 0 0 0 0 0 0 0 0 0 0 0 0
 0 0 0 0 0 0 0 0 0 0 0 0 0 0 0 0 0 0 0 0 0 0 0 0 0 0 0 0 0 0 0 0 0 0 0 0 0
 0 0 0 0 0 0 0 0 0 0 0 0 0 0 0 0 0 0 0 0 0 0 0 0 0 0 0 0 0 0 0 0 1 1 1 1]",8
fold_2/sample_844/image.png,"[0 0 0 0 0 0 0 0 0 0 0 1 1 1 1 1 1 1 1 1 1 1 1 1 1 1 1 1 1 1 1 1 1 1 1 1 1
 1 1 1 1 1 1 1 1 1 1 1 1 1 1 1 1 1 1 1 1 1 1 1 1 1 1 1 1 1 1 1 1 1 1 1 1 1
 2 2 2 2 2 2 2 2 2 2 2 2 2 2 2 2 2 2 2 2 2 2 2 2 2 2 2 2 2 2 2 2 2 2 2 2 2
 2 2 2 2 2 2 2 2 2 2 2 2 2 2 2 2 2 2 2 2 2 2 2 2 2 2 2 2 2 2 2 2 2 2 2 2 2]",8
fold_2/sample_845/image.png,"[1 1 1 1 1 1 1 1 1 1 1 1 1 1 1 1 1 1 1 1 1 1 1 1 1 1 1 1 1 1 1 1 1 1 1 1 1
 1 1 1 1 1 1 1 1 1 1 1 1 1 1 1 1 1 1 1 1 1 1 1 1 1 1 1 1 1 1 1 1 1 1 1 1 1
 1 1 1 1 1 1 1 1 1 1 1 1 1 1 1 1 1 1 1 1 1 1 1 1 1 1 1 1 1 1 1 1 1 1 1 1 1
 1 1]",15
fold_2/sample_846/image.png,"[1 1 1 1 1 1 1 1 1 1 1 1 1 1 1 1 1 1 1 1 1 1 1 1 1 1 1 1 1 1 1 1 1 1 1 1 1
 1 1 1 1 1 1 1 1 1 1 1 1 1 1 1 1 1 1 1 1 1 1 1 1 1 1 1 1 1 1 1 1 1 1 1 1 1
 1 1 1 1 1 1 1 1 1 1 1 1 1 1 1 1 1 1 1 1 1 1 1 1 1 1 1 1 1 1 1 2 2 2 2 2]",15
fold_2/sample_847/image.png,"[1 1 1 1 1 1 1 1 1 1 1 1 1 1 1 1 1 1 1 1 1 1 1 1 1 1 1 1 1 1 1 1 1 1 1 1 1
 1 1 1 1 1 1 1 1 1 1 1 1 1 1 1 1 1 1 1 1 1 1 1 1 1 1 1 1 1 1 1 1 1 1 1 1 1
 1 1 1 1 1 1 1 1 1 1 1 1 1 1 1 1 1 1 1 1 1 1 2 2 2 2]",15
fold_2/sample_848/image.png,"[1 1 1 1 1 1 1 1 1 1 1 1 1 1 1 1 1 1 1 1 1 1 1 1 1 1 1 1 1 1 1 1 1 1 1 1 1
 1 1 1 1 1 1 1 1 1 1 1 1 1 1 1 1 1 1 1 1 1 1 1 1 1 1 1 1 1 1 1 1 1 1 1 1 1
 1 1 1 1 1 1 1 1 1 1 1 2 2 2 2 2 2 2]",15
fold_2/sample_849/image.png,[0 0 0 0 0 0 0 0 0 0 0 0 0 0 0 0 0 0 0 0 0 0 0 0 0 0 0 0 1 2 3 3],5
fold_2/sample_850/image.png,[0 0 0 0 0 0 0 0 0 0 0 0 0 0 0 0 0 0 0 0 0 0 0 0 1 2 2 2 2 2 2 2],5
fold_2/sample_851/image.png,[0 0 0 0 0 0 0 0 0 0 0 0 0 0 0 0 0 0 0 0 0 0 0 0 0 0 0 1 2 2],5
fold_2/sample_852/image.png,[0 0 0 0 0 0 0 0 0 0 0 0 0 0 0 0 0 2 2 2 2 2 2],5
fold_2/sample_853/image.png,[0 0 0 0 0 0 0 0 0 0 0 0 0 0 0 0 0 0 0 0 0 0 0 0 0 0 2 3],5
fold_2/sample_854/image.png,[0 0 0 0 0 0 0 0 0 0 0 0 0 0 0 0 0 0 0 0 0 0 1 1 2 2 2 2 2],5
fold_2/sample_855/image.png,"[1 1 1 1 1 1 1 1 1 1 1 1 1 1 1 1 1 1 1 1 1 1 1 1 1 1 1 1 1 1 1 1 1 1 1 1 1
 1 1 1 1 1 1 1 2 2 2 2 2 2 2 2 2 2 2 2 2 2 2 2 2 2 2]",15
fold_2/sample_856/image.png,"[1 1 1 1 1 1 1 1 1 1 1 1 1 1 1 1 1 1 1 1 1 1 1 1 1 1 1 1 1 1 1 1 1 1 1 1 1
 1 1 1 1 1 1 1 1 1 1 1 1 1 1 1 1 1 1 1 1 1 1 1 1 1 1 1 1 1 1 1 1 1 1 1 1 1
 1 1 2 2]",15
fold_2/sample_857/image.png,"[1 1 1 1 1 1 1 1 1 1 1 1 1 1 1 1 1 1 1 1 1 1 1 1 1 1 1 1 1 1 1 1 1 1 1 1 1
 1 2 2 2 2 2 2 2 2 2 2 2 2 2 2]",15
fold_2/sample_858/image.png,"[1 1 1 1 1 1 1 1 1 1 1 1 1 1 1 1 1 1 1 1 1 1 1 1 1 1 1 1 1 1 1 1 1 1 1 1 1
 1 1 1 1 1 1 1 1 1 1 1 1 1 1 1 1 1 1 1 1 1 1 1 1 1 1 1 1 1 1 1 1 1 1 1 1 1
 1 1 1 1 1 1 1 1 1 1 2 2 2 2 2]",15
fold_2/sample_859/image.png,"[1 1 1 1 1 1 1 1 1 1 1 1 1 1 1 1 1 1 1 1 1 1 1 1 1 1 1 1 1 1 1 1 1 1 1 1 1
 1 1 1 1 1 1 1 1 1 1 1 1 1 1 1 1 1 1 1 1 1 1 1 1 1 1 1 1 1 1 1 1 1 1 1 1 1
 1 1 1 1 1 1 1 1 1 1 1 1 1 1 1 1 1 1 1 1 2 2 2 2]",15
fold_2/sample_860/image.png,[2 2 2 2 2 2 2 2 2 2 2 2 2 2],11
fold_2/sample_861/image.png,[0 0 0 0 0 0 0 0 0 0 0 0 0 0 0 0 0],11
fold_2/sample_862/image.png,[0 0 0 0 0 0 0 0 0 0 0 0 0 0 0 0 0 0 0 2],11
fold_2/sample_863/image.png,[0 0 0 0 0 0 0 0 0 0 0 0 0 0 0 0 0 0 0 0 0 0 0 0 0 0 0 0 0 0 0 0 0 0 1],11
fold_2/sample_864/image.png,[0 0 0 0 0 0 0 0 0 0 1 2 2 2 2 2 2 2 2 2 2 2 2 2],11
fold_2/sample_865/image.png,"[0 0 0 0 0 0 0 0 0 0 0 0 0 0 0 0 0 0 0 0 0 0 0 0 0 0 0 0 0 0 0 0 0 0 0 0 0
 0 0 0 0 0 0 0 0 0 0 0 0 0 0 0]",6
fold_2/sample_866/image.png,"[0 0 0 0 0 0 0 0 0 0 0 0 0 0 0 0 0 0 0 0 0 0 0 0 0 0 0 0 0 0 0 0 0 0 0 0 0
 0 0 0 0 0 0 0 0 0 0 0 2]",6
fold_2/sample_867/image.png,"[0 0 0 0 0 0 0 0 0 0 0 0 0 0 0 0 0 0 0 0 0 0 0 0 0 0 0 0 0 0 0 0 0 0 0 0 0
 0 0 0 0 0 0 0 0 0 0 0 0 0 0 0 0 0 0 0 0 1 2]",6
fold_2/sample_868/image.png,"[0 0 0 0 0 0 0 0 0 0 0 0 0 0 0 0 0 0 0 0 0 0 0 0 0 0 0 0 0 0 0 0 0 0 0 0 0
 0 0 0 0 0 0 0 0 0 0 0 0 0 0]",6
fold_2/sample_869/image.png,"[0 0 0 0 0 0 0 0 0 0 0 0 0 0 0 0 0 0 0 0 0 0 0 0 0 0 0 0 0 0 0 0 0 0 0 0 0
 0 0]",6
fold_2/sample_870/image.png,"[0 0 0 0 0 0 0 0 0 0 0 0 0 0 0 0 0 0 0 0 0 0 0 0 0 0 0 0 0 0 0 0 0 0 0 0 0
 0 0 0 0 0 0 0 0 0 1]",6
fold_2/sample_871/image.png,"[0 0 0 0 0 0 0 0 0 0 0 0 0 0 0 0 0 0 0 0 0 0 0 0 0 0 0 0 0 0 0 0 0 0 0 0 0
 0 0 0 0 0 0 0 0 0]",6
fold_2/sample_872/image.png,"[0 0 0 0 0 0 0 0 0 0 0 0 0 0 0 0 0 0 0 0 0 0 0 0 0 0 0 0 0 0 0 0 0 0 0 0 0
 0 0 0 0 0 0 0 0 0 0 0 0]",6
fold_2/sample_873/image.png,"[0 0 0 0 0 0 0 0 0 0 0 0 0 0 0 0 0 0 0 0 0 0 0 0 0 0 0 0 0 0 0 0 0 0 0 0 0
 0 0 0 0 0 0 0 0 0 0 0]",6
fold_2/sample_874/image.png,[0 0 0 0 0 0 0 0 0 0 0 0 0 0 0 0 0 0 0 0 0 0 0 0 0 0 0 0 0 0 0 0 0 0 0 1],6
fold_2/sample_875/image.png,"[0 0 0 0 0 0 0 0 0 0 0 0 0 0 0 0 0 0 0 0 0 0 0 0 0 0 0 0 0 0 0 0 0 0 0 0 0
 0 0 0 0 1]",6
fold_2/sample_876/image.png,"[0 0 0 0 0 0 0 0 0 0 0 0 0 0 0 0 0 0 0 0 0 0 0 0 0 0 0 0 0 0 0 0 0 0 0 0 0
 0]",6
fold_2/sample_877/image.png,"[0 0 0 0 0 0 0 0 0 0 0 0 0 0 0 0 0 0 0 0 0 0 0 0 0 0 0 0 0 0 0 0 0 0 0 0 0
 0 0 0]",6
fold_2/sample_878/image.png,[2 2 2 2],6
fold_2/sample_879/image.png,[2 2 2 2 2],6
fold_2/sample_880/image.png,[2 2],6
fold_2/sample_881/image.png,[2 2 2 2],6
fold_2/sample_882/image.png,[2 2 2 2 2 2],6
fold_2/sample_883/image.png,[2 2 2 2],6
fold_2/sample_884/image.png,[2 2 2 2 2 2 2 2 2],6
fold_2/sample_885/image.png,[1 1 2 2 2],6
fold_2/sample_886/image.png,[2 2 2 2 2 2 2],6
fold_2/sample_887/image.png,[2 2 2 2 2],6
fold_2/sample_888/image.png,[2 2 2 2 2],6
fold_2/sample_889/image.png,[2 2 2 2 2 2 2 2 2 2 2 2],6
fold_2/sample_890/image.png,[2 2 2],6
fold_2/sample_891/image.png,[2 2 2 2],6
fold_2/sample_892/image.png,[2 2 2 2 2 2 2 2 2 2 2 2 2 2],6
fold_2/sample_893/image.png,"[0 0 0 0 0 0 0 0 0 1 1 1 1 1 1 1 1 1 1 1 1 1 1 1 1 1 1 1 1 1 1 1 1 1 1 1 1
 1 1 1 1 1 1 1 1 1 1 1 1 1 1 1 1 1 1 2 2]",12
fold_2/sample_894/image.png,"[0 0 0 0 0 0 0 0 0 0 0 0 0 0 0 0 0 0 0 0 0 0 0 0 0 1 1 1 1 1 1 1 1 1 1 1 1
 1 1 1 1 1 1 1 1 1 1 1 1 1 1 1 1 1 1 1 1 1 1 1 1 2 2 2]",12
fold_2/sample_895/image.png,"[0 0 0 0 0 0 0 0 0 0 0 0 0 0 0 0 0 0 0 0 0 0 0 0 0 0 0 0 0 0 0 1 1 1 1 1 1
 1 1 1 1 1 1 1 1 1 1 2 2 2 2 2 2 2 2 2 2 2 2 3 3 3 3 3 3 3 3 3 3 3 3 3 3 3
 3 3 3 3 3 3 3]",10
fold_2/sample_896/image.png,"[0 0 0 0 0 0 0 0 0 2 2 2 2 2 2 2 2 2 2 2 2 2 2 2 2 2 2 2 2 2 2 2 2 2 2 2 2
 3 3 3 3 3 3 3 3 3 3 3 3 3 3 3 3 3 3 3 3 3 3 3 3 3 3 3 3 3 3 3 3 3 3 3 3]",10
fold_2/sample_897/image.png,"[0 0 0 0 0 0 0 0 0 0 0 0 0 0 0 0 0 2 2 2 2 2 2 2 3 3 3 3 3 3 3 3 3 3 3 3 3
 3 3 3 3 3 3 3 3 3 3 3 3 3 3 3 3 3 3 3]",10
fold_2/sample_898/image.png,"[0 0 0 0 0 0 0 0 0 0 0 0 0 0 0 0 0 0 0 0 0 0 0 0 0 0 2 2 2 2 2 2 2 2 3 3 3
 3 3 3 3 3 3 3 3 3 3 3 3 3 3 3 3 3 3 3 3 3 3]",10
fold_2/sample_899/image.png,"[0 0 0 0 0 0 0 0 0 0 0 0 0 0 0 0 0 0 2 2 2 2 2 2 2 2 2 2 2 2 2 2 2 2 2 2 2
 2 2 2 2 2 2 2 2 3 3 3 3 3 3 3 3 3 3 3 3 3 3 3 3 3 3 3 3 3 3 3 3]",10
fold_2/sample_900/image.png,"[0 0 0 0 0 0 0 0 0 0 0 0 0 0 0 0 0 0 0 0 0 0 0 0 0 0 0 0 0 0 0 0 0 0 0 0 0
 0 0 0 0 2 2 2 2 2 3 3 3 3 3 3 3 3 3 3 3 3 3 3 3 3 3 3 3 3]",10
fold_2/sample_901/image.png,"[0 0 0 0 0 0 0 0 0 0 0 0 0 0 0 0 0 0 0 0 0 0 0 0 0 2 2 2 2 3 3 3 3 3 3 3 3
 3 3 3 3 3 3 3 3 3 3 3 3 3 3 3 3 3 3 3 3 3 3 3 3 3 3 3 3 3 3 3 3 3 3 3 3 3
 3 3 3 3 3 3 3]",10
fold_2/sample_902/image.png,"[0 0 0 0 0 0 0 0 0 0 0 0 0 0 0 0 0 0 0 0 0 0 0 0 0 0 0 0 0 0 0 0 0 0 0 0 0
 0 0 0 0 0 0 0 0 2 2 2 2 2 3 3 3 3 3 3 3 3 3 3 3 3 3 3 3 3 3 3 3 3 3 3 3 3
 3 3 3 3 3 3 3 3 3 3 3 3 3 3 3]",10
fold_2/sample_903/image.png,"[0 0 0 0 0 0 0 0 0 2 2 2 2 2 3 3 3 3 3 3 3 3 3 3 3 3 3 3 3 3 3 3 3 3 3 3 3
 3 3 3 3 3 3 3 3 3 3 3 3 3 3 3 3 3 3 3 3 3 3 3 3 3 3 3 3 3 3 3 3 3 3 3 3 3
 3 3 3 3 3 3 3 3 3 3 3 3 3 3 3]",10
fold_2/sample_904/image.png,"[0 0 0 0 0 2 2 3 3 3 3 3 3 3 3 3 3 3 3 3 3 3 3 3 3 3 3 3 3 3 3 3 3 3 3 3 3
 3 3 3 3 3 3 3 3 3 3 3 3 3 3 3 3 3 3 3 3 3 3 3 3 3 3 3 3 3]",10
fold_2/sample_905/image.png,"[0 0 0 0 0 0 0 0 0 0 0 0 0 0 0 0 0 0 2 2 2 3 3 3 3 3 3 3 3 3 3 3 3 3 3 3 3
 3 3 3 3 3 3 3 3 3 3 3 3 3 3 3 3 3 3 3 3 3 3 3 3]",10
fold_2/sample_906/image.png,"[0 0 0 0 0 0 0 0 0 0 0 0 0 0 0 0 0 0 0 0 0 0 0 0 0 0 0 0 0 0 0 0 0 1 1 1 1
 2 2 2 2 2 2 2 2 2 2 2 2 2 2 2 2 2 2 3 3 3 3 3 3 3 3 3 3 3 3 3 3 3 3 3 3 3
 3 3 3 3 3 3 3 3 3 3 3 3 3 3 3 3]",10
fold_2/sample_907/image.png,"[0 0 2 2 3 3 3 3 3 3 3 3 3 3 3 3 3 3 3 3 3 3 3 3 3 3 3 3 3 3 3 3 3 3 3 3 3
 3 3 3 3 3 3 3 3 3 3 3 3 3 3 3 3 3 3 3 3 3 3 3 3 3 3 3 3 3 3 3 3 3]",10
fold_2/sample_908/image.png,"[0 0 0 0 0 0 0 0 0 0 0 0 0 0 0 0 0 0 0 0 0 0 0 0 0 0 1 1 1 1 1 1 1 1 2 2 2
 2 2 2 2 2 2 2 2 2 2 2 2 2 2 2 2 2 2 2 3 3 3 3 3 3 3 3 3 3 3 3 3 3 3 3 3 3
 3 3 3 3]",10
fold_2/sample_909/image.png,"[0 0 0 0 0 0 0 0 0 0 0 0 0 0 0 0 0 0 0 0 0 0 0 0 0 0 0 0 0 0 0 0 0 0 0 0 0
 0 0 0 0 0 0 0 2 2 2 2 2 2 2 3 3 3 3 3 3 3 3 3 3 3 3 3 3 3 3 3 3 3 3 3 3 3
 3 3 3 3 3 3 3 3 3 3 3 3 3]",10
fold_2/sample_910/image.png,"[0 0 0 0 0 0 0 0 0 0 0 0 0 0 1 1 1 1 1 1 1 1 1 1 1 1 1 1 1 1 1 1 1 1 1 2 2
 2 2 2 2 2 2 2 2 2 2 2 2 2 2 3 3 3 3 3 3 3 3 3 3 3 3 3 3 3 3 3 3 3 3 3 3 3
 3 3 3 3 3 3 3 3 3]",10
fold_2/sample_911/image.png,"[0 0 0 0 0 0 0 0 0 0 0 0 0 0 0 0 0 0 0 0 0 0 0 0 0 0 0 0 0 0 0 0 0 0 0 0 0
 0 0 0 0 0 0 0 0 0 0 0 0 0 0 0 0 0 0 0 0 0 0 0 0 0 0 1 1 1 1 2 2 2 2 2 2 2
 2 2 2 2 2 2 2 2 2 2 3 3 3 3 3 3 3 3 3 3 3 3]",10
fold_2/sample_912/image.png,[0 0 0 0 0 0 0 0 0 2 2 2 2 2 2 2 2 2 2],10
fold_2/sample_913/image.png,[0 0 0 0 0 0 0 0 0 0 0 0 0 0 0 0 0 0 0 0 0 0 0 0 0 0 0 0],10
fold_2/sample_914/image.png,[0 0 0 0 0 0 0 0 0 0 0 0 0 0 0 0 0 0 0 0 0 0 0 0 0 0],10
fold_2/sample_915/image.png,[0 0 0 2 2 2 2 2 2 2 2 2 2 2 2 2 2 2 2 2 2 2 2 2 2],10
fold_2/sample_916/image.png,[0 0 0 0 0 0 0 0 0 0 0 0 0 0 0 0 0 0 0 0 0 0 0 0 0 0 0 0 0 0 0],10
fold_2/sample_917/image.png,[0 0 0 2 2 2 2 2 2 2 2 2 2],10
fold_2/sample_918/image.png,[0 0 0 0 0 0 0 0 0 0 0 0 0 0 0 0 0 0 0 2 2 2 2 2 2],10
fold_2/sample_919/image.png,[0 0 0 0 0 0 0 0 0 0 0 1 1 2 2 2 2 2 2 2 2],10
fold_2/sample_920/image.png,[0 0 0 0 0 0 0 0 0 0 0 0 0 0 0 0 0 2 2 2 2 2 2],10
fold_2/sample_921/image.png,[0 0 0 0 0 0 0 0 0 0 0 0 0 0 0 0 0 0 0 1 2 2 2 2 2 2 2 2 2 2 2 2 2],10
fold_2/sample_922/image.png,[0 2 2 2 2 2 2 2 2 2 2 2 2 2 2 2 2 2 2 2 2 2 2 2],10
fold_2/sample_923/image.png,[0 1 1 2 2 2 2 2 2 2 2 2 2 2 2 2 2 2 2 2 2 2 2 2],10
fold_2/sample_924/image.png,[0 0 0 1 1 2 2 2 2 2 2 2 2 2 2 2 2 2 2 2 2 2 2 2 2 2 2 2],10
fold_2/sample_925/image.png,[0 0 0 0 0 0 0 0 0 0 0 0 0 0 0 0 0 0 0 0 0 0 0 0 0 0 0 2 2],10
fold_2/sample_926/image.png,"[0 0 0 0 0 0 0 0 0 0 0 0 0 0 0 0 0 2 2 2 2 2 2 2 2 2 2 2 2 2 2 2 2 2 2 2 2
 2 2 2]",10
fold_2/sample_927/image.png,"[0 0 0 0 0 0 0 0 0 0 0 0 0 0 0 0 0 0 0 1 2 2 2 2 2 2 2 2 2 2 2 2 2 2 2 2 2
 2 2 2 2 2 2]",10
fold_2/sample_928/image.png,[0 0 0 0 0 0 0 0 0 0 0 0 0 0 0 0 0 0 0 1 2 2 2 2 2 2 2 2 2 2 2 2 2 2 2 2 2],10
fold_2/sample_929/image.png,[0 0 0 0 0 0 0 0 0 0 0 0 0 0 0 0 0 0 0 0 1 2 2 2 2 2 2 2],10
fold_2/sample_930/image.png,"[0 0 0 0 0 0 0 0 0 0 0 0 0 0 0 0 0 0 0 0 0 0 0 0 0 0 0 0 0 0 0 0 1 1 1 1 1
 1 2 2 2 2 2 2 2 2 2 2 2 2 2 2 2 2 2]",18
fold_2/sample_931/image.png,"[0 0 0 0 0 0 0 0 0 0 0 0 0 0 0 0 0 0 0 0 0 0 0 0 0 0 0 0 0 0 0 0 0 0 0 0 0
 0 0 0 0 0 0 0 0 0 0 0 0 0 0 0 0 0 0 0 0 0 0 0 0 0 0 0 0 1 1 1 1 1 1 1 1 1
 1 1 1 1 1 1 1 1 1 1 1 1 1 1 1 1 1 1 1 1 2 2 2 2 2 2 2 2 2 2 2 2 2 2 2 2 2
 2 2 2 2 4 4 4 4 4 4 4 4 4]",18
fold_2/sample_932/image.png,"[1 1 1 1 1 1 1 1 1 1 1 1 1 1 1 1 1 1 1 1 1 1 1 1 1 1 1 1 1 1 1 1 1 1 1 1 1
 1 1 1 1 1 1 1 1 1 1 1 1 1 1 1 1 1 1 1 1 1 1 1 1 1 1 1 1 1 1 1 1 1 1 1 1 1
 1 1 1 1 1 1 1 1 1 1 1 1 1 1 1 1 1 1 1 1 1 1 1 1 1 1 1 1 1 1 1 1 1 1 1 1 1
 1 1 1 1 1 1 1 1 1 1 1 1 1 1 1 1 1 1 1 1 1 1 1 1 1 1 1 1 1 1 1 1 1 1 1 1 1
 1 1 1 1 1 1 1 1 1 1 1 1 1 1 1 1 1 1 1 1 1 1 1 1 1 1 1 1 1 1 1 1 1 1 1 1 1
 1 1 1 1 1 1 1 1 1 1 1 1 1 1 1 1 1 1 1 1 1 1 1 1 1 1 1 1 1 1 1 1 1 1 1 1 1
 1 1 1 2 2 2 2 2 2 2 2 2 2 2 2 2 2 2 2 2 2 2 2 2 2 2 2 2 2 2 2 2 2 2 2 2 2
 2 2 2 2 2 2 2 2 2 2 2 2 2 2 2 2 2 2 2 2 2 2 2 4 4 4 4 4 4 4]",18
fold_2/sample_933/image.png,[1 1 1 1 1 1 1 1 1 1 1 1 1 2 2 2 2 2 2 2 2 2 2 2 2 2 2 2 2],17
fold_2/sample_934/image.png,[0 0 0 0 0 0 0 0 0 0 0 0 0 0 0 0 0 0 1 2 2 2],17
fold_2/sample_935/image.png,[0 0 0 0 0 0 0 1 1 1 2 2 2 2 2 2 2 2],17
fold_2/sample_936/image.png,[1 1 1 1 1 1 1 1 1 2 2 2 2 2 2 2 2 2 2 2 2 2 2 2 2 2 2 2 2],17
fold_2/sample_937/image.png,[1 2 2 2 2 2 2 2 2 2 2 2 2 2 2 2 2 2 2 2 2 2 2 2 2 2 2 2 2 2 2 2],17
fold_2/sample_938/image.png,[0 0 0 0 0 0 0 0 0 0 0 0 0 0 0 0 0 0 1 2 2],17
fold_2/sample_939/image.png,[0 1 1 1 1 1 1 1 2 2 2 2 2 2 2 2 2 2 2 2 2 2 2],17
fold_2/sample_940/image.png,[1 1 1 1 1 1 1 1 1 2 2 2 2 2 2 2 2 2 2 2 2 2 2 2 2 2 2 2 2 2 2],17
fold_2/sample_941/image.png,[1 1 1 1 1 1 1 1 1 1 1 1 2 2 2 2 2 2 2 2 2 2 2 2 2 2],17
fold_2/sample_942/image.png,[0 1 1 1 1 1 1 2 2 2 2 2 2 2 2 2 2 2 2 2 2 2 2 2 2 2],17
fold_2/sample_943/image.png,[0 0 0 0 1 1 1 2 2 2 2 2 2 2 2 2 2 2 2 2 2 2 2 2 2 2 2 2],17
fold_2/sample_944/image.png,[0 0 0 0 0 0 0 0 0 0 0 0 0 0 0 0 1 1 1 1 2 2 2 2 2 2 2 2 2],17
fold_2/sample_945/image.png,[1 2 2 2 2 2 2 2 2 2 2 2 2 2 2],17
fold_2/sample_946/image.png,[0 1 1 1 1 1 1 1 1 1 1 1 1 2 2 2 2 2 2 2 2 2 2 2],17
fold_2/sample_947/image.png,[0 0 0 0 0 0 0 0 0 2],17
fold_2/sample_948/image.png,[2 2 2 2 2 2 2 2 2 2 2],17
fold_2/sample_949/image.png,[0 0 0 0 0 0 0 0 0 0 0 0 0 0 0 0 2 2 2 2],17
fold_2/sample_950/image.png,[0 0 0 0 0 0 0 0 0 0 0],17
fold_2/sample_951/image.png,[0 0 0 0 0 0 0 0],17
fold_2/sample_952/image.png,[0 0 0 0 0 0 0 0 0 0 0 0 0 0 0 0 1],14
fold_2/sample_953/image.png,[0 0 0 0 0 0 0 0 0 0 0 0 0 0 0 0 0 0 0 0 0 0 0 2 2 2 2],14
fold_2/sample_954/image.png,[0 0 0 0 0 0 0 0 0 0 0 0 0 0 0 0 0 0 0 0 0 0 2 2 2],14
fold_2/sample_955/image.png,[0 0 0 0 0 0 0 0 0 0 0 0 0 0 0 0 0 0 0 0 0 0 0 1 2 2 2 2],14
fold_2/sample_956/image.png,[0 0 0 0 0 0 0 0 0 0 0 0 0 0 0 0 0 0 0 1 1 1 1 2 2 2],14
fold_2/sample_957/image.png,[0 0 0 0 0 0 0 0 0 0 0 0 0 0 0 0 0 0 0 1 2 2 2],14
fold_2/sample_958/image.png,[0 0 0 0 0 0 0 0 0 0 0 0 0 0 0 0 0 0 0 1 1 1 1 1 2],14
fold_2/sample_959/image.png,"[0 0 0 0 0 1 1 1 1 1 1 1 1 1 1 1 1 1 1 1 1 1 1 1 1 1 1 1 1 1 1 1 1 1 1 1 1
 1 1 1 1 1 1 1 1 1 1 1 1 1 1 1 1 1 1 1 1 1 1 1 1 1 1 1 1 1 1 1 1 1 1 1 1 2
 2]",14
fold_2/sample_960/image.png,"[1 1 1 1 1 1 1 1 1 1 1 1 1 1 1 1 1 1 1 1 1 1 1 1 1 1 1 1 1 1 1 1 1 1 1 1 1
 1 1 1 1 1 1 1 1 1 1 1 1 1 1 1 1 1 1 1 1 1 1 1 1 1 1 1 1 1 1 1 1 1 1 1 1 1
 1 1 1 1 1 1 1 1 1 2 2 2]",14
fold_2/sample_961/image.png,"[0 1 1 1 1 1 1 1 1 1 1 1 1 1 1 1 1 1 1 1 1 1 1 1 1 1 1 1 1 1 1 1 1 1 1 1 1
 1 1 1 1 1 1 1 1 1 1 1 1 1 1 1 1 1 1 1 1 1 1 1 1 1 1 1 1 1 1 1 1 1 1 1 1 1
 2 2]",14
fold_2/sample_962/image.png,"[1 1 1 1 1 1 1 1 1 1 1 1 1 1 1 1 1 1 1 1 1 1 1 1 1 1 1 1 1 1 1 1 1 1 1 1 1
 1 1 1 1 1 1 1 1 1 1 1 1 1 1 1 1 1 1 1 1 1 1 1 1 1 1 1 1 1 1 1 1 1 1 1 1 1
 1 1 1 1 1 1 1 1 1 1 1 1 1 1 1 1 1 1 2 2 2]",14
fold_2/sample_963/image.png,"[1 1 1 1 1 1 1 1 1 1 1 1 1 1 1 1 1 1 1 1 1 1 1 1 1 1 1 1 1 1 1 1 1 1 1 1 1
 1 1 1 1 1 1 1 1 1 1 1 1 1 1 1 1 1 1 1 1 1 1 1 1 1 1 1 1 1 1 1 1 1 1 2 2]",14
fold_2/sample_964/image.png,[2 2 2 2 4 4 4 4 4 4 4 4 4 4 4 4 4 4 4 4 4 4 4 4 4 4 4 4 4],14
fold_2/sample_965/image.png,"[4 4 4 4 4 4 4 4 4 4 4 4 4 4 4 4 4 4 4 4 4 4 4 4 4 4 4 4 4 4 4 4 4 4 4 4 4
 4 4]",14
fold_2/sample_966/image.png,[1 2 2 2 2 2 2 2 2 2 4 4 4 4 4 4 4 4 4 4 4 4],14
fold_2/sample_967/image.png,[1 2 2 4 4 4 4 4 4 4 4 4 4 4 4 4 4 4 4 4 4 4 4 4 4 4 4 4 4 4 4 4 4 4 4 4],14
fold_2/sample_968/image.png,[4 4 4 4 4],4
fold_2/sample_969/image.png,[1 1 1 1 1 2 2 4 4 4 4 4 4 4 4 4 4 4 4 4 4 4 4 4 4 4 4 4 4 4 4 4 4],4
fold_2/sample_970/image.png,"[1 1 1 1 1 1 1 1 1 2 2 2 2 2 2 2 2 2 2 2 2 2 2 2 2 2 2 2 2 2 2 2 2 2 2 2 2
 2 2 2 2 2 2 2 2 2 2 2 4 4 4 4 4]",4
fold_2/sample_971/image.png,"[1 1 1 2 2 2 2 2 2 2 2 2 2 2 2 2 2 2 4 4 4 4 4 4 4 4 4 4 4 4 4 4 4 4 4 4 4
 4 4 4 4 4]",4
fold_2/sample_972/image.png,[1 1 2 2 2 2 2 2 2 2 2 2],17
fold_2/sample_973/image.png,[1 2 2 2 2 2 2 2 2 2],17
fold_2/sample_974/image.png,[1 1 1 1 1 2 2 2 2 2 2 2],17
fold_2/sample_975/image.png,[1 1 2 2 2],17
fold_2/sample_976/image.png,[2],17
fold_2/sample_977/image.png,[2 2 2 2],17
fold_2/sample_978/image.png,[2 2 2 2 2 2 2],17
fold_2/sample_979/image.png,[2 2 2 2],17
fold_2/sample_980/image.png,[2 2 2 2],17
fold_2/sample_981/image.png,[0 0 1 1 1 1 1 2 2 2 2 2 2 2 2 2 2 2],17
fold_2/sample_982/image.png,"[0 0 0 0 0 0 0 0 0 0 0 0 0 0 0 0 0 0 0 0 0 1 1 1 1 2 2 2 2 2 2 2 2 2 2 2 2
 2 2]",17
fold_2/sample_983/image.png,[0 0 0 0 0 0 0 0 0 0 0 0 0 0 0 0 0 0 0 0 0 1 1 1 1 1 2 2 2 2 2 2],17
fold_2/sample_984/image.png,[0 0 0 0 0 0 0 0 0 0 0 0 0 0 1 1 2 2 2 2],17
fold_2/sample_985/image.png,[0 0 0 0 0 0 0 0 0 0 0 0 0 0 0 0 0 0 0 0 0 0 0 2 2 2 2 2 2 2 2],17
fold_2/sample_986/image.png,[0 0 0 0 0 0 0 0 0 0 0 0 0 2 2 2],17
fold_2/sample_987/image.png,[0 0 0 0 0 0 0 0 0 0 0 0 1 1 1 1 2 2 2 2 2 2 2 2 2 2 2 2 2],17
fold_2/sample_988/image.png,[0 0 0 0 0 0 0 0 0 0 0 0 0 0 0 0 0 0 0 0 0 0 0 0 0 0 2],17
fold_2/sample_989/image.png,[0 0 0 0 0 0 0 0 0 0 0 0 0 0 0 0 0 0 0 0 0 0 0 0 0 0 0 0 2 2 2 2 2],17
fold_2/sample_990/image.png,[2 2 2],6
fold_2/sample_991/image.png,[2 2 2 2 2 2 2 2],6
fold_2/sample_992/image.png,[2 2 2 2 2 2 2 2 2 2],6
fold_2/sample_993/image.png,[2 2 2 2 2 2 2 2 2 2 2 2],6
fold_2/sample_994/image.png,[2 2 2 2 2 2 2 2 2 2 2 2],6
fold_2/sample_995/image.png,[2 2 2 2 2 2 2 2 2 2 2 2 2 2 2],6
fold_2/sample_996/image.png,[2 2 2 2 2 2 2 2 2 2 2 2 2 2 2 2 2 2 2 2 2 2 2 2 2 2],6
fold_2/sample_997/image.png,[2 2 2 2 2 2 2 2 2 2],6
fold_2/sample_998/image.png,[2 2 2 2 2 2 2 2 2 2 2 2 2 2],6
fold_2/sample_999/image.png,[2 2 2 2 2 2 2 2 2 2 2 2 2 2 2 2 2],6
fold_2/sample_1000/image.png,[2 2 2 2 2 2 2 2 2 2 2 2 2 2 2 2 2 2 2 2 2 2 2],6
fold_2/sample_1001/image.png,[2 2 2 2 2 2 2 2 2 2 2 2 2],6
fold_2/sample_1002/image.png,[2 2 2 2 2 2 2],6
fold_2/sample_1003/image.png,[2 2 2 2 2 2 2 2 2 2],6
fold_2/sample_1004/image.png,[2 2 2 2 2 2 2 2],6
fold_2/sample_1005/image.png,[2 2 2 2 2 2 2 2 2 2],6
fold_2/sample_1006/image.png,[2 2 2 2 2 2 2 2 2 2 2 2 2],6
fold_2/sample_1007/image.png,"[0 0 0 0 0 0 0 0 0 0 0 0 0 0 0 0 0 0 0 0 0 0 0 0 0 0 0 0 0 0 0 0 0 0 2 2 2
 2 2 2 2 2]",6
fold_2/sample_1008/image.png,"[0 0 0 0 0 0 0 0 0 0 0 0 0 0 0 0 0 0 0 0 0 0 0 0 0 0 0 0 0 0 0 0 0 0 0 0 2
 2 2 2 2 2 2 2]",6
fold_2/sample_1009/image.png,[0 0 0 0 0 0 0 0 0 0 0 0 0 0 0 0 0 0 0 0 0 0 0 0 0 0 0 0 0 0 0 0 2 2 3 3],6
fold_2/sample_1010/image.png,"[0 0 0 0 0 0 0 0 0 0 0 0 0 0 0 0 0 0 0 0 0 0 0 0 0 0 0 0 0 0 0 0 0 0 2 3 3
 3 3]",6
fold_2/sample_1011/image.png,[0 0 0 0 0 0 0 0 0 0 0 0 0 0 0 0 0 0 0 0 0 0 0 0 0 0 0 0 0 0 0 0 0 2 2],6
fold_2/sample_1012/image.png,[0 0 0 0 0 0 0 0 0 0 0 0 0 0 0 0 0 0 0 0 0 0 0 0 0 0 0 0 0 0 0 0 0 2],6
fold_2/sample_1013/image.png,"[0 0 0 0 0 0 0 0 0 0 0 0 0 0 0 0 0 0 0 0 0 0 0 0 0 0 0 0 0 0 0 0 0 0 0 2 2
 2 2 2]",6
fold_2/sample_1014/image.png,[0 0 0 0 0 0 0 0 0 0 0 0 0 0 0 0 0 0 0 0 0 0 2 2 2 2 2 2 2 2],6
fold_2/sample_1015/image.png,[0 0 0 0 0 0 0 0 0 0 2 2 2 2 2 2 2 2 2 2 2 2 2 2 2 2 2 2 2 2 2 2 2 2 2 2 2],6
fold_2/sample_1016/image.png,[0 0 0 0 0 0 0 0 0 0 0 0 0 0 0 0 0 0 0 0 0 0 0 1 2 2 2 2 2 2 2 2 2 2],6
fold_2/sample_1017/image.png,"[0 0 0 0 1 2 2 2 2 2 2 2 2 2 2 2 2 2 2 2 2 2 2 2 2 2 2 2 2 2 2 2 2 2 2 2 2
 2 2 2 2 2 2 2 2 2 2]",6
fold_2/sample_1018/image.png,[0 0 0 0 1 2 2 2 2 2 2 2 2 2 2 2 2 2 2 2 2 2 2 2 2 2 2 2 2],6
fold_2/sample_1019/image.png,[0 0 0 0 0 0 0 0 0 0 0 0 0 0 0 0 0 0 0 0 0 0 0 0 0 0 0 0 0 2],6
fold_2/sample_1020/image.png,[2 2 2 2 2 2 2 2 2 2 2 2 2 2 2 2 2 2 2 2 2 2 2 2 2 2 2 2 2 2 2 2 2 2 2],6
fold_2/sample_1021/image.png,[2 2 2 2 2 2 2 2 2 2 2 2 2 2 2 2 2 2 2 2 2 2 2 2 2 2 2 2],6
fold_2/sample_1022/image.png,[0 0 0 0 0 0 1 2 2 2 2 2 2 2 2 2 2 2 2 2 2 2 2 2 2 2 2 2 2 2 2 2 2 2 2 2 2],6
fold_2/sample_1023/image.png,[1 1 1 1 1],4
fold_2/sample_1024/image.png,[1 1],4
fold_2/sample_1025/image.png,[1 1 1 2 2],4
fold_2/sample_1026/image.png,[1 1 1 1 1],4
fold_2/sample_1027/image.png,[2],4
fold_2/sample_1028/image.png,[],4
fold_2/sample_1029/image.png,[],4
fold_2/sample_1030/image.png,[1 1 1 1 1 1 1 2],4
fold_2/sample_1031/image.png,[0 0 0 0 0 0 0 0 0 0 0 0 0 0 0 0 0 2],0
fold_2/sample_1032/image.png,[0 0 0 0 0 0 0 0 0 0 0 0 0 0 0 0 0 0 2 2 2 2 2 2],0
fold_2/sample_1033/image.png,[0 0 0 0 0 0 0 0 0 0 0 0 0 0 0 0 0 0 0 0 2 2 2 2],0
fold_2/sample_1034/image.png,[0 0 0 0 0 0 0 0 0 0 0 0 2 2 2 2 2],0
fold_2/sample_1035/image.png,[0 0 0 0 0 0 0 0 0 0 0 0 0 0 0 0 0 0 0 0 0 0 0 0 0 0 1 2 2],0
fold_2/sample_1036/image.png,[0 0 0 0 0 0 0 0 0 0 0 0 0 0 0 0 0 0 0 0 2 2 2 2 2 2],0
fold_2/sample_1037/image.png,[0 0 0 0 0 0 0 0 0 0 0 0 0 0 0 0 0 0 0 0 1 2 2],0
fold_2/sample_1038/image.png,[0 0 0 0 0 0 0 0 0 0 0 0 0 0 0 0 0 0 0 1 2 2 2 2 2 2 2 2 2],0
fold_2/sample_1039/image.png,[0 0 0 0 0 0 0 0 0 0 0 0 0 2 2 2 2],0
fold_2/sample_1040/image.png,[0 0 0 0 0 0 0 0 0 0 0 0 0 2 2 2],0
fold_2/sample_1041/image.png,[0 0 0 0 0 0 0 0 0 0 0 0 0 0 0 0 0 2 2],0
fold_2/sample_1042/image.png,[0 0 0 0 0 0 0 0 0 0 0 0 0 0 0 0 0],0
fold_2/sample_1043/image.png,[0 0 0 0 0 0 0 0 0 0 0 0 0 0 0 0 0 0 0 0 2],0
fold_2/sample_1044/image.png,[0 0 0 0 0 0 0 0 0 0 0 0 0 0 0 0 0 0 0 0 0 0],0
fold_2/sample_1045/image.png,[0 0 0 0 0 0 0 0 2 2 2 2 2],0
fold_2/sample_1046/image.png,[2 2 2 2],0
fold_2/sample_1047/image.png,[0 0 0 0 0 0 1 2 2 2 2],0
fold_2/sample_1048/image.png,[0 0 0 0 0 0 0 0 0 0 0],0
fold_2/sample_1049/image.png,[0 0 0 0 0 0 0 0 0 0 0 2],0
fold_2/sample_1050/image.png,[0 0 0 0 0 0 0 0 1 2 2 2 2 2 2 2],0
fold_2/sample_1051/image.png,[0 0 0 0 0 0 0 0 0 0 0 0 0 0 2 2 2 2],0
fold_2/sample_1052/image.png,[0 0 0 0 0 0 0 0 0 0 0 0 0 0 2 2 2 2],0
fold_2/sample_1053/image.png,[0 0 0 0 0 0 0 0 0 0 0 0 0 0 0],0
fold_2/sample_1054/image.png,[0 0 0 0 0 0 0 0 0 0 2 2 2],0
fold_2/sample_1055/image.png,[0 0 0 0 0 0 0 0 0 2],0
fold_2/sample_1056/image.png,[0 0 0 0 0 0 1 2],0
fold_2/sample_1057/image.png,[0 0 0 0 0 0 0 0 0 0 0 0 0 0 2],0
fold_2/sample_1058/image.png,[0 0 0 0 0 0 0 0 0 2 2 2],0
fold_2/sample_1059/image.png,[0 0 0 0 0 0 0 0 0 0 0 0 2],0
fold_2/sample_1060/image.png,[0 0 0 0 0 0 1 2 2],0
fold_2/sample_1061/image.png,[0 0 0 0 0 0 0 0 0 0 0 0 0 2],0
fold_2/sample_1062/image.png,[0 0 0 0 0 0 0 0 0 0 0 0 0 0 0 0 0 0],0
fold_2/sample_1063/image.png,[0 0 0 0 0 0 0 0 0 0 2 2 2],0
fold_2/sample_1064/image.png,[0 0 0 0 0 0 0 0 0 0 2 2 2],0
fold_2/sample_1065/image.png,[0 0 0 0 0 0 0 0 2 2],0
fold_2/sample_1066/image.png,[0 0 0 0 0 0 0 0 0 2 2],0
fold_2/sample_1067/image.png,[0 0 0 0 0 1 2],0
fold_2/sample_1068/image.png,[0 0 0 0 0 0 0 0 0 0 1 2 2],0
fold_2/sample_1069/image.png,[0 0 0 0 0 0 0 0 0 0 0 0 0],0
fold_2/sample_1070/image.png,[0 0 0 0 0 0 0 0 0 0 2],0
fold_2/sample_1071/image.png,[0 0 0 0 0 0 0 0 0 0 0 0 0 0 0 0 0 2],0
fold_2/sample_1072/image.png,[0 0 0 0 0 0 0 0 2],0
fold_2/sample_1073/image.png,[0 0 0 0 0 0 0 0],0
fold_2/sample_1074/image.png,[0 0 0 0 0 0 0 0 0 0 0 0 0 0 0],0
fold_2/sample_1075/image.png,[0 0 0 0 0 0 0 0 0 0 0],6
fold_2/sample_1076/image.png,[0 0 0 0 0 0 0 0 0 0 0 2],6
fold_2/sample_1077/image.png,[0 0 0 0 0 0 0 0 0 0 0 0],6
fold_2/sample_1078/image.png,[0 0 0 0 0 0 0 0 0 0 0 0 0],6
fold_2/sample_1079/image.png,[0 0 0 0 0 0 0 0 0 0],6
fold_2/sample_1080/image.png,[0 0 0 0 0 0 0 0 2 2],6
fold_2/sample_1081/image.png,[0 0 0 0 0 0 0 0 0 0 0 0 0 0],6
fold_2/sample_1082/image.png,[0 0 0 0 0 0 0 0 0 0 0],6
fold_2/sample_1083/image.png,[0 0 0 0 0 0 0 0 0 0 2 2 2 2],6
fold_2/sample_1084/image.png,[0 0 0 0 0 0 0 0 0 0 1 2 2 2 2],6
fold_2/sample_1085/image.png,[0 0 0 0 0 0 0 0 1 2 2 2 2 2 2 2 2],6
fold_2/sample_1086/image.png,[0 0 1 2 2 2 2 2 2 2 2 2 2 2 2 2 2 2],6
fold_2/sample_1087/image.png,[0 0 0 0 0 0 0 2 2 2 2 2 2],6
fold_2/sample_1088/image.png,[1 1 1 1 1 2 2 2 2 2 4 4 4 4 4 4 4 4 4 4 4 4],6
fold_2/sample_1089/image.png,[4 4 4 4],6
fold_2/sample_1090/image.png,[1 1 1 2 2 2 2 2 2 2 2 4 4 4 4 4 4 4 4 4 4 4 4 4],6
fold_2/sample_1091/image.png,[1 1 1 1 1 1 1 1 2 2 2 2 4 4 4 4 4 4 4 4 4 4 4 4 4 4],6
fold_2/sample_1092/image.png,[2 2 2 4 4 4 4 4 4 4 4 4 4 4 4 4 4 4 4 4 4],6
fold_2/sample_1093/image.png,[0 0 0 0 0 0 0 0 0 0 0 0 0 0 0 0 0 0 0 0 0 0 0 0],6
fold_2/sample_1094/image.png,[0 0 0 0 0 0 0 0 0 0 0 0 0 0 0 0 0 0 0 0 0 0 0 2],6
fold_2/sample_1095/image.png,[0 0 0 0 0 1 1 2 2 2 2 2],6
fold_2/sample_1096/image.png,[0 0 0 0 0 0 2 2 2 2 2 2 2],6
fold_2/sample_1097/image.png,[0 0 0 0 0 0 0 0 0 0 0 0 2 2 2 2 2],6
fold_2/sample_1098/image.png,[0 0 0 0 0 0 0 0 0 0 0 0 0 2 2 2 2 2 2 2 2],6
fold_2/sample_1099/image.png,[0 0 0 0 0 0 0 0 0 0 0 0 0 0 0 0 0 0 0 0 2 2 2 2 2],6
fold_2/sample_1100/image.png,[0 0 0 0 0 0 0 0 0 0 0 0 0 0 0 1 2 2 2],6
fold_2/sample_1101/image.png,[0 0 0 0 0 0 2 2 2 2 2 2 2],6
fold_2/sample_1102/image.png,[0 0 2 2 2 2 2 2 2 2 2 2 2],6
fold_2/sample_1103/image.png,[0 0 0 0 2 2 2 2 2 2 2 2 2 2],6
fold_2/sample_1104/image.png,[0 2 2 2 2 2],6
fold_2/sample_1105/image.png,[0 0 0 0 0 0 0 0 0 0 0 0 0 0 0 0 0 0 0 0 0 0 0 0 0 0 0 0 0 0 0],6
fold_2/sample_1106/image.png,[2 2 2 2 2 2 2 2 2],6
fold_2/sample_1107/image.png,[0 0 0 0 0 0 2 2 2 2 2],6
fold_2/sample_1108/image.png,[1 2 2 2 4 4 4 4 4 4 4 4],0
fold_2/sample_1109/image.png,[2 4 4 4 4 4 4 4 4 4 4 4 4 4 4 4 4],0
fold_2/sample_1110/image.png,[1 1 2 2 2 4 4 4 4 4 4 4 4 4 4 4 4 4 4 4 4 4 4 4 4 4 4 4],0
fold_2/sample_1111/image.png,[2 2 2 4 4 4 4 4 4 4 4 4 4 4 4 4 4 4 4 4 4 4 4],0
fold_2/sample_1112/image.png,[2 2 2 2 4 4 4 4 4 4 4 4 4 4 4 4 4 4 4 4 4 4 4],0
fold_2/sample_1113/image.png,[1 2 2 2 4 4 4 4 4 4 4 4 4 4 4 4 4 4 4 4],0
fold_2/sample_1114/image.png,[1 2 2 4 4 4 4 4 4 4 4 4 4 4 4 4 4 4 4 4 4],0
fold_2/sample_1115/image.png,[1 2 2 2 2 4 4 4 4 4 4 4 4 4 4 4],0
fold_2/sample_1116/image.png,[2 4 4 4 4 4 4 4 4 4 4 4 4 4 4 4 4 4 4 4 4 4 4 4 4 4 4 4 4 4 4 4 4 4 4 4],0
fold_2/sample_1117/image.png,[1 2 2 2 2 2 2 2 2 4 4 4 4 4 4 4 4 4 4 4 4 4 4 4 4],0
fold_2/sample_1118/image.png,[1 2 2 4 4 4 4 4 4 4 4 4 4 4 4 4 4 4 4 4 4 4 4 4],0
fold_2/sample_1119/image.png,[1 1 2 2 2 2 2 2 2 2 2 2 2 4 4 4 4 4 4 4 4 4 4 4 4 4 4 4 4 4 4 4 4],0
fold_2/sample_1120/image.png,"[1 1 2 2 2 2 4 4 4 4 4 4 4 4 4 4 4 4 4 4 4 4 4 4 4 4 4 4 4 4 4 4 4 4 4 4 4
 4 4 4 4 4]",0
fold_2/sample_1121/image.png,[1 2 2 2 2 2 2 2 2 2 2 2 2 2 2 4 4 4 4 4 4 4 4 4 4 4 4],0
fold_2/sample_1122/image.png,[1 1 1 2 2 2 2 4 4 4 4 4 4 4 4 4 4 4 4 4 4 4 4 4 4 4 4 4 4],0
fold_2/sample_1123/image.png,[1 1 1 4 4 4 4 4 4 4 4 4 4 4 4 4 4 4 4 4 4 4 4 4 4 4 4 4 4 4 4 4],0
fold_2/sample_1124/image.png,"[1 1 1 1 1 2 2 2 2 2 4 4 4 4 4 4 4 4 4 4 4 4 4 4 4 4 4 4 4 4 4 4 4 4 4 4 4
 4 4]",12
fold_2/sample_1125/image.png,"[1 1 1 1 1 1 1 2 2 2 2 2 2 2 2 2 2 2 2 2 2 2 2 2 2 2 2 2 2 2 2 2 2 2 2 2 2
 2 2]",12
fold_2/sample_1126/image.png,"[1 1 1 1 1 1 1 1 1 1 1 1 2 2 2 2 2 2 2 2 2 2 2 2 2 2 4 4 4 4 4 4 4 4 4 4 4
 4 4 4 4 4 4 4 4 4 4 4 4 4 4 4 4 4 4 4 4 4]",12
fold_2/sample_1127/image.png,[2 2 2 2 2 2 2 2 2 2 2 2 2],12
fold_2/sample_1128/image.png,[2 2 2 2 2 2 2],12
fold_2/sample_1129/image.png,[2 2 2 2 2 2 2 2 2 2 2 2 2 2 2 2 2 2 2],12
fold_2/sample_1130/image.png,[2 2 2 2 2 2 2 2 2 2 2 2 2 2],12
fold_2/sample_1131/image.png,[1 1 2 2 2 2 2 2 2 2 2 2 2 2 2 2 2 2 2 2 2 2],12
fold_2/sample_1132/image.png,[2 2 2 2 2 2 2 2 2 2 2],12
fold_2/sample_1133/image.png,[1 1 2 2 2 2 2 2 2 2 2 2 2 2 2 2 2],12
fold_2/sample_1134/image.png,[0 0 0 0 2 2 2 2],12
fold_2/sample_1135/image.png,[2 2 2 2 2 2 2 2 2 2 2 2 2 2],12
fold_2/sample_1136/image.png,[0 0 0 0 0 0 0 2 2 2 2 2 2],12
fold_2/sample_1137/image.png,[2 2 2 2 2 2 2 2 2 2 2 2 2 2 2],12
fold_2/sample_1138/image.png,[0 0 0 1 2 2 2 2 2 2 2 2 2 2 2 2],12
fold_2/sample_1139/image.png,[0 0 0 0 0 0 0 0 0 0 0 0 0 0 0 0 0 2 2 2 2 2 2 2],12
fold_2/sample_1140/image.png,[0 0 0 0 0 0 0 0 0 2 2 2 2 2 2 2 2],12
fold_2/sample_1141/image.png,[0 2 2 2 2 2 2 2 2 2 2 2 2 2 2 2 2 2 2 2 2 2],12
fold_2/sample_1142/image.png,[1 2 2 2 2 2 2 2 2 2 2 2 2 2 2 2 2 2 2 2],12
fold_2/sample_1143/image.png,[0 0 0 0 0 0 0 0 0 0 0 0 0 0 0 0 0 0 0 0 0 0 0 0 0 2 2],12
fold_2/sample_1144/image.png,[0 2 2 2 2 2 2 2 2 2 2 2 2 2 2 2],12
fold_2/sample_1145/image.png,[2 2 2 2 2 2 2 2 2 2 2 2 2 2 2 2 2 2 2],12
fold_2/sample_1146/image.png,[0 0 0 0 0 0 0 0 0 0 0 0 0 0 0 0 0 0 0 0 0 0 2 2 2 2 2 2],12
fold_2/sample_1147/image.png,[0 0 1 1 2 2 2 2 2 2 2 2],12
fold_2/sample_1148/image.png,[1 2 2 2 2 2 2 2 2 2 2 2],12
fold_2/sample_1149/image.png,[1 1 1 2 2 2 2 2 2 2 2 2 2 2 2 2 2],12
fold_2/sample_1150/image.png,[0 0 0 0 0 0 0 0 0 0 0 0 2 2],0
fold_2/sample_1151/image.png,[0 0 0 1 2 2 2 2 2 2 2 2 2],0
fold_2/sample_1152/image.png,[0 1 2 2 2 2 2 2 2 2 2 2 2 2 2 2],0
fold_2/sample_1153/image.png,[0 2 2 2 2 2 2 2 2 2 2 2 2 2 2 2 2],0
fold_2/sample_1154/image.png,[0 0 0 0 0 0 0 1 1 1 1],0
fold_2/sample_1155/image.png,[0 0 0 0 0 0 1 2 2 2 2 2 2 2],0
fold_2/sample_1156/image.png,[0 0 0 0 0 0 0 0 0 0 1 2 2 2 2 2 2 2 2 2],0
fold_2/sample_1157/image.png,[0 0 0 1 2 2 2],0
fold_2/sample_1158/image.png,[0 0 0 0 0 0 0 0 0 0 0 0 0 0 0 0 0],0
fold_2/sample_1159/image.png,[1 2 2 2 2 2 2 2 2 2 2 2 2 2 2 2],0
fold_2/sample_1160/image.png,[0 0 0 0 0 0 0 0 2 2 2 2 2],0
fold_2/sample_1161/image.png,[0 0 0 0 0 0 0 0 0 0 1 2 2 2 2 2 2 2 2],0
fold_2/sample_1162/image.png,[0 0 0 0 0 0 0 0 0 0 0 0 0 0 0 0],0
fold_2/sample_1163/image.png,[0 0 0 0 0 1 2 2 2 2 2],0
fold_2/sample_1164/image.png,[0 0 0 0 0 0 0 0 0 0 0 0 0 0 0 0 0 0],0
fold_2/sample_1165/image.png,[0 0 0 0 0 0 0 0 0 0 0 0 0 0 0 1 2 2],0
fold_2/sample_1166/image.png,[0 0 0 0 0 0 0 0 0 0 0 0 0 0 1 2 2 2 2 2 2 2 2],0
fold_2/sample_1167/image.png,[0 0 0 0 0 0 0 0 0 0 0 0 0 0 0 0 0 0 1 2 2],0
fold_2/sample_1168/image.png,[0 0 0 0 0 0 1 1 2 2 2 2 2 2 2 2 2],0
fold_2/sample_1169/image.png,[0 0 0 0 0 0 0 0 0 0 0 0 0 0 0 0 0 0 0 2 2 2 2],0
fold_2/sample_1170/image.png,[0 0 0 0 0 0 0 0 0 0 0 0 0 0 0 0 2 2],0
fold_2/sample_1171/image.png,[0 0 0 0 0 0 0 0 0 0 0 0 0 0 0 0 0 0 1 1 2 2],4
fold_2/sample_1172/image.png,[0 0 0 0 0 0 0 0 0 0 0 0 0 0 0 1 1 1],4
fold_2/sample_1173/image.png,[0 0 0 0 0 0 0 0 0 0 0 0 0 0 0 0 0 0 0 0 0 0 0 0 0 0 0 1],4
fold_2/sample_1174/image.png,[0 0 0 0 0 0 0 0 0 0 0 0 0 0 0 0 1 1 1 1 1 2 2],4
fold_2/sample_1175/image.png,[0 0 0 0 0 0 0 0 0 0 0 0 0 1 1 1 1],4
fold_2/sample_1176/image.png,[0 0 0 0 0 0 0 0 0 0 0 0 0 0 0 0 0 1 1 1 1 1 1 1 1 1 1 1 1 1],4
fold_2/sample_1177/image.png,[0 0 0 0 0 0 0 0 0 0 0 0 0 0 0 0 0 1 1 1 1 1 1 1 1 1 1 1 1 1],4
fold_2/sample_1178/image.png,[0 0 0 0 0 0 0 0 0 0 0 0 0 0 0 0 0 0 0 0 0 1 1],4
fold_2/sample_1179/image.png,[0 0 0 0 0 0 0 0 0 0 0 0 0 0 0 1 1 1 1 1 1 2 2 2 2 2],4
fold_2/sample_1180/image.png,[0 0 0 0 0 0 0 0 0 0 0 0 1 1 1 1 1 1 1 1 2 2 2],4
fold_2/sample_1181/image.png,[0 0 0 0 0 0 0 0 0 0 0 0 0 0 0 0 1 1 1 1 2],4
fold_2/sample_1182/image.png,[0 0 0 0 0 0 0 0 0 0 0 0 0 0 0 0 0 0 0 0 0 0 1],4
fold_2/sample_1183/image.png,[0 0 0 0 0 0 0 0 0 0 0 0 0 0 0 0 1 1 1 2 2 3],4
fold_2/sample_1184/image.png,"[0 0 0 0 0 0 0 0 0 0 0 0 0 0 0 0 0 0 0 0 0 0 0 0 0 0 0 0 0 0 0 0 0 0 0 0 0
 0 0 0 0 0 0 0 0 0 0 0 0 1 1 2]",4
fold_2/sample_1185/image.png,"[0 0 0 0 0 0 0 0 0 0 0 0 0 0 0 0 0 0 0 0 0 0 0 0 0 0 0 0 0 0 0 0 0 0 0 0 0
 0 0 0 0 0 0 0 0 0 0 0 0 0 0 0 0 0 0 2]",4
fold_2/sample_1186/image.png,[0 0 0 0 0 0 0 0 0 0 0 0 0 0 0 0 0 0 0 0 0 0 0 0 0 0 0 3 3 3 3 3],4
fold_2/sample_1187/image.png,"[0 0 0 0 0 0 0 0 0 0 0 0 0 0 0 0 0 0 0 0 0 0 0 0 0 0 0 0 0 0 0 0 0 0 0 0 0
 0 0 0 0 0 0 0 0 0 0 0]",4
fold_2/sample_1188/image.png,"[0 0 0 0 0 0 0 0 0 0 0 0 0 0 0 0 0 0 0 0 0 0 0 0 0 0 0 0 0 0 0 0 0 0 0 0 0
 0 0 0 0 1 1 1 1 1 1 1 1 1 1 1 1 1 2 2 2]",4
fold_2/sample_1189/image.png,"[0 0 0 0 0 0 0 0 0 0 0 0 0 0 0 0 0 0 0 0 0 0 0 0 0 0 0 0 0 0 0 0 0 0 0 0 0
 0 0 0 0 0 0 0 0]",4
fold_2/sample_1190/image.png,[1 1 1 1 1 1 1 1 1 1 1 1 2 2 2 2],4
fold_2/sample_1191/image.png,[1 1 1 1 1 1 1 1 1 1 2 2],4
fold_2/sample_1192/image.png,[1 1 1 1 1 1 1 1 1 1 1 1 1 1 1 1 1 2 2 2 2 2 2],4
fold_2/sample_1193/image.png,[1 1 1 1 1 1 1 1 1 1 1 1 2 2 2 2 2 2 2],4
fold_2/sample_1194/image.png,[0 0 0 0 0 2 2 2 2 2 2 2 2 2 2 2],1
fold_2/sample_1195/image.png,[0 0 0 0 0 0 0 0 0 2 2 2 2 2 2 2 2 2],1
fold_2/sample_1196/image.png,[0 0 0 0 0 0 0 0 0 0 0 0 0 0 0 0 1 1 1 1],1
fold_2/sample_1197/image.png,[0 0 0 0 0 0 0 0 0 1 2 2 2 2],1
fold_2/sample_1198/image.png,[0 0 0 0 0 0 0 0 0 0 0 0 1 1 1 1 2 2 2 2],1
fold_2/sample_1199/image.png,[0 0 0 0 0 0 0 0 0 0 1 2 2 2 2],1
fold_2/sample_1200/image.png,[0 0 0 0 0 0 0 0 0 0 2 2 2 2 2 2 2 2 2 2 2],1
fold_2/sample_1201/image.png,"[0 0 0 0 0 0 0 0 0 0 0 0 0 0 0 0 0 0 0 0 0 0 0 0 0 0 0 0 0 0 1 1 1 1 1 2 2
 2 2]",1
fold_2/sample_1202/image.png,[0 0 0 0 0 0 0 0 0],1
fold_2/sample_1203/image.png,[0 0 0 0 0 0 0 0 0 0 0],1
fold_2/sample_1204/image.png,[0 0 0 0 0 0 0 0 0 0 0 0 0 0 0],1
fold_2/sample_1205/image.png,[0 0 0 0 0 0 0 0 0 0 0 0 0 0],1
fold_2/sample_1206/image.png,[0 0 0 0 0 0 0 0 0 0 0 0 0 0 0 0 0 0 0 0 0 0 0 2],1
fold_2/sample_1207/image.png,[0 0 0 0 0 0 0 0 0 0 0 0 0 0 0 0 0 0 0 0],1
fold_2/sample_1208/image.png,[0 0 0 0 0 0 0 0 0 0 0 0 0 0 0 0 0 0 0 0],1
fold_2/sample_1209/image.png,[0 0 0 0 0 0 0 0 0 0 0 0 0 0 0 0 0 0],1
fold_2/sample_1210/image.png,[0 0 0 0 0 0 0 0 0 0 0 0 0 0 2 2],1
fold_2/sample_1211/image.png,[0 0 0 0 0 0 0 0 0 0 0 0 0 0 0 0 0 0 0 0 2 2 2],1
fold_2/sample_1212/image.png,[0 0 0 0 0 0 0 0 0 0 0 0 0 0 0 0 0 0 0 0 2],1
fold_2/sample_1213/image.png,[0 0 0 0 0 0 0 0 0 0 0 1 2 2 2],16
fold_2/sample_1214/image.png,[0 0 0 0 0 0 0 0 0 0 0 0 0 0 0 0 0 0 0],16
fold_2/sample_1215/image.png,[0 0 0 0 0 0 0 0 0 0 0 0 0 0 0 0 0 0 0],16
fold_2/sample_1216/image.png,[0 0 0 0 0 0 0 0 0 0 0 0 0 0 0 0 0 0 0 0 0 0 0 0 0 0 0],16
fold_2/sample_1217/image.png,[0 0 0 0 0 0 0 0 0 0 0 0 0 0 0 0 0 0 0 0 0 0 1],16
fold_2/sample_1218/image.png,[0 0 1 1 2 2 2 2 2 2 2 2 2 2 2 2 2],16
fold_2/sample_1219/image.png,[0 0 0 0 0 0 0 0 0 0 0 0 0 0 0 0 0],16
fold_2/sample_1220/image.png,[0 0 0 0 0 0 0 0 0 0 0 0 0],16
fold_2/sample_1221/image.png,[0 0 0 0 0 0 0 0 0 0 0 0 0 0 0 0 0 0 0 0 1 1 2 2 2 2 2],16
fold_2/sample_1222/image.png,[0 0 0 0 0 0 0 0 0 0 0 0 0 0 0 0 0 0 0 0 0 2],16
fold_2/sample_1223/image.png,[0 0 0 0 0 0 0 0 0 0 0 0 0 0 0 0 0 0 0 1 1 1 2 2 2 2 2],16
fold_2/sample_1224/image.png,[0 0 0 0 0 0 0 0 0 0 0 1 1 1 1 1 1 1 1 1 2 2 2],16
fold_2/sample_1225/image.png,[0 0 0 0 0 0 0 0 0 0 0 0 0 0 0 0 0 1 1 1 2 2 2 2 2],16
fold_2/sample_1226/image.png,[0 0 0 0 0 0 0 0 0 0 0 0 0 0 0 2 2 2 2 2 2 2 2 2],16
fold_2/sample_1227/image.png,[0 0 0 0 0 0 0 2 2 2 2 2 2 2 2 2 2 2 2 2 2 2 2 2],16
fold_2/sample_1228/image.png,[0 0 0 0 0 1 1 2 2 2 2 2 2 2 2 2 2 2 2 2],16
fold_2/sample_1229/image.png,[0 0 0 0 0 0 0 0 0 0 0 0 0 0 1 1 1 2 2 2 2 2 2],16
fold_2/sample_1230/image.png,[0 0 0 0 0 0 0 0 0 0 0 0 0 0 0 0 1 1 1 1 1 2 2 2 2 2 2 2 2 2 2 2],16
fold_2/sample_1231/image.png,[2 2 2 2 2 2 2 2 2 2 2 2],16
fold_2/sample_1232/image.png,[0 0 0 1 1 1 1 2 2 2 2 2 2 2 2 2 2 2 2 2],16
fold_2/sample_1233/image.png,[1 1 1 1 1 1 1 1 1 1 1 2 2 2 2 2 2 2 2 2 2 2 2],16
fold_2/sample_1234/image.png,[1 1 1 2 2 2 2 2 2 2 2 2 2 2 2 2 2 2],16
fold_2/sample_1235/image.png,[0 1 1 1 1 1 1 1 1 1 1 2 2 2 2 2 2 2 2 2 2],16
fold_2/sample_1236/image.png,[1 1 1 1 1 1 1 1 1 1 1 1 1 2 2 2 2 2 2 2 2 2 2 2 2],16
fold_2/sample_1237/image.png,[1 2 2 2 2 2 2 4 4 4 4 4 4 4 4 4 4 4 4 4 4 4 4 4 4 4 4 4 4 4 4 4],16
fold_2/sample_1238/image.png,[2 2 2 2 4 4 4 4 4 4 4 4 4 4 4 4 4 4 4 4 4 4 4 4 4 4 4 4 4 4 4],16
fold_2/sample_1239/image.png,[1 1 1 2 2 2 2 2 2 2 2 2 2 2 2 2 4 4 4 4 4 4 4 4 4 4 4 4 4 4 4 4 4 4 4],16
fold_2/sample_1240/image.png,[1 1 1 1 2 2 2 2 2 2 2 4 4 4 4 4 4 4 4 4 4 4 4 4 4 4 4 4],16
fold_2/sample_1241/image.png,[],16
fold_2/sample_1242/image.png,[2 2 2 2 2 2 2 2 4 4 4 4 4 4 4 4 4 4 4 4 4 4 4 4 4 4 4 4],16
fold_2/sample_1243/image.png,[4 4 4],16
fold_2/sample_1244/image.png,[4 4 4 4 4 4 4 4 4],16
fold_2/sample_1245/image.png,[2 2 4],16
fold_2/sample_1246/image.png,[1 2 2 4 4 4 4 4 4 4 4 4 4 4 4 4 4 4 4 4 4 4 4 4 4 4],16
fold_2/sample_1247/image.png,[1 2 2 2 2 2 2 2 4 4 4 4 4 4 4 4 4 4 4 4 4 4 4 4 4 4 4 4 4 4 4 4],16
fold_2/sample_1248/image.png,[],16
fold_2/sample_1249/image.png,[],16
fold_2/sample_1250/image.png,[4],16
fold_2/sample_1251/image.png,"[1 1 1 1 2 2 2 2 2 2 2 2 2 2 2 2 2 2 2 2 2 2 2 2 2 2 2 4 4 4 4 4 4 4 4 4 4
 4 4 4]",16
fold_2/sample_1252/image.png,[1 1 1 1 1 1 1 1 1 2 2 2 2 2 2 2 2 2 2 2 2 2 2 4 4 4 4 4 4 4 4 4 4 4 4 4 4],16
fold_2/sample_1253/image.png,[1 1 1 1 1 1 1 1 1 1 2 2 2 2 2 2 2 2 2 2 2 2 2 2 2],16
fold_2/sample_1254/image.png,[2 2 2 2 2 2 2 2 2 2 2 4 4 4 4 4 4 4 4 4 4 4 4],16
fold_2/sample_1255/image.png,[4 4],16
fold_2/sample_1256/image.png,[2 2 2 2 2 4 4 4 4 4],16
fold_2/sample_1257/image.png,[1 2 2 2 2 2 2 2 2 2 4 4 4 4 4 4 4 4 4 4 4 4 4 4 4 4 4 4 4 4 4 4 4 4],16
fold_2/sample_1258/image.png,"[1 1 1 1 1 1 1 1 1 1 1 1 1 1 1 1 1 2 2 2 2 2 2 2 2 2 2 2 2 2 2 2 2 2 2 2 2
 2 2 2 2]",16
fold_2/sample_1259/image.png,"[0 1 1 1 1 1 1 1 1 1 1 1 1 1 1 1 1 1 1 1 1 1 1 1 1 2 2 2 2 2 2 2 2 2 2 2 2
 2]",16
fold_2/sample_1260/image.png,"[1 1 1 1 1 1 1 1 1 1 1 1 1 1 1 1 2 2 2 2 2 2 2 2 2 2 2 2 2 2 2 2 2 2 2 2 2
 2 2 2 2 2 2 2]",16
fold_2/sample_1261/image.png,"[0 0 0 0 0 0 0 0 0 1 1 1 1 1 1 1 1 1 1 1 1 1 1 1 1 1 1 2 2 2 2 2 2 2 2 2 2
 2 2 2 2 2 2 2 2]",16
fold_2/sample_1262/image.png,[1 1 1 1 2 2 2 2 2 2 2 2 2 2],16
fold_2/sample_1263/image.png,"[2 2 2 2 2 2 2 2 2 2 2 2 2 2 2 2 2 2 2 2 2 2 4 4 4 4 4 4 4 4 4 4 4 4 4 4 4
 4]",16
fold_2/sample_1264/image.png,[2 2 2 2 2 2 2 2 2 2 2 2 2 2 2 2 2 2 2 2 4 4 4],16
fold_2/sample_1265/image.png,[0 0 0 0 0 0 0 0 0 0 0 0 0 0 0 0 0 0 0 0 0 0 0 0 2 3 3 3 3],1
fold_2/sample_1266/image.png,[0 0 0 0 0 0 0 0 0 0 0 0 0 0 0 0 0 0 0 2 2 2 2 2 3 3],1
fold_2/sample_1267/image.png,[2 2 2 2 2 2],1
fold_2/sample_1268/image.png,[0 0 0 0 0 0 0 0 0 0 0 0 0 0 2 2 2 2 2 2 2 2 2],1
fold_2/sample_1269/image.png,[0 0 0 0 0 0 0 0 0 0 0 0 0 0 0 0 0 0 0 0 0 0 0 0 0 0 0 0 0 2 2 2 2 2 2 2],1
fold_2/sample_1270/image.png,[0 0 0 0 0 0 0 0 2 2 2 2],1
fold_2/sample_1271/image.png,[0 0 2 2 2 2 2 2 2 2 2 2 2 2 2 2],1
fold_2/sample_1272/image.png,[2 2 2 2 2 2 2 2 2 2],1
fold_2/sample_1273/image.png,[0 2 2 2 2 2 2 2 2],1
fold_2/sample_1274/image.png,[0 2 2 2 2 2 2 2 2 2 2 2 2 2],1
fold_2/sample_1275/image.png,[2 2 2 2 2 2 2 2 2 2],1
fold_2/sample_1276/image.png,[0 0 0 0 0 0 0 0 0 0 0 0 2 2 2 2 2 2 2 2],1
fold_2/sample_1277/image.png,[2 2 2 2 2 2],1
fold_2/sample_1278/image.png,[2 2 2 2 2],1
fold_2/sample_1279/image.png,[2 2],1
fold_2/sample_1280/image.png,[2 2 2 2 2 2 2 2 2 2 2 2 2 2 2 2 2 2 2 2 2 2 2 2 2 2 2],1
fold_2/sample_1281/image.png,[1 1 1 1 1 1 1 1 2 2 2 2 2 2 2 2 2 2 2 2 2 2 2 2 2 2],1
fold_2/sample_1282/image.png,[0 0 0 0 0 0 0 0 0 0 0 1 1 1 1 1 1 1 2 2 2 2 2 2 2 2 2 2 2 2 2 2 2],1
fold_2/sample_1283/image.png,[0 0 0 0 0 0 0 0 0 0 0 0 0 0 0 1 1 1 1 2 2 2 2 2 2 2 2 2 2 2 2],1
fold_2/sample_1284/image.png,"[0 0 0 0 0 0 0 1 1 1 1 1 1 1 1 1 1 1 1 1 1 1 1 1 1 2 2 2 2 2 2 2 2 2 2 2 2
 2]",1
fold_2/sample_1285/image.png,"[1 1 1 1 1 1 1 1 1 1 1 1 1 1 1 1 1 1 1 1 1 1 1 1 1 1 1 1 1 1 2 2 2 2 2 2 2
 2 2 2 2 2 2]",1
fold_2/sample_1286/image.png,"[0 0 0 0 0 0 0 0 0 0 0 0 0 0 0 0 0 0 0 0 0 0 0 0 0 0 0 0 0 0 0 0 0 0 0 0 0
 0 0 0 0 0 1]",1
fold_2/sample_1287/image.png,"[0 0 0 1 1 1 1 1 1 1 1 1 1 1 1 1 1 1 1 1 1 1 1 1 1 1 1 1 1 1 1 1 2 2 2 2 2
 2 2 2 2]",1
fold_2/sample_1288/image.png,[0 0 0 0 0 0 1 1 2 2 2 2 2 2 2 2 2 2 2 2 2 2 2 2 2 2],1
fold_2/sample_1289/image.png,[0 0 0 0 0 0 0 0 0 0 0 0 0 0 0 2 2 2],1
fold_2/sample_1290/image.png,"[0 0 0 0 0 0 0 0 0 0 0 0 0 0 0 0 0 0 0 0 0 0 0 0 0 0 0 0 0 0 0 0 0 0 0 0 0
 0 0 0 0 1 1 2 2 2 2]",1
fold_2/sample_1291/image.png,"[0 0 0 0 0 0 0 0 0 0 0 0 0 0 0 0 0 0 0 1 1 1 1 1 1 1 1 1 1 1 1 1 1 1 1 1 1
 1 1 1 1 2 2 2 2 2]",1
fold_2/sample_1292/image.png,"[1 1 1 1 1 1 1 1 1 1 1 1 1 1 1 1 1 1 1 1 1 1 1 1 1 1 1 1 1 1 1 1 1 1 1 1 1
 1 1 1 1 1 2 2 2 2 2 2 2 2 2 2 2 2 2 2]",1
fold_2/sample_1293/image.png,"[1 1 1 1 1 1 1 1 1 1 1 1 1 1 1 1 1 1 1 1 1 1 1 1 2 2 2 2 2 2 2 2 2 2 2 2 2
 2]",1
fold_2/sample_1294/image.png,[0 0 0 0 0 0 0 0 1 1 1 1 1 1 1 1 1 1 1 1 1 1 1 1 1 1 1 1 2 2 2],1
fold_2/sample_1295/image.png,"[1 1 1 1 1 1 1 2 2 2 2 2 2 2 2 2 2 2 4 4 4 4 4 4 4 4 4 4 4 4 4 4 4 4 4 4 4
 4 4 4 4 4 4 4 4 4 4]",5
fold_2/sample_1296/image.png,"[1 1 1 1 1 1 1 1 1 1 1 1 1 1 1 1 1 1 1 1 1 1 2 2 2 2 2 2 2 2 2 2 2 2 2 2 2
 2 4 4 4 4 4 4 4 4 4 4 4 4 4 4 4 4 4 4 4 4 4 4 4 4 4 4 4 4 4 4 4 4 4]",5
fold_2/sample_1297/image.png,"[0 0 0 0 0 0 0 0 0 0 0 0 0 0 0 0 0 0 0 0 0 0 0 0 0 0 0 0 0 0 0 0 0 0 0 0 0
 0 0 0 0 0 0 0 0 0 0 0 0 0 0 0 0 0 0 0 0 0 0 0 0 0 0 0 0 0 0 0 0 0 0 0 0 0
 0 0 0 0 0 0 0 1]",5
fold_2/sample_1298/image.png,"[0 0 0 0 0 0 0 0 0 0 0 0 0 0 0 0 0 0 0 0 0 0 0 0 0 0 0 0 0 0 0 0 0 0 0 0 0
 0 0 0 0 0 0 0 3 3 3 3 3 3 3 3 3 3 3 3 3 3 3 3 3 3 3 3]",5
fold_2/sample_1299/image.png,"[0 0 0 0 0 0 0 0 0 0 0 0 0 0 0 0 0 0 0 0 0 0 0 0 0 0 0 0 0 0 0 0 0 0 0 0 0
 0 0 0 0 0 0 0 0 0 1 1 1 1 2 2 2 2 2 2 2 2 2 2 2 2 3]",5
fold_2/sample_1300/image.png,[4 4 4 4 4 4 4 4 4 4],5
fold_2/sample_1301/image.png,"[1 1 1 2 2 2 2 2 2 2 2 2 4 4 4 4 4 4 4 4 4 4 4 4 4 4 4 4 4 4 4 4 4 4 4 4 4
 4 4]",5
fold_2/sample_1302/image.png,"[1 1 1 1 1 1 1 1 1 1 1 1 1 1 1 1 1 1 1 1 1 1 1 1 1 1 1 1 1 1 1 1 1 1 1 1 1
 1 1 1 1 1 1 1 1 1 1 1 1 2 2 2 2 2 2 2 2 2 2 2 2 2 2 2 2 2 2 2 2 2 2 2 2 2
 2 2 2 2 2 2 2 2 2 2 2 2 2 2 2 2 2 2 2 2 2 2 2 2 2 2 2 2 2 2 2 2 2 2 2 2]",5
fold_2/sample_1303/image.png,[1 2 2 2 2 2 2],5
fold_2/sample_1304/image.png,"[1 1 1 1 1 1 1 1 1 1 1 1 1 1 1 1 1 1 1 1 1 1 1 1 1 1 1 1 1 1 1 1 1 1 1 1 1
 1 1 1 1 1 1 1 1 1 1 1 1 1 1 1 1 1 1 1 1 1 1 1 1 1 2 2 2 2 2 2 2 2 2 2 2 2
 2 2 2 2 2 2 2 2 2 2 2 2 2 2 2 2 2 2 2 2 2 2 2 2 2 2 2 2 2 2 2 2 2 2 2 2 2
 2 2 2 2 2 2 2 2 2 2 2 2 2 2 2 2 2 2 2 2 2]",5
fold_2/sample_1305/image.png,[1 1 1 1 1 1 2 2 2 2 2 2 2 2 2 2 2 2 2 2 2 2 2 2 2 2 2 2 2 2 2 2],5
fold_2/sample_1306/image.png,"[0 0 0 0 0 0 0 0 0 0 0 0 0 0 0 0 0 0 0 0 0 0 0 0 0 0 0 0 0 0 0 0 0 0 0 0 0
 0 0 0 0 0 0 0 0 0 0 0 0 0 0 0 0 0 0 0 0 0 0 0 0 0 0 0 0 0 0 0 0 0 0 0 0 0
 0 0 0 0 1]",5
fold_2/sample_1307/image.png,"[0 0 0 0 0 0 0 0 0 0 0 0 0 0 0 0 0 0 0 0 0 0 0 0 0 0 0 0 0 0 0 0 0 0 0 0 0
 0 0 0 0 0 0 0 0 0 0 0 0 0 0 0 0 0 0 0 1 2 2 2 2 2 2 2 2 2 2 2 2 2 2 2 2 2
 2 2 2]",5
fold_2/sample_1308/image.png,"[0 0 0 0 0 0 0 0 0 0 0 0 0 0 0 0 0 0 0 0 0 0 0 0 0 0 0 0 0 0 0 0 0 0 0 0 0
 0 0 0 0 0 0 0 0 0 1 1 1 1 2 2 2 2 2 2 2 2 2 2 2 2 2 2 2 2 2 2 2 2 2 2 2 2
 2 2 2 2]",5
fold_2/sample_1309/image.png,"[1 1 2 2 2 2 2 2 2 2 2 2 2 2 2 2 2 2 2 2 2 2 2 2 2 2 2 2 2 2 2 2 2 2 2 2 2
 2 2 2 2 2 2 2 2 2 2 2 2 2 2 2 2 2 2]",5
fold_2/sample_1310/image.png,"[1 1 1 1 2 2 2 2 2 2 2 2 2 2 2 2 2 2 2 2 2 2 2 2 2 2 2 2 2 2 2 2 2 2 2 2 2
 2 2 2 2 2]",5
fold_2/sample_1311/image.png,[1 1 1 1 1 1 1 2 2 2 2 2 2 2 2 2 2 2 2 2 2 2 2 2 2 2 2 2 2 2 2],5
fold_2/sample_1312/image.png,[0 0 0 0 0 0 0 0 0 0 0 0 0 0 0 0 0 0 0 0 0 0 0 0 3],5
fold_2/sample_1313/image.png,"[0 0 0 0 0 0 0 0 0 0 0 0 0 0 0 0 0 0 0 0 0 0 0 0 0 0 0 0 0 0 1 1 2 2 2 2 2
 2 2]",5
fold_2/sample_1314/image.png,"[0 0 0 0 0 0 0 0 0 0 0 0 0 0 0 0 0 0 0 0 0 0 0 0 0 0 0 0 0 0 0 0 0 0 0 0 0
 0 0 0 0 0 0 0]",5
fold_2/sample_1315/image.png,"[0 0 0 0 0 0 0 0 0 0 0 0 0 0 0 0 0 0 0 0 0 0 0 0 0 0 0 0 0 0 0 0 0 0 0 0 0
 0 0 0 0 0 0]",5
fold_2/sample_1316/image.png,[0 0 0 0 0 0 0 0 0 0 0 0 0 0 0 0 0 0 0 0 0 0 0 0 0 0 3],5
fold_2/sample_1317/image.png,"[0 0 0 0 0 0 0 0 0 0 0 0 0 0 0 0 0 0 0 0 0 0 0 0 0 0 0 0 0 0 0 0 0 0 0 0 0
 0 0 0 0 0 0 1]",5
fold_2/sample_1318/image.png,[0 0 0 0 0 0 0 0 0 0 0 0 0 0 0 0 0 0 1 2 2 2],5
fold_2/sample_1319/image.png,"[0 0 0 0 0 0 0 0 0 0 0 0 1 1 1 1 1 1 1 1 1 1 1 2 2 2 2 2 2 2 2 2 2 2 2 2 2
 2 2 2 2 2 2 2 2 2 2 2 2 2 2 2 2 2 2 2 2 2]",5
fold_2/sample_1320/image.png,[1 1 1 1 1 1 1 2 2 2 2 2 2 2 2 2 2 2 2 2 2 2 2 2 2],5
fold_2/sample_1321/image.png,[1 1 1 1 1 1 2 2 2 2 2 2 2 2 2 2 2 2 2 2],5
fold_2/sample_1322/image.png,[1 1 1 1 1 1 1 1 1 1 2 2 2 2 2 2 2 2 2 2 2 2 2 2 2 2 2 2],5
fold_2/sample_1323/image.png,"[1 1 1 1 1 1 1 1 2 2 2 2 2 2 2 2 2 2 2 2 2 2 2 2 2 2 2 2 2 2 2 2 2 2 2 2 2
 2 2 2 2 2 2]",5
fold_2/sample_1324/image.png,[1 2 2 2 2 2 2],5
fold_2/sample_1325/image.png,[2 2 2 2 2 2 2 2 2 2 2 2],5
fold_2/sample_1326/image.png,"[0 0 0 0 0 0 0 0 0 0 0 0 0 0 0 0 0 0 0 0 0 0 0 0 0 0 0 0 0 0 0 0 0 0 0 0 0
 0 0 0 0 0 0 0 0 0 0 0 0 0 0 0 0 0 0 0 0 0 0 0 0 0 0 0 0 0 0 0 0 0 0 0 0 0
 0 0 0 0 0 0 0 0 0 0 0 0 0 0 0 0 0 0 0 0 0 0 0 0 0 0 0 0 0]",5
fold_2/sample_1327/image.png,"[0 0 0 0 0 0 0 0 0 0 0 0 0 0 0 0 0 0 0 0 0 0 0 0 0 0 0 0 0 0 0 0 0 0 0 0 0
 0 0 0 0 0 0 0 0 0 0]",5
fold_2/sample_1328/image.png,[0 0 0 0 0 0 0 0 0 0 0 0],5
fold_2/sample_1329/image.png,[1 1 1 1 1 1 1 1 2 2 2 2 2 2 2 2 2 2 2],5
fold_2/sample_1330/image.png,[1 1 1 2 2 2 2 2 2 2 2 2 2 2 2 2 2 2 2 2 2 2 2 2 2 2 2 2],5
fold_2/sample_1331/image.png,[1 1 2 2 2 2 2 2 2 2 2 2 2 2 2 2 2 2 2 2 2 2 2 2 2 2 2 2 2 2 2 2 2 2 2 2],5
fold_2/sample_1332/image.png,[0 0 0 0 0 0 0 0 0 0 0 0 0 0 0 0 0 0 0 0 0 0 0 0 0 0 2 2 2 2],0
fold_2/sample_1333/image.png,[0 0 0 0 0 0 0 0 0 0 0 0 0 0 0 0 0 0 0 0 0 0 0 0 0 0 0 0 0 0 0 0 2],0
fold_2/sample_1334/image.png,[0 0 0 0 0 0 0 0 0 0 0 0 0 0 0 0 0 0 0 0 0 0 0 0 0 1],0
fold_2/sample_1335/image.png,[0 0 0 0 0 0 0 0 0 0 0 0 0 0 0 0 0 0 0 0 0 0 0 0 0 0 0 0 0 0 0 0 0 0 0 0 0],0
fold_2/sample_1336/image.png,[0 0 0 0 0 0 0 0 0 0 0 0 0 0 0 0 0 0 0 0 0 0 0 0 0 2 2 2 2],0
fold_2/sample_1337/image.png,[1 1 1 2 2 2 2 2 2 2 2 2 2 2 2 2 2 2 2],0
fold_2/sample_1338/image.png,[1 2 2 2 2 2 2 2 2 2],0
fold_2/sample_1339/image.png,[2 2 2 2 2 2 2 2 2 2 2 2 2 2],0
fold_2/sample_1340/image.png,[1],0
fold_2/sample_1341/image.png,[2 2],0
fold_2/sample_1342/image.png,[0 0 0 0 0 0 0 0],0
fold_2/sample_1343/image.png,[0 0 0 0 0 0 0 0 0 0 0 0 0 0 0 0 0 0 0 0 0 0 0 0 0],0
fold_2/sample_1344/image.png,[0 0 0 0 0 0 2 2 2],0
fold_2/sample_1345/image.png,[0 0 0 0 0 0 0 0 0 0 0 0 2 2],0
fold_2/sample_1346/image.png,[0 0 0 0 0 0 0 0 0 0 0 0 0 0 0 0 0 0 0 0],0
fold_2/sample_1347/image.png,[0 0 0 0 0 0 0 0 0 0 0 0 0 0 0 0 0 0 0 0 0 0 0 0 0 0 0 0 0 0 0],0
fold_2/sample_1348/image.png,[0 0 0 0 0 0 0 0 0 0 0 0 0 0 0 0 0 0 0 0 0 0 0 0 0 0 0 0 0 0 0 0 0],0
fold_2/sample_1349/image.png,[0 0 0 0 0 0 0 0 0 0 0 0 0 0 0 0 0],0
fold_2/sample_1350/image.png,[0 0 0 0 0 0 0 0 0 0 0 0 0 0 0 0 0 0 0 0 0 0 0],0
fold_2/sample_1351/image.png,[0 0 0 0 0 0 0 0 0 0 0 0 0 0 0 2 2 2],0
fold_2/sample_1352/image.png,[4 4 4 4 4 4 4 4],0
fold_2/sample_1353/image.png,[4 4 4 4 4 4],0
fold_2/sample_1354/image.png,[2 2 4 4 4 4 4 4 4 4],0
fold_2/sample_1355/image.png,[2 4],0
fold_2/sample_1356/image.png,[2 2 2 2 2],0
fold_2/sample_1357/image.png,[2 2 2 2 2 2],0
fold_2/sample_1358/image.png,[2 2 2],0
fold_2/sample_1359/image.png,[2 2 2 2 2 2 2 2 2 2 2 2 2 2 2],0
fold_2/sample_1360/image.png,[2 2 2 2 2],0
fold_2/sample_1361/image.png,[2 2 2 2],0
fold_2/sample_1362/image.png,[2 2 2 2 2 2 2],0
fold_2/sample_1363/image.png,[2 2 2 2 2 2 2],0
fold_2/sample_1364/image.png,[0 0 0 0 0 0 0 0 0 0 0],0
fold_2/sample_1365/image.png,[0 0 0 0 0 0 2],0
fold_2/sample_1366/image.png,[0 0 0 0 2 2 2 2 2 2 2 2 2 2],0
fold_2/sample_1367/image.png,[0 0 0 0 0 0 0 0 0 0 2 2],0
fold_2/sample_1368/image.png,[0 0 0 0 0 0 0 0 0],0
fold_2/sample_1369/image.png,[2 2],0
fold_2/sample_1370/image.png,[0 0 0 0 0 0 0 0 0 0 0 0 0 0 0 0 0 0 0 2 2 2 2 2],0
fold_2/sample_1371/image.png,[0 0 0 0 0 0 0 0 0 0 0 0 0 0 0 1 1],0
fold_2/sample_1372/image.png,[0 0 0 0 0 0 0 0 0 0 0 0 0 0 0 0 0 1 1 1 2],0
fold_2/sample_1373/image.png,[0 0 0 0 0 0 0 0 0 0 0 0 0 0 0 0 0 0 0 0 0 2 2 2 2 2],0
fold_2/sample_1374/image.png,[0 0 0 0 0 0 0 0 0 0 0 0 0],0
fold_2/sample_1375/image.png,[0 0 0 0 0 0 0 0 0 0 1 2],0
fold_2/sample_1376/image.png,[0 0 0 0 0 0 0 0 0 0 0 0 0 0 0 0 2 2],0
fold_2/sample_1377/image.png,[0 0 0 0 0 0 0 0 0 0],0
fold_2/sample_1378/image.png,[0 0 0 0 0 0 0 0 0 1 1 1 2 2 2],0
fold_2/sample_1379/image.png,[0 0 0 0 0 0 0 0 0 0 1 2],0
fold_2/sample_1380/image.png,[0 0 0 0 0 0 0 0 0 0 0 2],0
fold_2/sample_1381/image.png,[0 0 0 0 0 0 0 0 0 0 0 2 2 2 2 2 2],0
fold_2/sample_1382/image.png,[0 0 0 0 0 0 0 0 0 0 0 0 0 0 1 1 2],0
fold_2/sample_1383/image.png,[0 0 0 0 0 0 0 0 0 0 0 0 0 0 2 2 2 2],0
fold_2/sample_1384/image.png,[0 0 0 0 0 0 0 0 0 0 0 2 2 2 2 2 2 2],0
fold_2/sample_1385/image.png,[0 0 0 0 0 0 0 0 0 2 2 2 2 2 2 2 2 2 2],0
fold_2/sample_1386/image.png,[0 0 0 0 0 0 0 0 0 0 0 0 0 0 1 1 2 2 2 2 2 2 2 2 2],0
fold_2/sample_1387/image.png,[0 0 0 0 0 0 0 0 0 0 0 0 0 0 0 0 1 2 2 2 2 2 2 2 2 2 2],0
fold_2/sample_1388/image.png,[0 0 0 0 0 0 2],0
fold_2/sample_1389/image.png,[1 1 1 1 2],0
fold_2/sample_1390/image.png,[1 1],0
fold_2/sample_1391/image.png,[1 1 1 1 1 2 2 2 2 2 2 2 2 2],0
fold_2/sample_1392/image.png,[1 1 1 1 1 2 2 2 2],0
fold_2/sample_1393/image.png,[0 0 0 0 2 2 2 2 2 2 2 2 2 2],0
fold_2/sample_1394/image.png,[0 0 0 0 0 1 2 2 2 2 2 2 2 2 2 2],0
fold_2/sample_1395/image.png,[0 0 0 0 2 2 2 2 2 2],0
fold_2/sample_1396/image.png,[2],0
fold_2/sample_1397/image.png,[0 0 0 0 0 0 0 0],0
fold_2/sample_1398/image.png,[0 0 0 0 0 2 2 2 2 2],0
fold_2/sample_1399/image.png,[2 2],1
fold_2/sample_1400/image.png,[2 2 2 2 2],1
fold_2/sample_1401/image.png,[2 2 2 2 2 2 2 2],1
fold_2/sample_1402/image.png,[2],1
fold_2/sample_1403/image.png,[],1
fold_2/sample_1404/image.png,[],1
fold_2/sample_1405/image.png,[1 1 1 1 1 1 1 2 2 2 2 2 2 2 2 2 2 2 2 2 2 2 2 2 2],1
fold_2/sample_1406/image.png,"[1 1 1 1 1 1 2 2 2 2 2 2 2 2 2 2 2 2 2 2 2 2 2 2 2 2 2 4 4 4 4 4 4 4 4 4 4
 4]",1
fold_2/sample_1407/image.png,[1 1 1 1 1 1 1 1 1 1 1 1 2 2 2 2 2 2 2 2 2 2 4 4 4 4 4 4 4 4 4 4 4],1
fold_2/sample_1408/image.png,[1 2 2 2 2 2 2 2 2 2 2 2 2 2 2 2 2 4 4 4 4 4 4 4 4 4 4 4 4],1
fold_2/sample_1409/image.png,"[1 1 1 1 1 1 1 1 1 1 1 1 1 1 1 1 1 1 2 2 2 2 2 2 2 2 2 2 2 2 2 2 2 2 4 4 4
 4 4 4 4 4 4 4 4]",1
fold_2/sample_1410/image.png,[1 1 1 1 1 1 1 2 2 2 2 2 2 2 2 2 2 2 2 2],1
fold_2/sample_1411/image.png,[1 1 1 1 1 1 1 1 1 2 2 2 2 2 2 2 2 2 2 2 2 2 2 2 2 2 2],1
fold_2/sample_1412/image.png,[1 1 1 1 2 2 2 2 2 2 2 2 2 2 2 2 2 2 2 2 2],1
fold_2/sample_1413/image.png,[0 1 1 2 2 2 2 2 2 2 2 2 2 2 2],1
fold_2/sample_1414/image.png,[0 1 2 2 2 2 2 2 2],1
fold_2/sample_1415/image.png,[0 0 1 1 1 1 1 2 2 2 2 2 2 2 2 2 2],1
fold_2/sample_1416/image.png,[0 0 0 0 0 0 0 1 1 2 2 2 2 2 2],1
fold_2/sample_1417/image.png,[0 0 0 2 2 2 2 2 2 2 2 2 2 2 2 2 2 2 2],1
fold_2/sample_1418/image.png,[1 2 2 2 2 2 2 2 2 2 2 2 2 2 2 2 2 2 2 2 2 2 2 2],1
fold_2/sample_1419/image.png,[2 2 2 2 2 2],1
fold_2/sample_1420/image.png,[2 2 2 2 2 2 2 2 2 2],1
fold_2/sample_1421/image.png,[1 1 1 2 2 2 2 4 4 4 4 4 4 4 4],1
fold_2/sample_1422/image.png,[1 1 1 2 4 4 4 4 4 4 4 4 4 4 4 4 4],1
fold_2/sample_1423/image.png,[1 2 2 2 2 2 4 4 4 4 4 4 4 4 4 4 4],1
fold_2/sample_1424/image.png,[2 2 2 2 2 2 2 2 2 2 2],1
fold_2/sample_1425/image.png,[1 1 1 1 1 2 2 2 2 2],1
fold_2/sample_1426/image.png,[1 1 2 2 2 2 2 2 2 2 2 2 2 2 2 2 2 2 2],1
fold_2/sample_1427/image.png,[1 1 1 1 1 1 1 1 1 1 1 1 1 1 1 2 2 2 2 2 2 2 2 2 2 2 2 2 2 2],1
fold_2/sample_1428/image.png,[1 1 1 1 1 2 2 2 2 2 2 2 2 2 2 2 2 2 2 2 2 2 2 2 2 2 2],1
fold_2/sample_1429/image.png,[1 1 1 1 1 2 2 2 2 2 2 2 2 2 2 2 2 2 2 2 2 2 2],1
fold_2/sample_1430/image.png,[0 0 0 0 0 0 0 0 0 0 0 0 0 0 0 2 2 2 2 2 2 2 2 2],1
fold_2/sample_1431/image.png,[0 0 0 0 0 0 0 0 0 0 0 0 0 0 0 0 1 1 2 2 2 2 2 2 2 2 2 2 2 2 2 2],1
fold_2/sample_1432/image.png,[0 0 0 0 0 0 0 0 0 0 0 0 0 0 0 0 0 0 0 0 0 1 2 2 2 2 2 2 2 2 2 2 2 2 2 2 2],1
fold_2/sample_1433/image.png,[0 0 0 0 0 0 0 0 0 0 0 0 0 0 0 0 0 0 0 0 0 0 1 2 2 2 2 2 2 2 2],1
fold_2/sample_1434/image.png,[],1
fold_2/sample_1435/image.png,[],1
fold_2/sample_1436/image.png,[],1
fold_2/sample_1437/image.png,"[0 0 0 0 0 0 0 0 0 0 0 0 0 0 0 0 0 0 1 1 1 1 1 1 1 1 1 2 2 2 2 2 2 2 2 2 2
 2 2 2 2 2]",1
fold_2/sample_1438/image.png,[0 0 0 0 0 0 0 0 0 0 0 0 0 0 0 0 0 0 0 0 1 1 1 1 1 1 2 2 2 2 2 2 2 2 2],1
fold_2/sample_1439/image.png,[0 0 0 0 0 0 0 0 0 0 0 0 0 0 0 0 0 0 0 0 0 0 0 0 0 0 1],1
fold_2/sample_1440/image.png,[],1
fold_2/sample_1441/image.png,[2 2 2],1
fold_2/sample_1442/image.png,[2 2],1
fold_2/sample_1443/image.png,[1 1 2 2 2 2],1
fold_2/sample_1444/image.png,[2 2],1
fold_2/sample_1445/image.png,[0 0 0 0 0 0 0 1 1 1 1 1 1 1 1 1 2 2 2 2 2],1
fold_2/sample_1446/image.png,"[0 0 0 0 0 0 0 1 1 1 1 1 1 1 1 1 1 1 1 1 1 1 1 1 1 1 1 1 1 1 1 1 1 1 1 1 1
 2 2 2 2 2 2 2 2 2 2 2 2 2]",1
fold_2/sample_1447/image.png,[0 0 0 0 0 1 2 2 2 2 2 2 2 2 2 2 2],1
fold_2/sample_1448/image.png,"[0 1 1 1 1 1 1 1 1 1 1 1 1 1 1 1 1 1 1 1 1 1 1 1 1 1 1 1 1 1 1 1 1 1 1 1 1
 2 2 2 2 2 2 2 2 2 2 2 2 2 2 2]",1
fold_2/sample_1449/image.png,[1 1 2 2 2 2 2 2 2 2 2 2 2 2 2 2 2 2],1
fold_2/sample_1450/image.png,[1 1 2 2 2 2 2 2 2 4 4 4 4 4 4 4 4 4 4 4],1
fold_2/sample_1451/image.png,[1 1 1 1 1 1 2 2 2 2 2 2 2 2 2 2],1
fold_2/sample_1452/image.png,[1 1 2 2 2 2 2 2 2 2 4 4 4 4 4 4 4 4 4 4 4 4],1
fold_2/sample_1453/image.png,[0 0 0 0 0 0 0 0 1 1 1 1 2 2 2 2 2 2 2 2 2 2],2
fold_2/sample_1454/image.png,[0 0 0 0 0 0 0 0 0 0 0 0 0 0 0 0 0 0 0 1 2 2 2 2],2
fold_2/sample_1455/image.png,[0 0 0 0 0 0 0 0 0 0 0 0 0 0 0 2 2 2 2 2 2 2 2 2 2],2
fold_2/sample_1456/image.png,[0 0 0 0 0 0 0 0 0 0 0 0 0 0 0 0 0 0 0 0 0 0 1 1 2 2],2
fold_2/sample_1457/image.png,[0 0 0 0 0 0 0 0 0 0 0 0 0 0 0 0 0 0 0 0 2 2 2],2
fold_2/sample_1458/image.png,[0 0 0 0 0 0 0 1 2 2 2 2 2 2 2 2 2 2 2 2 2 2 2 2 2 2 2 2 2 2 2],2
fold_2/sample_1459/image.png,[0 0 0 0 0 0 0 0 0 0 0 0 0 0 0 0 0 0 0 0 1 2 2],2
fold_2/sample_1460/image.png,[2 2 2 2 2 2 2 2 2 2 2 2 2 2 2 2 2 2 2],2
fold_2/sample_1461/image.png,[1 1 1 1 2 2 2 2 2 2 2 2 2 2 2 2 2 2 2 2 2 2 2 2 2 2 2 2 2 2 2 2 2 2 2],2
fold_2/sample_1462/image.png,[0 0 0 0 0 0 0 0 0 1 1 1 1 1 2 2 2 2 2 2 2 2 2 2 2 2 2 2 2 2 2 2 2 2 2 2 2],2
fold_2/sample_1463/image.png,[1 1 1 2 2 2 2 2 2 2 2 2 2 2 2 2 2 2 2 2 2 2 2 2 2 2 2 2 2 2 2],2
fold_2/sample_1464/image.png,[1 1 1 2 2 2 2 2 2 2 2 2 2 2 2 2 2 2 2 2 2 2 2 2 2 2],2
fold_2/sample_1465/image.png,[1 1 1 1 1 1 1 1 2 2 2 2 2 2 2 2 2 2 2 2 2 2 2 2 2 2 2 2 2 2],2
fold_2/sample_1466/image.png,[1 1 1 2 2 2 2 2 2],2
fold_2/sample_1467/image.png,[1 2 2 2 2 2 2 2 2 2 2 2 2 2 2 2 2 2],2
fold_2/sample_1468/image.png,[1 1 1 1 1 1 1 1 2 2 2 2 2 2 2 2 2 2 2 2 2 2 2 2 2 2 2],2
fold_2/sample_1469/image.png,[1 1 1 1 2 2 2 2 2 2 2 2 2 2 2 2],2
fold_2/sample_1470/image.png,[],2
fold_2/sample_1471/image.png,[],2
fold_2/sample_1472/image.png,[],2
fold_2/sample_1473/image.png,[],2
fold_2/sample_1474/image.png,[],2
fold_2/sample_1475/image.png,[],2
fold_2/sample_1476/image.png,[],2
fold_2/sample_1477/image.png,[],2
fold_2/sample_1478/image.png,[],2
fold_2/sample_1479/image.png,[1 1 2 2 2 2 2 2 2 2 2 2 2 2],2
fold_2/sample_1480/image.png,[2 2 2 2 2 2 2 2 2 2 2 2 2 2 2 2 2 2 2 2 2 2 2],2
fold_2/sample_1481/image.png,[2 2 2 2 2 2 2 2 2 2 2 2 2 2 2 2 2 2 2 2 2 2],2
fold_2/sample_1482/image.png,[1 2 2 2 2 2 2 2 2 2 2 2 2 2 2 2 2 2 2 2 2 2],2
fold_2/sample_1483/image.png,[1 2 2 2 2 2 2 2 2 2 2 2 2 2 2 2 2 2 2 2 2],2
fold_2/sample_1484/image.png,[2 2 2 2 2 2 2 2 2 2 2 2 2 2 2],2
fold_2/sample_1485/image.png,[1 1 2 2 2 2 2 2 2 2 2 2 2 2 2 2],2
fold_2/sample_1486/image.png,[1 2 2 2 2 2 2 2 2 2 2 2 2 2 2 2 2 2 2 2 2 2 2 2 2 2 2 2],2
fold_2/sample_1487/image.png,[1 1 2 2 2 2 2 2 2 2 2 2 2 2 2 2 2 2 2 2 2 2],2
fold_2/sample_1488/image.png,[0 0 0 0 0 0 0 0 0 0 0 0 0 0 0 0 0 0 0 0 0 0 0],2
fold_2/sample_1489/image.png,[0 0 0 0 0 0 0 1 1 2 2 2 2 2 2 2 2 2 2 2 2 2 2],2
fold_2/sample_1490/image.png,[0 1 1 2 2 2 2 2 2 2 2 2 2 2 2 2 2 2 2 2 2 2 2 2 2 2 2 2 2 2 2 2],2
fold_2/sample_1491/image.png,[1 1 1 1 1 1 2 2 2 2 2 2 2 2 2 2 2 2 2 2 2 2 2 2 2 2 2 2 2 2 2 2 2 2 2],2
fold_2/sample_1492/image.png,"[1 1 1 1 2 2 2 2 2 2 2 2 2 2 2 2 2 2 2 2 2 2 2 2 2 2 2 2 2 2 2 2 2 2 2 2 2
 2 2 2 2 2]",2
fold_2/sample_1493/image.png,[0 0 0 0 0 0 0 0 0 0 0 0 0 0 0 0 0 0 0 0 0 0 0 0 0 0 0 0 0 0],2
fold_2/sample_1494/image.png,"[0 0 0 0 0 0 0 0 0 0 1 1 1 2 2 2 2 2 2 2 2 2 2 2 2 2 2 2 2 2 2 2 2 2 2 2 2
 2 2 2 2 2]",2
fold_2/sample_1495/image.png,[0 0 0 0 0 0 0 0 0 0 0 0 0 0 0 0 0 0 0 0 0 0 0 0 0 0 0 0 0 0 0 0 0 0 1],2
fold_2/sample_1496/image.png,[0 0 0 0 0 0 0 0 0 0 0 0 0 0 0 0 0 0 0 0 0 0 0 0 0 0 0 0 0 0],2
fold_2/sample_1497/image.png,[0 0 0 0 0 0 0 0 0 0 0 0 0 0 0 0 0 0 0 0 0 0 0 0 0 0 2 2],2
fold_2/sample_1498/image.png,[0 0 0 0 0 0 0 0 0 0 0 0 0 0 0 0 0 2 2 2 2 2 2 2 2 2 2],2
fold_2/sample_1499/image.png,[0 0 0 0 0 0 0 0 0 0 0 0 0 0 0 0 0 0 0 0 0 0 0 0 0 0 0 0 0 0],2
fold_2/sample_1500/image.png,[0 0 0 0 0 0 0 0 0 0 0 0 0 0 0 0 0 0 0 0 0 0 0 2 2 2 2 2 2 2 2],2
fold_2/sample_1501/image.png,"[0 0 0 0 0 0 0 0 0 0 0 0 0 0 0 0 1 1 1 1 1 2 2 2 2 2 2 2 2 2 2 2 2 2 2 2 2
 2]",2
fold_2/sample_1502/image.png,[0 0 0 0 0 0 0 0 0 0 0 0 0 0 0 0 0 0 0 0 0 0 0 0 0 0 0 1 2 2 2 2],2
fold_2/sample_1503/image.png,[0 0 0 0 0 0 0 0 0 0 0 0 0 0 0 0 0 0 0 0 0 0 0 0 0 0 0 0],2
fold_2/sample_1504/image.png,[2 2 2],3
fold_2/sample_1505/image.png,[2 2],3
fold_2/sample_1506/image.png,[2 2 2 2 2 2 2],3
fold_2/sample_1507/image.png,[1 1 1 1 1 1 1 1 1 2 2 2 2 2 2 2 2 2 2 2 2 2 2 2 2 2 2],3
fold_2/sample_1508/image.png,[0 0 0 0 0 0 0 0 0 0 0 1 1 1 1 2 2 2 2],3
fold_2/sample_1509/image.png,[0 0 0 0 0 0 0 0 0 0 0 0 0 0 1 1 2],3
fold_2/sample_1510/image.png,[0 0 0 0 0 0 0 0 0 0 0 0 0 0 1 1 1 2 2 2],3
fold_2/sample_1511/image.png,[0 0 0 0 0 0 0 0 0 0 1 2 2 2 2 2 2 2 2 2 2 2],3
fold_2/sample_1512/image.png,[0 0 0 0 0 0 0 0 0 0 0 0 0 0 0 0 0 0 0 0 0 0 0 1 1 2 2 2 2],3
fold_2/sample_1513/image.png,[0 0 0 0 0 0 0 0 0 0 0 0 0 1 1 1 2 2 2 2],3
fold_2/sample_1514/image.png,[0 2 2 2 2 2 2 2 2],3
fold_2/sample_1515/image.png,"[0 0 0 0 0 0 0 0 0 0 0 0 0 0 0 0 0 0 0 0 0 0 0 0 0 0 0 0 0 0 0 0 0 0 0 0 2
 2 2 2 2 2]",3
fold_2/sample_1516/image.png,"[0 0 0 0 0 0 0 0 0 0 0 0 0 0 0 0 0 0 0 0 0 0 0 0 0 0 0 0 0 0 0 0 0 0 0 0 0
 0 0 0 0 0 0 0 1 2]",3
fold_2/sample_1517/image.png,[0 0 0 0 0 0 0 0 1 1 1 1 1 1 1 2 2 2 2 2 2 2 2],3
fold_2/sample_1518/image.png,[0 0 0 0 0 0 0 0 0 0 0 0 0 0 0 0 0 0 0 0 0 0 0 0 0],3
fold_2/sample_1519/image.png,[1 2 2],3
fold_2/sample_1520/image.png,[1],3
fold_2/sample_1521/image.png,[2],3
fold_2/sample_1522/image.png,[1],3
fold_2/sample_1523/image.png,[1 1 2 2 2],3
fold_2/sample_1524/image.png,[],3
fold_2/sample_1525/image.png,[1 2 2 2],3
fold_2/sample_1526/image.png,[],3
fold_2/sample_1527/image.png,[0 0 0 0 0 0 0 0 0 0 0 0 0 0 0 1],3
fold_2/sample_1528/image.png,[0 0 0 0 0 0 0 0 0 0 0 0 0 0 2],3
fold_2/sample_1529/image.png,[0 0 0 0 0 0 0 0 0 0 0 0 0 0 0 0 0 0 0 0 0],3
fold_2/sample_1530/image.png,[0 0 0 0 0 0 0 0 0 0 0 0 0 0],3
fold_2/sample_1531/image.png,[0 0 0 0 0 0 0 0 0 0 0 0 0 0 0 0 0 0 0 0 0],3
fold_2/sample_1532/image.png,[1 1 2 2 2 2 2 2 2 2],3
fold_2/sample_1533/image.png,[2 2 2 2 2 2],3
fold_2/sample_1534/image.png,[2 2 2 2 2 2 2 2 2 2],3
fold_2/sample_1535/image.png,[2 2 2 2 2],3
fold_2/sample_1536/image.png,[1 2 2 2 2 2 2],3
fold_2/sample_1537/image.png,[2 2 2 2 2 2 2],3
fold_2/sample_1538/image.png,[],3
fold_2/sample_1539/image.png,[],3
fold_2/sample_1540/image.png,[],3
fold_2/sample_1541/image.png,[],3
fold_2/sample_1542/image.png,[],3
fold_2/sample_1543/image.png,[],3
fold_2/sample_1544/image.png,[],3
fold_2/sample_1545/image.png,[],3
fold_2/sample_1546/image.png,[],3
fold_2/sample_1547/image.png,"[0 0 0 0 0 0 0 0 0 0 0 0 0 0 0 0 0 0 0 0 0 0 0 0 0 0 0 0 0 0 0 0 0 0 0 0 0
 0 0 0 0 0 0 0 0 0 0 0 0 0 0 0 0 0 0 0 0 0 0 0 0 0 0 0 0 0 0 0 0 0 0 0 0 0
 0 0 0 0 0 0 0 0 2]",3
fold_2/sample_1548/image.png,"[0 0 0 0 0 0 0 0 0 0 0 0 0 0 0 0 0 0 0 0 0 0 0 0 0 0 0 0 0 0 0 0 0 0 0 0 0
 0 0 0 0 0 0 0 0 0 0 0 0 0 0 0 0 0 0 0 0 0 0 0 0 0 0 0 0 0 0 0 0 0 0 0 0 0
 0 0 0 0 0 0 2 2 2 2]",3
fold_2/sample_1549/image.png,"[0 0 0 0 0 0 0 0 0 0 0 0 0 0 0 0 0 0 0 0 0 0 0 0 0 0 0 0 0 0 0 0 0 0 0 0 0
 0 0 0 0 0 0 0 0 0 0 0 0 0 0 0 0 0 0 0 0 0 0 0 0 0 0 0 0 0 0 0 0 0 0 0 0 0
 0 0 0 0 0 0 0 0 0 0 0 0 0 0 1 1 1 2 2 2]",3
fold_2/sample_1550/image.png,"[0 0 0 0 0 0 0 0 0 0 0 0 0 0 0 0 0 0 0 0 0 0 0 0 0 0 0 0 0 0 0 0 0 0 0 0 0
 0 0 0 0 0 0 0 0 0 0 0 0 0 0 0 0 0 0 0 0 0 0 0 0 0 0 0 0 0 0 0 0 0 0 0 0 0
 0 0 0 0 0 0 0 0 0 0 1 1 2 2 2 2 2 2]",3
fold_2/sample_1551/image.png,"[0 0 0 0 0 0 0 0 0 0 0 0 0 0 0 0 0 0 0 0 0 0 0 0 0 0 0 0 0 0 0 0 0 0 0 0 0
 0 0 0 0 0 0 0 0 0 0 0 0 0 0 0 2 2 2 2 2 2 2 2 2 2 2 2]",3
fold_2/sample_1552/image.png,"[0 0 0 0 0 0 0 0 0 0 0 0 0 0 0 0 0 0 0 0 0 0 0 0 0 0 0 0 0 0 0 0 0 0 0 0 0
 0 0 0 0 0 0 0 0 0 0 0 0 0 0 0 0 0 0 0 0 0 0 0 0 0 0 0 0 0 0 0 0 0 0 0 0 0
 0 0 0 0 0 0 0 0 0 0 0 0 0 0 0 2 2 2 2 2]",3
fold_2/sample_1553/image.png,"[0 0 0 0 0 0 0 0 0 0 0 0 0 0 0 0 0 0 0 0 0 0 0 0 0 0 0 0 0 0 0 0 0 0 0 0 0
 0 0 0 0 0 0 0 0 0 0 0 0 0 0 0 0 0 0 0 0 0 0 0 0 0 0 0 0 0 0 0 0 0 0 0 0 0
 0 0 0 0 0 0 0 0 0 0 0 1 1 2 2 2 2 2 2 2]",3
fold_2/sample_1554/image.png,[0 0 0 0 0 0 0 0 0 0 0 0 0 0 0 0 0 0 0 0 0 0 0 0 0 0 2 2 2 2],3
fold_2/sample_1555/image.png,[0 0 0 0 0 0 0 0 0 0 0 0 0 2 2 2 2 2 2 2 2 2 2 2],3
fold_2/sample_1556/image.png,[0 0 0 0 0 0 0 0 0 0 0 0 2 2 2 2 2 2 2 2 2 2 2],3
fold_2/sample_1557/image.png,[0 0 0 0 0 0 0 0 0 0 0 0 0 0 0 0 0 0 0 0 0 0 0 0 2 2],3
fold_2/sample_1558/image.png,[],4
fold_2/sample_1559/image.png,[],4
fold_2/sample_1560/image.png,[],4
fold_2/sample_1561/image.png,[0 0 0 0 0 0 0 0 0 0 0 0 0 0 0 0 0 0 0 0 0 0 0 0 1 1 1 1],4
fold_2/sample_1562/image.png,[0 0 0 0 0 0 0 0 0 0 0 0 0 0 0 0 0 0],4
fold_2/sample_1563/image.png,[0 0 0 0 0 0 0 0 0 0 0 0 0 0 0 0 0 0 0 0 0 0 0 0 0 0 0 0 0 0 0 0],4
fold_2/sample_1564/image.png,[2 2 2 2 2 2],4
fold_2/sample_1565/image.png,[1 1 2 2 2 2 2 2 2 2 2 2 2 2],4
fold_2/sample_1566/image.png,[0 0 1 1 1 2 2 2 2 2 2 2 2 2 2],4
fold_2/sample_1567/image.png,[0 0 0 0 0 0 0 0 0 1 1 1 1 2 2 2 2 2 2 2 2 2 2 2 2 2 2],4
fold_2/sample_1568/image.png,[0 0 0 0 0 0 0 0 0 0 0 0 0 0 0 0 0 0 0 0 0 0 0 0 0 1 2],4
fold_2/sample_1569/image.png,[0 0 0 0 0 0 0 0 0 0 0 0 0 0 0 0 0 0 0 0 0 0 0 0 0 1 1 1 1 1 1 1 1 1],4
fold_2/sample_1570/image.png,"[1 1 1 1 1 1 1 1 1 1 1 1 1 1 1 1 1 1 1 1 1 1 1 1 1 1 1 1 1 1 1 1 1 2 2 2 2
 2 2 2 2 2 2 2 2 2 2 2 2 2 2 2 2 2 2 2 2 2 2 2 2 2 2 2 2 2 2 2]",4
fold_2/sample_1571/image.png,"[0 0 0 0 0 0 1 1 1 1 1 1 1 1 1 1 1 1 1 1 1 1 1 1 1 1 1 1 1 1 1 1 1 1 1 2 2
 2 2 2 2 2 2 2 2 2]",4
fold_2/sample_1572/image.png,[0 0 0 0 0 0 0 0 0 0 0 0 0 0 0 0 0 0 0 0 0 0 0 0 0 0 0 0 0 0 0 0 0 0 0 1],4
fold_2/sample_1573/image.png,"[0 0 0 0 0 0 0 0 0 0 0 0 0 0 0 0 0 0 0 0 0 0 0 0 0 0 0 0 0 0 0 0 0 0 0 0 1
 1 1]",4
fold_2/sample_1574/image.png,[0 0 0 0 0 0 0 0 0 0 0 0 0 0 0 0 0 0 0 0 0 0 0 0 0 0 0 0 0 0 0 0 0],4
fold_2/sample_1575/image.png,[4 4 4 4 4 4 4 4 4],5
fold_2/sample_1576/image.png,[2 2 2 4 4 4 4 4 4 4 4 4 4 4 4 4 4 4 4 4 4 4],5
fold_2/sample_1577/image.png,[1 1 2 2 2 2 2 2 2 4 4 4 4 4 4 4 4 4 4 4 4 4 4],5
fold_2/sample_1578/image.png,[1 1 1 1 1 1 2 2 2 2 2 2 2 2 2 2 2 2 4 4 4 4 4 4 4 4 4],5
fold_2/sample_1579/image.png,[4 4 4 4 4 4 4 4 4 4 4 4 4],5
fold_2/sample_1580/image.png,[1 1 1 1 1 1 2 2 2 2 2 2 2 4 4 4 4 4 4 4 4 4 4 4 4 4 4],5
fold_2/sample_1581/image.png,[1 1 1 2 2 2 2 4 4 4 4 4 4 4 4],5
fold_2/sample_1582/image.png,[4 4 4 4 4 4],5
fold_2/sample_1583/image.png,[1 1 1 2 2 2 2 2 2 2 4 4 4 4 4 4],5
fold_2/sample_1584/image.png,[1 1 2 2 2 2 2 4 4 4 4 4 4 4 4 4 4],5
fold_2/sample_1585/image.png,[1 1 1 1 1 1 2 2 2 2 2 2 4 4 4 4 4 4 4 4 4],5
fold_2/sample_1586/image.png,[1 1 1 1 1 2 2 2 2 2 2 2 2 2 2 4 4 4 4 4 4 4 4 4 4],5
fold_2/sample_1587/image.png,[1 1 1 1 1 1 1 1 1 1 2 2 2 2 2 2 2 2 2 2 4 4 4 4 4 4 4 4 4 4],5
fold_2/sample_1588/image.png,[1 1 1 1 1 1 2 2 2 2 2 2 2 2 2 4 4 4 4 4 4 4 4 4 4 4],5
fold_2/sample_1589/image.png,[0 1 2 2 2 4 4 4 4 4 4 4 4 4 4 4 4 4 4 4 4 4 4 4 4],5
fold_2/sample_1590/image.png,[0 0 0 0 0 0 0 0 0 0 0 0 0 0 0 0 0 1 1 1 1 1 1 1 1 1 1 1 1 1 1 2 2 2 2 2],5
fold_2/sample_1591/image.png,[1 1 1 1 1 1 1 1 1 1 1 1 2 2 2 2 4 4 4 4 4 4],5
fold_2/sample_1592/image.png,[1 4 4 4 4 4 4],5
fold_2/sample_1593/image.png,[1 1 1 1 2 2 2 2 4 4 4 4 4 4 4 4 4 4 4 4],5
fold_2/sample_1594/image.png,[1 1 1 1 1 1 1 1 1 2 2 2 2 2 4 4 4 4 4 4 4 4 4 4 4],5
fold_2/sample_1595/image.png,[2 4 4 4 4 4 4 4 4],5
fold_2/sample_1596/image.png,[4],5
fold_2/sample_1597/image.png,[0 0 0 0 0 1 1 1 1 1 1 1 1 2 2 2 2 4 4 4],5
fold_2/sample_1598/image.png,[1 1 1 2 4 4 4 4 4 4 4 4 4 4 4 4 4],5
fold_2/sample_1599/image.png,[1 2 2 2 2 2 4 4 4 4 4 4 4 4 4 4 4 4 4 4 4],5
fold_2/sample_1600/image.png,[],5
fold_2/sample_1601/image.png,[],5
fold_2/sample_1602/image.png,[1 1 1 1 1 1 1 1 1 1 1 2 2 2 2 2 2 2 2 2 2 2 2 2 4],5
fold_2/sample_1603/image.png,[1 1 4 4 4 4 4 4 4],5
fold_2/sample_1604/image.png,[1 1 1 2 2 2 2 2 3 3 4 4 4 4 4 4 4 4 4 4 4 4 4],5
fold_2/sample_1605/image.png,[1 1 1 1 1 2 2 3],5
fold_2/sample_1606/image.png,[1 3 4 4 4 4],5
fold_2/sample_1607/image.png,[],5
fold_2/sample_1608/image.png,[0 0 0 1 1 2 2 2 2 3],5
fold_2/sample_1609/image.png,[1 2 2 2 2 2 2 2 4 4 4 4 4 4 4 4],5
fold_2/sample_1610/image.png,[1 2 2 2 2 2 2 4 4 4 4 4 4 4 4],5
fold_2/sample_1611/image.png,[2 2 2 2 2 2 2 2 2 2 4 4 4 4],5
fold_2/sample_1612/image.png,[2 2 2 2 2 4],5
fold_2/sample_1613/image.png,[2 2 2 2 4 4 4 4 4 4 4],5
fold_2/sample_1614/image.png,[4 4 4 4 4 4 4 4],5
fold_2/sample_1615/image.png,[1 2 2 2 2 2 2 4 4 4 4 4 4 4],5
fold_2/sample_1616/image.png,[2 2 2 4 4 4 4 4 4 4 4 4 4],5
fold_2/sample_1617/image.png,[2 4 4 4 4 4 4 4],5
fold_2/sample_1618/image.png,[2 2 2 2 2 2 2 2 2 4 4 4 4],5
fold_2/sample_1619/image.png,[2 2 2 2 2 2 2 2 2 2 4 4 4 4 4],5
fold_2/sample_1620/image.png,[2 2],5
fold_2/sample_1621/image.png,[2 2 2],5
fold_2/sample_1622/image.png,[0 0],5
fold_2/sample_1623/image.png,[0 0 0 0 0 0 0 0 0 2 2 2 2 2 2 2 2],5
fold_2/sample_1624/image.png,[4],5
fold_2/sample_1625/image.png,[1 1 1 1 1 1 2 4 4 4 4 4 4],5
fold_2/sample_1626/image.png,[1 1 1 1 1 1 1 1 1 1 1 2 2 2 2 2 4],5
fold_2/sample_1627/image.png,[1 1 2 2 2 4 4 4 4 4 4 4 4 4 4 4 4 4],5
fold_2/sample_1628/image.png,[1 1 1 1 1 1 1 1 2 2 2 2 2 2 4 4],5
fold_2/sample_1629/image.png,[1 1 1 2 2 2 2 2 2 2 2 2 2 2 4 4 4 4 4 4],5
fold_2/sample_1630/image.png,[1 1 1 1 2 2 2 2 2 2 2 2 2 2 4 4 4 4 4 4 4 4 4 4],5
fold_2/sample_1631/image.png,[4 4 4 4 4 4],5
fold_2/sample_1632/image.png,[1 1 1 1 1 1 1 1 1 2 2 2 2 2 2 2 2 2 4 4 4],5
fold_2/sample_1633/image.png,[1 2 2 4 4 4 4 4 4 4 4 4 4 4 4 4 4 4],5
fold_2/sample_1634/image.png,[2 4 4 4 4 4 4 4 4 4 4 4 4 4 4],5
fold_2/sample_1635/image.png,[2 4 4 4 4 4 4 4 4 4 4 4 4 4 4 4 4 4 4 4 4 4 4 4 4 4 4 4],5
fold_2/sample_1636/image.png,[1 2 2 4 4 4 4 4 4 4 4 4 4 4 4 4 4 4 4],5
fold_2/sample_1637/image.png,[1 1 1 1 1 1 1 2 2 2 2 2 2 2 2 2 2 2 2 2 2 2 2 4 4 4 4],5
fold_2/sample_1638/image.png,[1 4 4 4 4 4 4 4 4 4 4 4 4 4],5
fold_2/sample_1639/image.png,[2 4 4 4 4 4 4 4 4 4 4 4 4 4 4 4 4 4 4 4 4 4],5
fold_2/sample_1640/image.png,[1 1 2 2 2 2 2 2 4 4 4 4 4],5
fold_2/sample_1641/image.png,[1 2 2 2 2 2 4 4 4 4 4 4 4],5
fold_2/sample_1642/image.png,[2 2 2 2 2 2 2 2 2],5
fold_2/sample_1643/image.png,[2 2 2 2 2 2 2 2],5
fold_2/sample_1644/image.png,[4 4 4 4 4 4 4 4 4 4 4 4 4 4 4 4 4 4 4 4 4 4 4 4 4 4 4 4 4 4 4 4 4],5
fold_2/sample_1645/image.png,"[1 1 1 1 1 1 2 2 2 2 2 2 2 2 2 2 2 2 2 2 2 2 2 2 2 4 4 4 4 4 4 4 4 4 4 4 4
 4 4 4 4 4]",5
fold_2/sample_1646/image.png,[1 1 2 2 2 4 4 4 4 4 4 4 4 4 4 4 4 4 4],5
fold_2/sample_1647/image.png,[1 2 2 2 2 2 2 2 2 4 4 4 4 4 4 4 4 4 4 4 4],5
fold_2/sample_1648/image.png,[1 1 1 1 1 1 2 2 2 2 2 2 2 2 2 2 2 2 2 2 2 2 2 2 2 2 2 2 4],5
fold_2/sample_1649/image.png,[4 4 4 4 4 4 4 4 4 4 4 4 4],5
fold_2/sample_1650/image.png,[4 4 4 4],5
fold_2/sample_1651/image.png,[],5
fold_2/sample_1652/image.png,[4 4 4 4 4 4 4 4 4 4 4 4 4],5
fold_2/sample_1653/image.png,[],5
fold_2/sample_1654/image.png,[1 2 2 2 2 4 4 4 4 4 4 4 4 4 4 4 4 4 4 4 4 4],5
fold_2/sample_1655/image.png,[1 1 1 2 2 2 2 2 2 2 2 2 2 2 2 2 2 2 2 2 2 2 2 2 2 2 2 4 4 4],5
fold_2/sample_1656/image.png,[1 1 1 1 1 1 1 1 1 1 2 2 2 2 2 2 2 2 2 2 2 2 2 2 2 2 2 2 2 2 2 2 2 2 2],5
fold_2/sample_1657/image.png,[],5
fold_2/sample_1658/image.png,[4 4 4],5
fold_2/sample_1659/image.png,[0 1 1 2 2 2 2 2 2 4 4 4 4 4 4 4 4 4 4 4 4 4 4 4 4 4 4 4 4 4],5
fold_2/sample_1660/image.png,[],5
fold_2/sample_1661/image.png,[],5
fold_2/sample_1662/image.png,[],5
fold_2/sample_1663/image.png,[1 2 2 2 4 4 4 4 4 4 4 4 4 4 4],5
fold_2/sample_1664/image.png,[1 1 1 1 1 1 1 2 2 2 2 4 4 4 4 4 4 4 4 4],5
fold_2/sample_1665/image.png,[],5
fold_2/sample_1666/image.png,[1 1 1 1 1 1 1 1 1 1 1 1 2 2 2 4 4 4 4],5
fold_2/sample_1667/image.png,[1 1 1 1 1 1 1 1 4 4 4 4 4 4 4 4 4 4 4 4 4 4 4 4 4],5
fold_2/sample_1668/image.png,[1 1 1 1 1 1 2 2 2 4 4 4 4 4 4 4 4 4 4 4],5
fold_2/sample_1669/image.png,[4 4 4 4 4 4 4 4 4 4 4 4 4 4 4 4],5
fold_2/sample_1670/image.png,[1 1 1 1 1 1 2 2 4 4 4 4 4 4 4 4 4 4 4],5
fold_2/sample_1671/image.png,[1 1 1 1 1 1 1 1 1 2 2 2 2 4 4 4 4 4 4 4 4 4 4 4 4 4 4 4 4 4],5
fold_2/sample_1672/image.png,[4 4 4 4 4 4 4],5
fold_2/sample_1673/image.png,[1 1 1 1 1 1 1 1 1 1 1 1 1 1 1 1 2 2 2 2 2 4 4 4 4 4 4],5
fold_2/sample_1674/image.png,[4 4 4 4 4 4 4 4 4 4 4 4 4 4],5
fold_2/sample_1675/image.png,[1 1 1 1 1 1 1 2 2 2 2 2 4 4 4 4 4 4 4 4 4 4 4],5
fold_2/sample_1676/image.png,[1 1 1 1 1 1 1 1 1 1 2 4 4 4 4 4 4 4 4 4],5
fold_2/sample_1677/image.png,[1 1 1 1 1 1 4 4 4 4 4 4 4 4 4 4 4],5
fold_2/sample_1678/image.png,[4 4],5
fold_2/sample_1679/image.png,[4 4 4 4 4 4 4 4 4],5
fold_2/sample_1680/image.png,[1 1 1 1 1 1 1 1 2 2 4 4 4 4 4 4 4 4 4],5
fold_2/sample_1681/image.png,[1 1 1 1 1 1 1 2 2 2 2 2 2 4 4 4],5
fold_2/sample_1682/image.png,[1 1 1 1 1 1 1 1 1 1 1 1 1 1 1 1 2 2 2 4 4 4 4 4 4 4 4 4 4 4 4 4],5
fold_2/sample_1683/image.png,[1 1 1 1 2 2 2 2 2 2 4 4 4 4],5
fold_2/sample_1684/image.png,[],5
fold_2/sample_1685/image.png,[],5
fold_2/sample_1686/image.png,[],5
fold_2/sample_1687/image.png,[],5
fold_2/sample_1688/image.png,[],5
fold_2/sample_1689/image.png,[],5
fold_2/sample_1690/image.png,[],5
fold_2/sample_1691/image.png,[],5
fold_2/sample_1692/image.png,[],5
fold_2/sample_1693/image.png,[],5
fold_2/sample_1694/image.png,[],5
fold_2/sample_1695/image.png,[],5
fold_2/sample_1696/image.png,[],5
fold_2/sample_1697/image.png,[],5
fold_2/sample_1698/image.png,[],5
fold_2/sample_1699/image.png,[],5
fold_2/sample_1700/image.png,[],5
fold_2/sample_1701/image.png,[],5
fold_2/sample_1702/image.png,[],5
fold_2/sample_1703/image.png,[1 1 1 1 1 1 1 1 1 1 1 1 1 1 1 1 1 1 1 1 2 4 4 4 4 4 4 4 4 4],5
fold_2/sample_1704/image.png,[1 1 1 1 1 1 1 1 1 1 1 1 1 1 1 1 1 1 1 1 1 1 1 1 1 1 1 1 1 1 4 4],5
fold_2/sample_1705/image.png,[1 1 1 1 1 1 1 1 1 1 1 1 1 1 1 1 1 1 1 1 1 1 1 1 1 1 1 1 1 4],5
fold_2/sample_1706/image.png,[1 1 1 1 1 1 1 1 1 1 2 4 4 4 4 4 4 4 4 4 4 4],5
fold_2/sample_1707/image.png,[1 4 4 4 4 4 4 4],5
fold_2/sample_1708/image.png,[1 4 4 4 4 4 4 4 4 4 4 4 4 4 4 4 4 4 4 4],5
fold_2/sample_1709/image.png,[4 4 4 4 4 4 4 4 4 4],5
fold_2/sample_1710/image.png,[1 4 4 4 4 4 4 4 4 4 4 4 4 4 4 4 4 4 4 4 4 4 4 4],5
fold_2/sample_1711/image.png,"[1 1 1 1 1 1 1 1 1 1 1 1 1 1 1 1 1 1 1 1 1 1 1 1 1 4 4 4 4 4 4 4 4 4 4 4 4
 4 4 4 4]",5
fold_2/sample_1712/image.png,[1 1 1 4 4 4 4 4 4 4 4 4 4 4 4 4 4 4 4 4 4 4 4 4 4 4 4 4],5
fold_2/sample_1713/image.png,[1 1 1 1 1 1 1 1 1 2 4 4 4 4 4 4 4 4 4 4 4 4 4 4],5
fold_2/sample_1714/image.png,[1 1 1 1 1 1 1 1 1 1 1 1 1 1 1 1 1 1 4 4 4 4 4 4 4 4 4 4 4 4],5
fold_2/sample_1715/image.png,[1 4 4],5
fold_2/sample_1716/image.png,[1 1 1 1 1 1 1 1 1 1 1 1 1 2 4 4 4 4 4 4 4 4 4 4],5
fold_2/sample_1717/image.png,[1 1 1 1 1 1 1 1 1 1 1 1 1 1 1 1 1 1 1 1 4 4 4 4 4 4 4 4 4],5
fold_2/sample_1718/image.png,[1 1 1 1 1 1 1 1 1 2 2 4 4 4 4 4 4 4 4 4 4 4 4 4 4],5
fold_2/sample_1719/image.png,[1 1 1 1 1 1 1 2 2 2 2 2 2 2 4 4 4 4],5
fold_2/sample_1720/image.png,[1 1 1 1 1 1 4 4 4 4 4 4 4 4 4 4 4],5
fold_2/sample_1721/image.png,[1 1 1 1 1 1 1 1 1 1 1 4 4 4 4 4 4 4 4 4 4 4 4 4 4],5
fold_2/sample_1722/image.png,[1 1 1 1 1 2 2 2 2 2 2 4 4 4],5
fold_2/sample_1723/image.png,[1 1 1 1 1 2 4 4 4 4 4 4 4 4 4 4 4 4 4 4 4 4 4 4 4 4 4 4],5
fold_2/sample_1724/image.png,[1 1 1 1 1 1 1 1 1 1 1 1 1 1 1 1 1 1 1 2 2 4 4 4 4 4 4 4 4 4],5
fold_2/sample_1725/image.png,[1 1 1 1 1 1 2 2 2 2 2 2 4 4],5
fold_2/sample_1726/image.png,[1 4 4 4 4 4 4 4 4 4 4 4 4 4 4 4],5
fold_2/sample_1727/image.png,[1 1 1 1 1 1 1 1 2 2 2 4 4 4 4 4 4 4 4 4 4 4 4 4 4 4 4],5
fold_2/sample_1728/image.png,[1 1 1 1 1 1 1 1 1 1 1 1 1 1 1 1 1 1 1 4],5
fold_2/sample_1729/image.png,[1 1 1 1 1 2 4 4 4 4 4 4 4 4 4 4 4 4 4 4 4 4 4 4 4 4],5
fold_2/sample_1730/image.png,[4 4 4 4 4 4 4 4 4 4],5
fold_2/sample_1731/image.png,[1 1 1 1 1 1 1 1 1 1 1 1 1 1 2 2 2 2 2 2 2 2 2 2],5
fold_2/sample_1732/image.png,[2 2 4 4 4 4 4 4 4 4 4 4 4 4 4 4 4 4 4],5
fold_2/sample_1733/image.png,[1 1 2 2 2 2 2 2 2 2 2 4 4 4 4 4 4 4],5
fold_2/sample_1734/image.png,[4],5
fold_2/sample_1735/image.png,[1 1 1 1 1 1 1 1 1 1 1 1 1 1 1 2 2 2 2 2 2],5
fold_2/sample_1736/image.png,[1 1 1 1 2 2 2 2 2 2 2 2 2 2 2 4 4 4 4 4],5
fold_2/sample_1737/image.png,[1 1 1 2 2 2 2 2 2 2 2 2 2 4],5
fold_2/sample_1738/image.png,[],5
fold_2/sample_1739/image.png,[1 1 1 1 1 1 1 1 2 2 2 2 4 4 4 4 4 4 4 4],5
fold_2/sample_1740/image.png,[2 4 4 4 4 4 4 4 4 4 4 4 4 4 4],5
fold_2/sample_1741/image.png,[],5
fold_2/sample_1742/image.png,[],5
fold_2/sample_1743/image.png,[],5
fold_2/sample_1744/image.png,[1 1 1 1 1 1 1 1 1 1 2 2 2 2 2 4 4],5
fold_2/sample_1745/image.png,[1 1 1 1 1 1 1 1 1 1 1 1 1 1 1 2 2 2 2 2 2 2 2],5
fold_2/sample_1746/image.png,[],5
fold_2/sample_1747/image.png,[1 1 1 1 1 1 1 1 1 1 1 1 1 2 2 2 2 2 2],5
fold_2/sample_1748/image.png,[1 1 2 2 2 2 2 4 4 4 4],5
fold_2/sample_1749/image.png,[],5
fold_2/sample_1750/image.png,[4 4 4 4 4 4 4 4 4 4 4],5
fold_2/sample_1751/image.png,[2 2 4 4 4 4 4 4 4 4 4 4 4 4 4],5
fold_2/sample_1752/image.png,[4 4 4 4],5
fold_2/sample_1753/image.png,[2 2 2 2 2 2 2 2 2 2],5
fold_2/sample_1754/image.png,[1 1 2 2 2 2 2 2 2 2 2 2 2 2 2 2 2 2 2 2 2 2],5
fold_2/sample_1755/image.png,[1 1 1 2 2 2 2 2 2 2 2 2 2 2 2 2 2 2 2 2 2 2 2 2 2 2 2 2 2 2 2 2 2 2 2],5
fold_2/sample_1756/image.png,[2 2 2 2 2 2 2 2 2 2 2 2 2 2 2 2 2 2 2],5
fold_2/sample_1757/image.png,[2 2 2 2 2 2 2 2 2 2 2 2 2],5
fold_2/sample_1758/image.png,[2 2 2 2 2 2 2 2 2 2 2 2 2 2 2 2 2 2],5
fold_2/sample_1759/image.png,[2 2 2 2 2 2 2 2 2 2 2 2 2],5
fold_2/sample_1760/image.png,[2 2 2 2 2 2 2 2 2 2 2 2 2 2 2 2 2 2 2 2 2],5
fold_2/sample_1761/image.png,[2 2 2 2 2 2 2 2 2 2 2 2 2 2 2 2 2],5
fold_2/sample_1762/image.png,[1 2 2 2 2 2 2 2 2 2 2 2 2 2 2 2 2 2 2 2],5
fold_2/sample_1763/image.png,[1 1 1 1 2 2 2 2 2 2 2 2 2 2 2 2 2 2 2],5
fold_2/sample_1764/image.png,[2 2 2 2 2 2],5
fold_2/sample_1765/image.png,[2 2 2 2 2 2 2 2 2 2],5
fold_2/sample_1766/image.png,[2 2 2 2 2 2 2 2 2],5
fold_2/sample_1767/image.png,[2 2 2 2 2 2 2 2 2 2 2 2 2 2 2 2 2 2 2 2],5
fold_2/sample_1768/image.png,[2 2 2 2 2 2 2 2 2 2],5
fold_2/sample_1769/image.png,[2 2 2 2 2 2 2 2 2 2 2],5
fold_2/sample_1770/image.png,[2 2 2 2 2 2 2 2 2 2 2],5
fold_2/sample_1771/image.png,[2 2 2 2 2 2],5
fold_2/sample_1772/image.png,[2 2 2 2 2 2 2 2 2 2],5
fold_2/sample_1773/image.png,[2 2 2 2 2 2 2 2 2 2 2],5
fold_2/sample_1774/image.png,[2 2 2 2 2 2 2 2 2 2 2 2 2 2 2 2 2 2 2],5
fold_2/sample_1775/image.png,[1 2 2 2 2 2 2 2],5
fold_2/sample_1776/image.png,[1 2 2 2 2 2 2 2 2 2 2 2],5
fold_2/sample_1777/image.png,[2 2 4 4 4 4 4 4 4],5
fold_2/sample_1778/image.png,[2 2 2 2 2 2 4 4 4 4 4 4],5
fold_2/sample_1779/image.png,[1 2 2 2 2 2 2 2 2 2 2 2 4 4 4 4 4 4 4 4 4 4 4],5
fold_2/sample_1780/image.png,[1 1 1 4],5
fold_2/sample_1781/image.png,[2 2 2 2 2 2 4 4 4 4 4 4 4 4 4 4],5
fold_2/sample_1782/image.png,[2 2 2 2 2 2 2 2 2 2 2 2 2 2 2 2 2 2 2 2 2 4 4 4 4 4 4 4 4 4 4],5
fold_2/sample_1783/image.png,[1 2 2 2 2 2 2 2 2 2 4 4 4 4 4 4 4 4 4 4 4],5
fold_2/sample_1784/image.png,[2 4 4 4 4 4 4 4 4 4 4 4 4 4 4],5
fold_2/sample_1785/image.png,[1 2 2 2 2 2 2 2 2 2 2 4 4 4 4 4 4 4],5
fold_2/sample_1786/image.png,[2 2 2 2 2 2 2 2 2 2 2 2 2 2 2 2 2 2 2 2 2 4 4 4 4 4 4 4 4],5
fold_2/sample_1787/image.png,[2 2 2 2 4 4 4 4 4 4 4 4 4],5
fold_2/sample_1788/image.png,[4 4 4 4 4 4 4 4 4 4 4 4 4 4 4 4 4],5
fold_2/sample_1789/image.png,[2 2 2 2 2 2 2 4 4 4 4 4 4 4 4 4 4 4],5
fold_2/sample_1790/image.png,[2 2 2 2 2 2 4 4 4 4 4 4 4 4 4 4 4],5
fold_2/sample_1791/image.png,[2 2 2 2 2 4 4 4 4 4 4 4 4 4 4 4 4 4 4 4],5
fold_2/sample_1792/image.png,[2 2 2 2 2 2 2 2 2 2 2 2 2 2 2 2 2 2 2 2 2 2 2 4 4 4 4],5
fold_2/sample_1793/image.png,[1 2 2 2 2 2 2 2 4 4 4 4 4 4 4 4 4 4 4 4 4 4 4],5
fold_2/sample_1794/image.png,[4 4 4 4 4 4 4 4 4],5
fold_2/sample_1795/image.png,[2 2 2 2 2 2 2 2 2 2 4 4 4 4 4 4 4 4 4 4 4 4 4 4 4 4 4 4 4 4 4],5
fold_2/sample_1796/image.png,[2 2 4 4 4 4 4 4 4],5
fold_2/sample_1797/image.png,[2 2 2 2 2 2 2 2 2 2 4 4 4 4 4 4 4 4 4 4],5
fold_2/sample_1798/image.png,[2 2 2 2 2 2 2 2 2 2 4 4 4 4 4 4 4],5
fold_2/sample_1799/image.png,[2 2 2 2 2 4 4 4 4 4 4 4 4 4 4 4 4 4 4 4 4 4 4 4 4 4 4 4 4],5
fold_2/sample_1800/image.png,[2 2 2 2 2 2],5
fold_2/sample_1801/image.png,[2 2 2 2 2 2 2 2 2 2],5
fold_2/sample_1802/image.png,[2 2 2 2 2 2 4],5
fold_2/sample_1803/image.png,[2 2 2 2 2 2 2 2 2 4 4 4 4 4],5
fold_2/sample_1804/image.png,[1 2 2 2 2 2 2 2 2 2 2 2 4 4 4 4],5
fold_2/sample_1805/image.png,[1 2 2 2 2 2 2 2 2 2 4 4],5
fold_2/sample_1806/image.png,[0 0 0 0 0 0 0 0 0 0 0 0 0 0 0 0 0 0 0 0 0 0 0 0 0 0 0],5
fold_2/sample_1807/image.png,[0 0 0 0 0 0 0 0 0 0 0 0 0 0 0 0 0 0 0 0 0 0],5
fold_2/sample_1808/image.png,[0 0 0 0 0 0 0 0 0 0 0 3 3 3 3 3 3],5
fold_2/sample_1809/image.png,[0 0 0 0 0 0 0 0 0 0 0 0 0 0 0 0 0 0 0 0 0 0 0 1],5
fold_2/sample_1810/image.png,[0 0 0 0 0 0 0 0 0 0 0 0 0 0 0 0 0 0 0 0 0 0 0 0 0 0 0 0],5
fold_2/sample_1811/image.png,[0 0 1 1 1 1 2 2 2 2 2 2 2 2 2 2 2],6
fold_2/sample_1812/image.png,[0 0 0 0 0 0 0 0 0 0 0 0 0 1 1 1 1 2 2 2 2],6
fold_2/sample_1813/image.png,[0 0 0 0 0 0 0 0 0 0 0 0 0 0 0 0 0 0 0 0 0 0 0 0 0 0 0 0 1 1 2 2],6
fold_2/sample_1814/image.png,[0 0 0 0 0 0 0 0 0 0 0 0 0 0 0 0 0 0 0 0 0 0 0 0 0 0 0],6
fold_2/sample_1815/image.png,"[0 0 0 0 0 0 0 0 0 0 0 0 0 0 0 0 0 0 0 0 0 0 0 0 0 0 0 0 0 0 0 0 0 0 0 0 0
 0 0 0 0 0 2]",6
fold_2/sample_1816/image.png,[0 0 0 0 0 0 2 2 2 2 2 2 2 2 2 2 2 2 2 2 2 2 2 2 2 2],6
fold_2/sample_1817/image.png,[1 3 3 3 3 3 3 3 3 3 3 3 3 3 3 3 3 3 3],6
fold_2/sample_1818/image.png,[0 0 0 0 0 0 0 0 0 0 0 0 0 0 0 0 0 0 0 0 1 2 2],6
fold_2/sample_1819/image.png,[0 0 0 0 0 0 0 0 0 0 0 0 0 2 2 2],6
fold_2/sample_1820/image.png,[0 0 0 0 0 0 0 0 0 0 0 0 0 0 0 0 0 1 2 2 2],6
fold_2/sample_1821/image.png,[0 0 0 0 0 0 0 0 0 0 0 3 3 3 3 3 3 3 3 3 3 3 3 3 3 3 3 3 3 3 3 3 3 3],6
fold_2/sample_1822/image.png,[0 0 0 0 0 0 0 0 0 0 0 0 0 0 0 0 0 0 0 0 0 0 0 0 0 0 0 0 0 0 1],6
fold_2/sample_1823/image.png,"[0 0 0 0 0 0 0 0 0 0 0 0 0 0 0 0 0 0 0 0 0 0 0 0 0 0 0 0 0 0 0 0 0 0 0 0 1
 1 2 2 2 2 2]",6
fold_2/sample_1824/image.png,[1 1 1 1 1 1 1 2 2 2 2 2 2 2 2 2 2 2 2],6
fold_2/sample_1825/image.png,[0 0 0 0 0 0 1 1 1 1 1 2 2 2 2 2 2 2],6
fold_2/sample_1826/image.png,[0 0 0 0 0 0 0 0 0 0 0 0 1 1 2 2 2 2 2 2],6
fold_2/sample_1827/image.png,[0 0 0 0 0 0 0 0 0 0 0 0 0 0 0 0 1 1 1 2 2 2 2 2 2 2 2 2 2 2 2],6
fold_2/sample_1828/image.png,"[0 0 0 0 0 0 0 0 0 0 0 0 0 0 0 0 0 0 0 0 0 0 0 0 1 2 2 2 2 2 2 2 2 2 2 2 2
 2 2]",6
fold_2/sample_1829/image.png,[0 0 0 1 2 2 2 2 2 2 2 2 2 2 2 2 2 2 2],6
fold_2/sample_1830/image.png,[1 1 2 2 2 2 2 2 2 2 2 2 2 2],6
fold_2/sample_1831/image.png,[1 1 2 2 2 2 2 2 2 2 2 2 2 2 2 2 2 2 2 2],6
fold_2/sample_1832/image.png,[1 1 2 2 2 2 2 2 2 2 2 2 2 2 2 2 2 2 2 2 2 2 2],6
fold_2/sample_1833/image.png,[1 2 2 2 2 2 2 2 2 2 2 2],6
fold_2/sample_1834/image.png,[1 1 2 2 2 2 2 2 2 2 2 2 2 2 2 2 2 2 2 2 2 2],6
fold_2/sample_1835/image.png,[0 0 0 0 0 0 0 0 0 0 0 0 0 0 0 0 0 0 0 1 1 2 2 2 2],6
fold_2/sample_1836/image.png,[1 1 1 1 1 1 2 2 2 2 2 2 2 2 2 2 2 2 2 2 2 2 2 2],6
fold_2/sample_1837/image.png,[0 0 0 0 0 1 1 1 1 1 1 2 2 2 2 2 2 2 2 2 2 2],6
fold_2/sample_1838/image.png,[0 0 0 0 0 1 1 1 1 2 2 2 2 2 2 2 2 2 2 2],6
fold_2/sample_1839/image.png,[1 1 1 1 2 2 2 2 2 2 2 2 2 2 2 2 2 2 2 2 2 2 2 2 3],6
fold_2/sample_1840/image.png,[0 0 0 0 0 0 0 0 0 1 1 1 1 1 1 1 1 2 2 2 2 2 2 2 2 2 2 2 2],6
fold_2/sample_1841/image.png,[1 1 1 1 2 2 2 2 2 2 2 2 2 2 2 2 2 2 2 2 2],6
fold_2/sample_1842/image.png,[2 2 2 2 2 2 2 2 2 2 2 2 2 2 2 2 2 2],6
fold_2/sample_1843/image.png,[2 2 2 2 2 2 2 2 2 2 2 2 2 2 2 2 2 2 2 2 2],6
fold_2/sample_1844/image.png,[2 2 2 2 2 2 2 2 2 2],6
fold_2/sample_1845/image.png,[],7
fold_2/sample_1846/image.png,[],7
fold_2/sample_1847/image.png,[],7
fold_2/sample_1848/image.png,[],7
fold_2/sample_1849/image.png,[],7
fold_2/sample_1850/image.png,[],7
fold_2/sample_1851/image.png,[],7
fold_2/sample_1852/image.png,[],7
fold_2/sample_1853/image.png,[],7
fold_2/sample_1854/image.png,[0 0 0 0 0 0 0 0 0 0 0 0 0 0 2 2 2 2 2 2],7
fold_2/sample_1855/image.png,[0 0 0 0 0 0 0 0 0 0 0 0 0 0 0 1 2],7
fold_2/sample_1856/image.png,[0 0 0 0 0 0 0 0 0 1 2 2 2 2],7
fold_2/sample_1857/image.png,[0 0 0 0 0 0 0 0 0 0 0 0 0 0 0 2],7
fold_2/sample_1858/image.png,[2 2 2 2 2 2 2 2 2 2 2 2 2 2 2 2 2 2 2],7
fold_2/sample_1859/image.png,[2 2 2 2 2 2 2 2 2 2 2],7
fold_2/sample_1860/image.png,[2 2 2 2 2 2 2 2 2 2 2 2 2],7
fold_2/sample_1861/image.png,[2 2 2 2 2 2 2 2 2 2 2 2 2],7
fold_2/sample_1862/image.png,[0 0 2 2 2 2 2 2 2 2 2 2 2 2 2 2 2 2 2 2 2 2 2 2 2 2 2 2],7
fold_2/sample_1863/image.png,[1 2 2 2 2 2 2 2 2 2 2 2 2 2 2 2 2 2 2 2 2 2 2 2 2 2 2 2 2 2 2 2 2],7
fold_2/sample_1864/image.png,[0 0 0 0 0 0 0 0 0 0 0 0 0 0 0 0 0 0 0 1],7
fold_2/sample_1865/image.png,[1 1 1 2 2 2 2 2 2 2 2 2 2 2],7
fold_2/sample_1866/image.png,[0 0 0 0 0 0 0 0 0 0 0 0 0 1 2 2 2],7
fold_2/sample_1867/image.png,[1 1 1 1 1 1 2 2 2 2 2 2 2 2 2 2 2 2 2 2 2 2 2 2 2],7
fold_2/sample_1868/image.png,"[1 1 1 1 1 1 1 1 1 1 1 1 2 2 2 2 2 2 2 2 2 2 2 2 2 2 2 2 2 2 2 2 2 2 2 2 2
 2 2]",7
fold_2/sample_1869/image.png,[1 1 1 1 1 1 1 1 1 1 1 1 1 2 2 2 2 2 2 2 2 2 2 2 2 2 2 2 2 2 2 2 2],7
fold_2/sample_1870/image.png,[0 0 0 0 0 0 0 0 0 0 0 0 0 0 1 1 1 1 2 2 2 2 2 2 2 2 2 2 2 2 2 2 2 2],7
fold_2/sample_1871/image.png,"[1 1 1 1 1 1 1 1 1 1 1 1 1 1 1 1 1 1 1 2 2 2 2 2 2 2 2 2 2 2 2 2 2 2 2 2 2
 2 2 2]",7
fold_2/sample_1872/image.png,[1 1 1 1 1 1 1 1 1 1 1 1 1 1 1 1 1 2 2 2 2 2 2 2 2 2 2 2 2 2 2 2 2 2 2 2 2],7
fold_2/sample_1873/image.png,[0 0 0 0 0 0 0 0 0 1 1 1 1 1 1 1 1 2 2 2 2 2 2 2 2 2],7
fold_2/sample_1874/image.png,[0 0 0 0 0 0 0 0 0 0 0 0 1 2 2 2 2 2 2 2 2 2],7
fold_2/sample_1875/image.png,[1 1 1 1 1 1 1 1 1 1 1 1 1 1 1 1 1 2 2 2 2 2 2 2 2 2 2],7
fold_2/sample_1876/image.png,[],7
fold_2/sample_1877/image.png,"[1 1 1 1 1 1 1 1 1 1 1 1 1 1 1 1 1 1 1 1 1 1 1 1 1 1 1 1 1 1 1 1 1 1 1 1 1
 1 2 2 2 2 2 2 2 2 2 2 2 2 2]",7
fold_2/sample_1878/image.png,"[0 0 1 1 1 1 1 1 1 1 1 1 1 1 1 1 1 1 1 1 1 1 1 1 1 1 1 1 1 1 1 1 1 1 1 1 1
 1 1 2 2 2 2 2]",7
fold_2/sample_1879/image.png,[0 0 0 1 1 1 1 1 1 1 1 1 1 1 1 1 2 2],7
fold_2/sample_1880/image.png,[0 0 1 1 1],7
fold_2/sample_1881/image.png,"[0 0 0 0 0 0 0 0 0 0 0 0 0 0 0 0 0 0 0 0 0 1 1 1 1 1 1 1 1 1 1 1 1 1 1 1 1
 1 1 1 1 1 1 1 1 1 1 1 1 1 1 1 1 2 2]",7
fold_2/sample_1882/image.png,"[0 0 0 0 0 0 0 0 0 0 0 0 0 0 1 1 1 1 1 1 1 1 1 1 1 1 1 1 1 1 1 1 1 1 1 1 1
 1 1 1 1 2]",7
fold_2/sample_1883/image.png,[0 0 0 0 0 0 0 0 0 0 0 0 0 0 0 0 0 0 0],7
fold_2/sample_1884/image.png,[0 0 0 0 0 0 0 0 0 0 0 0 0 0 0],7
fold_2/sample_1885/image.png,[0 0 0 0 0 0 0 0 0 0 0 0 0 0],7
fold_2/sample_1886/image.png,[0 0 0 0 0 0 0 0 0 0 0 0 0 0 0 0 0 0 0 0 2],7
fold_2/sample_1887/image.png,[0 0 0 0 0 0 0 0 0 0 0 0 0 0 0 2 2],7
fold_2/sample_1888/image.png,[0 0 0 0 0 0 0 0 2 2],7
fold_2/sample_1889/image.png,[],7
fold_2/sample_1890/image.png,[0 0 0 0 0 0 0 0 2 2 2 2 2 2],7
fold_2/sample_1891/image.png,[0 0 2 2 2 2],7
fold_2/sample_1892/image.png,[0 0 0 0 0 0 0 0 0 2 2],7
fold_2/sample_1893/image.png,[0 0 0 0 0 0 0 0 0 0],7
fold_2/sample_1894/image.png,"[1 1 1 1 1 1 1 1 1 1 1 1 1 1 1 1 1 1 1 1 1 1 1 1 1 1 1 1 1 1 1 1 1 1 1 1 1
 1 1 1 1 1 1 1 1 1 1 1 1 1 1 1 1 1 1 1 1 1 1 1 1 1 1 1 1 1 1 1 1 1 1 1 1 1
 1 1 1 1 1 1 1 1 1 1 1]",7
fold_2/sample_1895/image.png,"[1 1 1 1 1 1 1 1 1 1 1 1 1 1 1 1 1 1 1 1 1 1 1 1 1 1 1 1 1 1 1 1 1 1 1 1 1
 1 1 1 1 1 1 1 1 1 1 1 1 1 1 1 1 1 1 1 1 1 1 1 1 1 1 1 1 1 1 1 1 1 1 1 1 1
 1 1 1 1 1 1 1 1 1 1 1 1 1 1 2 2 2 2 2 2 2 2 2 2 2]",7
fold_2/sample_1896/image.png,"[0 0 0 0 0 0 1 1 1 1 1 1 1 1 1 1 1 1 1 1 1 1 1 1 1 1 1 1 1 1 1 1 1 1 1 1 1
 1 1 1 1 1 1 1 1 1 1 1 1 1 1 1 1 1 1 1 1 1 1 1 1 1 1 2 2 2]",7
fold_2/sample_1897/image.png,[0 0 0 0 0 0 0 0 0 0 1 2 2 2 2 2 2 2 2],7
fold_2/sample_1898/image.png,[0 0 0 0 0 0 0 0 0 0 0 0 0 0 0 0 0 0 1 2 2],7
fold_2/sample_1899/image.png,[0 0 0 0 0 0 0 0 0 0 0 0 0 2 2 2 2 2],7
fold_2/sample_1900/image.png,[0 0 0 0 0 0 0 0 0 0 0 0 0 0 0 0 0 1 1 1 1 1 1],7
fold_2/sample_1901/image.png,[1 1 2 2 2 2],7
fold_2/sample_1902/image.png,[1 1 1 1 2 2 2 2 2 2 2 2 2 2 2],7
fold_2/sample_1903/image.png,[1 2 2 2 2 2 2 2],7
fold_2/sample_1904/image.png,[1 2 2 2 2 2 2 2 2 2 2 2 2 2],7
fold_2/sample_1905/image.png,[1 1 1 2 2 2 2 2],7
fold_2/sample_1906/image.png,[1 2 2 2 2 2],7
fold_2/sample_1907/image.png,[1 1 1 2 2 2 2 2 2 2 2 2 2 2 2],7
fold_2/sample_1908/image.png,[0 0 0 0 0 0 0 0 0 0 0 0 0 0 0 0 1 1 2 2 2 2 2 2 2 2 2 2 2],7
fold_2/sample_1909/image.png,[0 1 2 2 2 2 2 2 2 2 2 2 2],7
fold_2/sample_1910/image.png,[0 0 0 0 0 0 0 0 0 0 0 0 0 0 0 0 0 0 0 0 0 0 0 0 0 0 0 0 0 0 2 2 2 2 2],7
fold_2/sample_1911/image.png,[1 2 2 2 2 2 2 2 2 2 2 2],7
fold_2/sample_1912/image.png,[1 1 2 2 2 2 2 2 2 2 2],7
fold_2/sample_1913/image.png,[1 1 1 1 2 2 2 2 2 2 2 2 2],7
fold_2/sample_1914/image.png,[1 1 1 1 1 1 1 2 2 2 2 2 2 2 2 2 2 2 2 2 2 2],7
fold_2/sample_1915/image.png,[1 2 2 2 2 2 2 2 2 2 2 2 2 2 2],7
fold_2/sample_1916/image.png,[1 1 1 1 1 1 2 2 2 2 2 2 2 2 2 2 2 2 2 2 2 2 2 2 2 2 2 2 2 2],7
fold_2/sample_1917/image.png,[1 1 1 1 1 1 1],7
fold_2/sample_1918/image.png,[1 1 1 1 2 2 2 2 2 2 2 2],7
fold_2/sample_1919/image.png,[1 2 2 2 2],7
fold_2/sample_1920/image.png,[4 4 4 4 4 4 4 4],7
fold_2/sample_1921/image.png,[],7
fold_2/sample_1922/image.png,[4 4 4 4 4 4 4 4 4 4 4 4],7
fold_2/sample_1923/image.png,[4],7
fold_2/sample_1924/image.png,[4 4],7
fold_2/sample_1925/image.png,[4],7
fold_2/sample_1926/image.png,[4 4 4 4 4 4 4],7
fold_2/sample_1927/image.png,[4 4 4 4 4 4 4 4 4 4 4],7
fold_2/sample_1928/image.png,[],7
fold_2/sample_1929/image.png,[],7
fold_2/sample_1930/image.png,[],7
fold_2/sample_1931/image.png,[],7
fold_2/sample_1932/image.png,[],7
fold_2/sample_1933/image.png,[],7
fold_2/sample_1934/image.png,[2 2 2 2 2],7
fold_2/sample_1935/image.png,[2 2 2 2],7
fold_2/sample_1936/image.png,[],7
fold_2/sample_1937/image.png,[2 2 2 2],7
fold_2/sample_1938/image.png,[2 2 2],7
fold_2/sample_1939/image.png,[2],7
fold_2/sample_1940/image.png,[2],7
fold_2/sample_1941/image.png,[2 2 2 2 2 2 2 2 2 2 2 2 2 2 2 2 2 2 2 2],7
fold_2/sample_1942/image.png,[2 2 2 2 2 2 2 2 2 2 2 2 2 2 2 2 2],7
fold_2/sample_1943/image.png,[2 2 2 2 2 2 2 2 2 2 2],7
fold_2/sample_1944/image.png,[1 2 2 2 2 2 2 2 2 2 2 2 2 2 2 2 2 2 2 2 2 2],7
fold_2/sample_1945/image.png,[2 2 2 2 2 2 2 2 2 2 2 2 2 2 2 2 2 2 2 2],7
fold_2/sample_1946/image.png,[2 2 2 2 2 2 2 2 2 2 2 2 2 2 2],7
fold_2/sample_1947/image.png,[2 2 2 2 2 2 2 2 2 2 2 2 2 2 2 2 2 2 2 2 2 2 2 2 2 2 2 2 2],7
fold_2/sample_1948/image.png,[2 2 2 2 2 2 2 2 2 2 2 2 2 2 2 2 2 2 2 2 2 2 2 2 2 2 2 2 2 2 2 2 2 2 2],7
fold_2/sample_1949/image.png,[2 2 2 2 2 2 2 2 2 2 2 2 2 2 2 2 2 2 2 2 2],7
fold_2/sample_1950/image.png,[2 2 2 2 2 2 2 2 2 2 2 2 2 2 2 2 2 2],7
fold_2/sample_1951/image.png,[2 2 2 2 2 2 2 2 2 2 2 2 2 2 2 2 2 2 2 2 2 2 2 2 2 2 2 2 2 2],7
fold_2/sample_1952/image.png,[2 2 2 2 2 2 2 2 2 2 2 2 2 2 2 2 2 2 2 2 2 2 2 2 2 2 2 2 2 2 2 2],7
fold_2/sample_1953/image.png,[2 4 4 4],7
fold_2/sample_1954/image.png,[1 2 2],7
fold_2/sample_1955/image.png,[4 4 4],7
fold_2/sample_1956/image.png,[2 2],7
fold_2/sample_1957/image.png,[1 2 2 2 2 2],7
fold_2/sample_1958/image.png,[1 2 2 2 2 2 4 4],7
fold_2/sample_1959/image.png,[2 2 2 2 4 4],7
fold_2/sample_1960/image.png,[2 2 2],7
fold_2/sample_1961/image.png,[2 2 2 2 2 2 2 4 4 4],7
fold_2/sample_1962/image.png,[0 0 0 0 0 0 0 0 0 0 0 0 0 0 0 0 0 0 0 0 0 0 0 0 0 0 0 0 0 0 1 2 2 2 2 2],7
fold_2/sample_1963/image.png,"[0 0 0 0 0 0 0 0 0 0 0 0 0 0 0 0 0 0 0 0 0 0 0 0 0 1 2 2 2 2 2 2 2 2 2 2 2
 2 2]",7
fold_2/sample_1964/image.png,[0 0 0 0 0 0 0 0 0 0 0 0 0 0 0 0 0 0 0 0 1 2 2 2 2 2 2 2 2 2 2 2 2 2],7
fold_2/sample_1965/image.png,[2 2 2 2 2 2],7
fold_2/sample_1966/image.png,[1 2 2 2 2 2 2 2 2 2 2 2 2],7
fold_2/sample_1967/image.png,[1 2 2 2 2 2 2 2 2 2 2 2],7
fold_2/sample_1968/image.png,[1 2 2 2 2 2 2 2 2 2 2 2],7
fold_2/sample_1969/image.png,"[0 0 0 0 0 0 0 0 0 0 0 0 0 0 0 0 0 0 0 0 0 0 0 0 0 0 0 0 0 0 0 0 0 0 0 0 0
 0 0 0 0 0 0 0 0]",7
fold_2/sample_1970/image.png,[0 0 0 0 0 0 0 0 0 0 0 0 0 0 0 0 0 0 0 0 0 0 0 0 0 0 0],7
fold_2/sample_1971/image.png,[0 0 0 0 0 0 0 0 0 0 0 0 0 0 0 0 0 0 0 0 0 0 0 0 0 0 0 0 0 0 0 0 0 2 2 2],7
fold_2/sample_1972/image.png,[0 0 0 0 0 0 0 0 0 2 2 2 2 2 2 2 2 2 2 2 2 2],7
fold_2/sample_1973/image.png,[0 0 0 0 0 0 0 2 2 2 2 2 2 2 2 2 2 2 2 2 2 2],7
fold_2/sample_1974/image.png,[0 0 0 0 0 0 0 0 0 0 0 0 0 0 0 0 0 0 0 0 2 2 2],7
fold_2/sample_1975/image.png,[0 0 0 0 0 0 0 0 0 0 0 0 0 0 0 0 0 0 0 0 0 0 0 2 2],7
fold_2/sample_1976/image.png,[0 0 0 0 0 0 0 0 0 0 0 0 0 0 0 0 0 0 0 0 0 0],7
fold_2/sample_1977/image.png,[0 0 0 0 0 0 0 0 0 0 0 0 0 0 0 0 0 0 0 0 1 1 1 1 1 1 1 2 2 2],7
fold_2/sample_1978/image.png,[1 1 1 1 1 1 1 1 1 1 1 1 1 1 1 1 1 1 1 1 1 1 1 2 2 2 2 2 2 2 2 2 2],7
fold_2/sample_1979/image.png,"[0 0 0 0 0 1 1 1 1 1 1 1 1 1 1 1 1 1 1 1 1 1 1 1 1 1 1 1 1 1 1 1 1 1 1 1 1
 1 1 1 1 1 2 2 2 2 2 2 2 2 2 2 2]",7
fold_2/sample_1980/image.png,[0 0 0 0 0 1 1 1 1 1 1 1 1 1 1 1 1 1 1 1 1 1 1 1 1 2 2 2 2 2 2 2 2],7
fold_2/sample_1981/image.png,[0 1 1 1 1 1 1 1 1 1 1 1 1 1 1 1 1 2 2 2 2 2 2 2 2 2 2],7
fold_2/sample_1982/image.png,[0 0 0 0 0 0 0 0 0 0 0 0 0 0 0 0 0 0],7
fold_2/sample_1983/image.png,[0 0 0 0 0 0 0 0 0 0 0 0 0 0 0 0 0 0 0 0 0 1 1],7
fold_2/sample_1984/image.png,"[0 0 0 0 0 0 0 0 0 0 0 0 0 0 0 0 0 0 0 0 0 0 0 0 0 0 0 0 0 0 0 0 0 0 0 0 0
 0 0 0 1 1 1 2 2]",7
fold_2/sample_1985/image.png,[0 0 0 0 0 0 0 0 0 0 0 0 0 0 0 0 0 2 2 2 2 2 2 2 2 2 2 2],7
fold_2/sample_1986/image.png,[0 0 0 0 0 0 0 0 0 0 0 0 0 0 0 0 0 0 0 0 0 0 0 0 0 0 0 0 0 0 0 0 0 1 1],7
fold_2/sample_1987/image.png,[0 0 0 0 0 0 0 0 0 0 0 0 0 0 0 0 0 0 0 0 0 0 0 1 1 1],7
fold_2/sample_1988/image.png,[0 0 0 0 0 0 0 0 0 0 0 0 0 0 0 0 0 0 0 1 2 2 2 2 2 2],7
fold_2/sample_1989/image.png,[0 0 0 0 0 0 0 0 0 0 0 0 0 0 0 1 2 2 2 2 2 2 2 2 2],7
fold_2/sample_1990/image.png,[0 0 0 0 0 0 0 0 0 0 0 0 0 0 0 0 0 2 2 2 2 2 2],7
fold_2/sample_1991/image.png,"[0 0 0 0 0 0 0 0 0 0 0 0 0 0 0 0 0 0 0 0 0 0 0 0 0 0 0 0 0 0 0 0 0 0 0 0 0
 0 0 0 0 0 0 0 0 0 0 0 0 0 0 0 1 1]",7
fold_2/sample_1992/image.png,[0 0 0 0 1 1 1 1 1 1 1 1 1 1 3 3 3 3 3],7
fold_2/sample_1993/image.png,[0 0 0 0 0 0 0 0 0 0 0 0 0 1 1 1 1 1 1 1 1 1 1 3 3 3 3 3 3],7
fold_2/sample_1994/image.png,[0 1 1 1 1 1 1 1 1 1 1 1 1 1 1 1 1 1 1 1 1 1 1 1 1 1 3 3 3 3 3 3 3 3 3],7
fold_2/sample_1995/image.png,"[0 0 0 0 0 0 0 0 0 0 0 0 0 0 0 0 0 0 0 0 0 0 0 0 0 0 0 0 0 0 0 0 0 1 1 1 3
 3 3]",7
fold_2/sample_1996/image.png,[1 1 1 1 1 1 1 1 3 3 3 3 3 3 3 3],7
fold_2/sample_1997/image.png,[0 0 0 0 0 1 1 1 1 1 1 1 1 1 1 1 1 3 3 3],7
fold_2/sample_1998/image.png,[],7
fold_2/sample_1999/image.png,[],7
fold_2/sample_2000/image.png,[],7
fold_2/sample_2001/image.png,[2],7
fold_2/sample_2002/image.png,[1 1 2],7
fold_2/sample_2003/image.png,[],7
fold_2/sample_2004/image.png,[],7
fold_2/sample_2005/image.png,[],7
fold_2/sample_2006/image.png,[2],7
fold_2/sample_2007/image.png,[0 0 0 0 0 0 0 0 0 0 0 0 0 0 0 0 0 0 0 0 0 0 0 0 0 0 0 2 2 2 2 2 2 2 2],7
fold_2/sample_2008/image.png,[0 0 0 0 0 0 0 0 0 0 0 0 0 0 0 0 0 0 0 0 0 0 0 0 0 1 1 2 2 2 2 2 2 2 2 2 2],7
fold_2/sample_2009/image.png,"[0 0 1 1 1 1 1 1 1 1 1 1 1 1 1 1 1 1 2 2 2 2 2 2 2 2 2 2 2 2 2 2 2 2 2 2 2
 2 2 2 2 2 2 2 2 2]",7
fold_2/sample_2010/image.png,[0 0 0 0 0 0 0 0 1 1 1 1 2 2 2 2 2 2 2 2 2 2 2 2 2 2 2 2 2],7
fold_2/sample_2011/image.png,"[0 0 0 0 0 0 0 0 0 0 0 0 0 0 1 1 1 1 1 1 1 2 2 2 2 2 2 2 2 2 2 2 2 2 2 2 2
 2 2 2 2 2 2 2]",7
fold_2/sample_2012/image.png,[0 0 0 0 0 0 0 0 0 0 0 0 0 0 0 0 0 0 0 0 1 2 2 2 2 2 2 2 2 2 2 2 2],7
fold_2/sample_2013/image.png,"[0 0 0 0 0 0 0 0 0 0 0 0 0 0 0 0 0 0 0 0 0 0 0 0 0 0 0 0 0 0 0 0 0 0 0 0 0
 0 1]",7
fold_2/sample_2014/image.png,[0 0 0 0 0 0 0 0 0 0 0 0 0 0 0 2 2 2 2 2 2 2],8
fold_2/sample_2015/image.png,[0 0 0 0 0 0 0 0 0 2 2 2 2],8
fold_2/sample_2016/image.png,[0 0 0 0 0 0 0 0 0 0 0 0 0 0 0 0 0 0 2 2],8
fold_2/sample_2017/image.png,[0 0 0 0 0 0 0 0 0 0 0 0 0 0 0 0 0 0 0 0 2],8
fold_2/sample_2018/image.png,[0 0 0 0 0 0 0 0 0 0 0 0 0 0 0 0 0 0 2 2 2 2],8
fold_2/sample_2019/image.png,[],8
fold_2/sample_2020/image.png,[1],8
fold_2/sample_2021/image.png,[],8
fold_2/sample_2022/image.png,[1 1 1 1 1],8
fold_2/sample_2023/image.png,[1],8
fold_2/sample_2024/image.png,[1 1 1],8
fold_2/sample_2025/image.png,[2 2 2 2 2 2 2 2 2 2 2 2 2],8
fold_2/sample_2026/image.png,[2 2 2 2],8
fold_2/sample_2027/image.png,[2 2 2 2 2 2 2],8
fold_2/sample_2028/image.png,[2 2 2 2 2 2 2 2 2 2 2],8
fold_2/sample_2029/image.png,[2 2 2 2 2 2 2 2 2 2 2 2 2],8
fold_2/sample_2030/image.png,[0 0 0 0 0 0 0 0 0 0 0 0 0 0 0 0 0 0 0 1 1 1 1 1 1 1 2 2 2 2 2 2 2 2],8
fold_2/sample_2031/image.png,[0 0 0 0 0 0 0 0 0 0 0 0 0 0 0 0 0 0 0 0 0 0 0 0 0 0 0 0 0 0 1 1 1 2 2 2 2],8
fold_2/sample_2032/image.png,[0 0 0 0 0 0 0 0 0 0 0 0 0 0 0 0 0 0 1 1 2 2 2 2 2 2 2],8
fold_2/sample_2033/image.png,[0 0 0 0 0 0 0 0 0 0 0 0 0 0 0 0 0 0 0 0 0 0 0 0 1 1 2 2 2 2 2 2],8
fold_2/sample_2034/image.png,[0 0 0 0 0 0 0 0 0 0 0 0 0 0 0 0 0 0 0 0 0 0 0 2 2 2 2 2 2],8
fold_2/sample_2035/image.png,[0 0 0 0 0 0 0 0 0 0 0 0 0 0 0 0 0 0 0 0 0 0 0 0 1 1 2 2],8
fold_2/sample_2036/image.png,[2 2 4 4],8
fold_2/sample_2037/image.png,[2 2 4 4 4 4 4],8
fold_2/sample_2038/image.png,[2 2 2 2 2 2 2 2 2 4 4 4 4 4 4 4 4 4 4 4 4 4],8
fold_2/sample_2039/image.png,[2 2 2 2 2 2 4 4 4 4 4],8
fold_2/sample_2040/image.png,[2 2 4 4 4 4 4 4 4],8
fold_2/sample_2041/image.png,[1 1 2 4 4 4 4 4 4 4 4 4 4],8
fold_2/sample_2042/image.png,[0 0 0 0 0 0 0 0 0 0 1 2 2 2 2 2 2 2 2 2 2 2 2 2 2 2 2 2],9
fold_2/sample_2043/image.png,[0 0 0 0 0 0 0 0 0 1 1 2 2 2 2],9
fold_2/sample_2044/image.png,[0 0 0 0 0 0 0 0 0 0 1 1 2],9
fold_2/sample_2045/image.png,[0 0 0 0 0 0 2 2 2],9
fold_2/sample_2046/image.png,[0 0 0 0 0 0 0 0 0 0 0 2 2],9
fold_2/sample_2047/image.png,[0 0 0 0 0 0 0 0 0 0 0 2 2],9
fold_2/sample_2048/image.png,[0 0 0 0 0 0 0 0 0 2],9
fold_2/sample_2049/image.png,[0 0 0 0 0 0 0 0 0 2],9
fold_2/sample_2050/image.png,[0 0 0 0 0 0 0 0 0],9
fold_2/sample_2051/image.png,[1 2 2 2 2 2 2 2 2],9
fold_2/sample_2052/image.png,[1 1 1 2 2 2 2 2],9
fold_2/sample_2053/image.png,[1 1 1 2 2 2 2 2 2 2 2 2 2],9
fold_2/sample_2054/image.png,[1 1 1 2 2 2 2 2 2 2 2 2 2 2 2 2],9
fold_2/sample_2055/image.png,[1 2 2 2 2 2 2 2 2],9
fold_2/sample_2056/image.png,[1 1 1 2 2 2 2 2],9
fold_2/sample_2057/image.png,[1 2 2 2 2 2 2],9
fold_2/sample_2058/image.png,[1 1 2 2 2 2 2 2 2 2 2],9
fold_2/sample_2059/image.png,[1 1 2 2 2 2 2 2 2 2 2 2 2],9
fold_2/sample_2060/image.png,[0 1 1 1 1 1 1 2 2 2 2 2 2 2 2 2 2 2 2 2 2 2 2 2 2 2 2],9
fold_2/sample_2061/image.png,[0 0 0 0 0 0 0 0 0 0 0 0 0 0],9
fold_2/sample_2062/image.png,[1 2 2 2 2 2 2 2 2 2 2 2 2 2 2 2 2 2 2 2 2 2 2 2],9
fold_2/sample_2063/image.png,[0 0 0 0 0 0 1 1 1 1 1 1 1 1 2 2 2 2 2 2 2 2 2 2],9
fold_2/sample_2064/image.png,"[1 1 2 2 4 4 4 4 4 4 4 4 4 4 4 4 4 4 4 4 4 4 4 4 4 4 4 4 4 4 4 4 4 4 4 4 4
 4 4 4 4 4 4 4 4 4 4 4 4 4 4 4 4 4 4 4 4 4 4 4 4 4 4 4 4]",9
fold_2/sample_2065/image.png,"[1 1 1 2 2 2 2 2 2 2 2 2 2 2 2 2 2 2 2 2 4 4 4 4 4 4 4 4 4 4 4 4 4 4 4 4 4
 4 4 4 4 4 4 4 4 4 4 4 4 4 4 4 4 4 4 4 4 4 4 4 4 4 4 4 4 4 4 4 4 4]",9
fold_2/sample_2066/image.png,"[1 1 1 1 1 2 2 2 2 2 2 2 2 2 4 4 4 4 4 4 4 4 4 4 4 4 4 4 4 4 4 4 4 4 4 4 4
 4 4 4 4 4 4 4 4 4 4 4 4 4 4 4 4]",9
fold_2/sample_2067/image.png,"[0 0 0 1 1 2 2 2 2 2 2 2 2 4 4 4 4 4 4 4 4 4 4 4 4 4 4 4 4 4 4 4 4 4 4 4 4
 4 4 4 4]",9
fold_2/sample_2068/image.png,"[1 2 2 2 2 2 2 2 2 2 2 2 2 2 2 4 4 4 4 4 4 4 4 4 4 4 4 4 4 4 4 4 4 4 4 4 4
 4]",9
fold_2/sample_2069/image.png,[1 2 2 2 2 2 2 2 2 2 2 2 2 2 2 4 4 4 4 4 4 4 4 4 4 4 4 4 4 4 4 4 4 4 4],9
fold_2/sample_2070/image.png,[1 2 2 2 2 2 2 2 2 2 2 2 2 2 2 2 2 2 2 2 2 2 2 2 4 4],9
fold_2/sample_2071/image.png,[1 4 4 4 4 4 4 4 4 4 4 4 4],9
fold_2/sample_2072/image.png,[2 2 4 4 4 4 4 4 4 4 4 4],9
fold_2/sample_2073/image.png,[0 0 0 0 0 0 0 0 0 0 0 0 0 0 0 0 0 0 0 0 0 0 0 0 0 0 0 0 0 0 0 0 0 2 2 2 2],9
fold_2/sample_2074/image.png,[0 0 0 0 0 0 0 0 0 0 0 0 0 0 0 0 0 0 0 0 0 0 0 0 0 0 0 0 0 0 1 2 2 2 2 2 2],9
fold_2/sample_2075/image.png,[0 0 0 0 0 0 0 0 0 0 0 0 0 0 0 0 0 0 1 2 2 2],9
fold_2/sample_2076/image.png,[0 0 0 0 1 1 1 1 1 1 1 2 2 2 2 2 2 2 2 2 2 2 2 2 2 2],9
fold_2/sample_2077/image.png,[1 1 1 1 1 1 1 1 1 2 2 2 2 2 2 2 2 2 2 2 2 2 2 2 2 2 2],9
fold_2/sample_2078/image.png,[0 0 0 0 0 0 0 0 0 0 0 0 0 0 0 0 0 0 0 0 0 0 0 0 0 0 0 0 0 0 0 1],9
fold_2/sample_2079/image.png,[0 0 0 0 0 0 0 0 0 0 0 0 0 0 0 0 0 0 0 0 0 0 0 0 0 0 1 1 1],9
fold_2/sample_2080/image.png,[2 2 2 2 2 2 2 2 2 2 2 2],9
fold_2/sample_2081/image.png,[2 2 2 2 2 2 2 2 2 2],9
fold_2/sample_2082/image.png,[1 2 2 2 2 2 2 2 2 2 2 2 2 2 2],9
fold_2/sample_2083/image.png,[0 0 0 0 0 0 0 0 0 0 0 0 0 0 0 0 0],9
fold_2/sample_2084/image.png,[0 0 0 0 0 0 0 0 0 0 0 1 1 1 1 1 1 1 1 1 2 2 2 2 4],9
fold_2/sample_2085/image.png,[0 0 0 0 0 0 0 0 0 0 0 0 0 0 0 0 0 0 0 0 0 0 0 0 0 1 1 1],9
fold_2/sample_2086/image.png,[2 2 2 2 2 2 2 2 2 2 2 2],9
fold_2/sample_2087/image.png,[0 0 0 0 0 0 0 0 0 0 0 0 0 2 2 2 2 2 2 2],9
fold_2/sample_2088/image.png,[1 1 2 2 2 2 2 2 2 2 2 2 2 2 2 2 2],9
fold_2/sample_2089/image.png,[0 0 0 0 0 2 2 2 2 2 2 2 2],9
fold_2/sample_2090/image.png,[4 4 4 4 4 4 4],9
fold_2/sample_2091/image.png,[1 1 1 2 4 4 4 4 4 4 4 4 4 4 4 4 4 4 4 4 4 4],9
fold_2/sample_2092/image.png,[2 4 4 4 4 4 4 4 4 4 4 4 4 4 4 4 4 4],9
fold_2/sample_2093/image.png,[1 4 4 4 4 4 4 4 4 4 4 4 4],9
fold_2/sample_2094/image.png,[1 2 2 4 4 4 4 4 4 4 4 4 4 4 4],9
fold_2/sample_2095/image.png,[1 1 4 4 4 4 4 4 4 4 4 4 4 4 4 4 4 4 4 4 4],9
fold_2/sample_2096/image.png,[1 2 4 4 4 4 4 4 4 4 4 4 4 4 4 4],9
fold_2/sample_2097/image.png,[2 4 4 4 4 4 4 4 4 4 4 4 4 4],9
fold_2/sample_2098/image.png,[1 1 2 4 4 4 4 4 4 4 4 4 4 4 4 4 4 4],9
fold_2/sample_2099/image.png,[1 2 2 2 2 2 2 2 2 2 2 2],9
fold_2/sample_2100/image.png,[0 0 0 0 0 0 0 0 0 0 0 2 2 2 2],9
fold_2/sample_2101/image.png,[0 0 0 0 0 2 2 2 2 2 2 2 2 2 2 2 2 2],9
fold_2/sample_2102/image.png,[0 0 0 0 0 0 0 0 0 0 0 0 0 0 0 0 0 0 1 2 2 2],9
fold_2/sample_2103/image.png,[0 0 0 0 0 0 0 0 0 0 0 0 0 0 0 0 0 0 0 0 0 0 0 0 0 0 0 1 2 2 2 2 2 2],9
fold_2/sample_2104/image.png,[0 0 0 0 0 0 0 0 0 0 0 0 0 0 0 0 0 0 0 0 0 0 0 0 0 0 0 0 0],9
fold_2/sample_2105/image.png,[0 0 0 0 0 0 0 0 0 1 1 1 2 2 2 2 2 2 2 2 2 2],9
fold_2/sample_2106/image.png,[0 0 0 0 0 0 0 0 0 0 0 0 0 0 0 0 0 0],9
fold_2/sample_2107/image.png,[0 0 0 0 0 0 0 0 0 0 0 0 0 0 0 0 0 1 2],9
fold_2/sample_2108/image.png,[0 0 0 0 0 0 0],10
fold_2/sample_2109/image.png,[0 0 0 0 0 0 0 0 0 0 0 0 0 0 0 0 2],10
fold_2/sample_2110/image.png,[0 0 0 0 0 0 0 0 0 0 0 0 0 0 0 0 0 0 0 0 0 1 2],10
fold_2/sample_2111/image.png,[0 0 0 0 0 0 0 0 0 0 0 0 0 0 0 0 0 0 0 0 0 0 0 1 1 1 2],10
fold_2/sample_2112/image.png,[0 0 0 0 0 0 0 0 0 0 0 0 0 0 0 0 0 0 0 0 1 2],10
fold_2/sample_2113/image.png,[0 0 0 0 1 1 2 2 2 2 2 2],10
fold_2/sample_2114/image.png,[0 0 0 0 0 0 0 0 0 0 0 0 0 0 0 0 0 0 1 1 2],10
fold_2/sample_2115/image.png,[0 0 0 0 0 0 0 0 0 0 0 0 0 0 0 0 0 0 0 0 1 1 1],10
fold_2/sample_2116/image.png,[0 1 1 1],10
fold_2/sample_2117/image.png,[1 1 2 2 2 2 2 2],11
fold_2/sample_2118/image.png,[1 1 2 2 2 2 2 2 2],11
fold_2/sample_2119/image.png,[1 1 1 1 1 2 2 2 2 2 2 2 2 2 2 2 2],11
fold_2/sample_2120/image.png,[2 2 2 2 2 2 2 2 2 2 2],11
fold_2/sample_2121/image.png,[1 2 2 2 2 2 2 2 2 2],11
fold_2/sample_2122/image.png,"[1 1 1 2 2 2 2 2 2 2 2 2 2 2 2 2 2 2 2 2 2 2 2 2 2 2 2 2 2 2 2 2 2 2 2 2 2
 2 2 2 2 2 2]",11
fold_2/sample_2123/image.png,"[1 1 1 2 2 2 2 2 2 2 2 2 2 2 2 2 2 2 2 2 2 2 2 2 2 2 2 2 2 2 2 2 2 2 2 2 2
 2 2 2 2]",11
fold_2/sample_2124/image.png,"[1 2 2 2 2 2 2 2 2 2 2 2 2 2 2 2 2 2 2 2 2 2 2 2 2 2 2 2 2 2 2 2 2 2 2 2 2
 2 2 2 2 2 2 2 2 2 2]",11
fold_2/sample_2125/image.png,"[1 2 2 2 2 2 2 2 2 2 2 2 2 2 2 2 4 4 4 4 4 4 4 4 4 4 4 4 4 4 4 4 4 4 4 4 4
 4 4 4 4 4 4]",11
fold_2/sample_2126/image.png,[4 4 4 4 4 4 4 4 4 4 4 4 4 4 4 4 4 4 4 4 4 4 4 4 4 4],11
fold_2/sample_2127/image.png,"[1 1 2 2 2 2 2 2 2 2 2 2 2 2 2 2 2 2 2 2 2 2 2 2 2 2 4 4 4 4 4 4 4 4 4 4 4
 4 4 4 4 4 4 4 4]",11
fold_2/sample_2128/image.png,[1 2 2 2 2 2 2 2 2 2 2 2 4 4 4 4 4 4 4 4 4 4 4 4 4 4 4 4 4 4],11
fold_2/sample_2129/image.png,[1 2 2 2 2 2 4 4 4 4 4 4 4 4 4 4 4 4 4 4 4 4 4 4 4 4 4 4 4 4 4],11
fold_2/sample_2130/image.png,[1 1 1 2 2 2 2 2 2 2 2 2 2 2 2 2 2 2 2 2 2 2 2 2 2 2 2 2 2 2 2 2 2 2 2 2],11
fold_2/sample_2131/image.png,[0 0 0 0 0 0 0 0 0 0 0 0 0 0 0 0 0 0 0 0 0 0 0 0 2 2 2],11
fold_2/sample_2132/image.png,[0 0 0 0 0 0 0 0 0 0 0 0 0 0 0 0 0 2],11
fold_2/sample_2133/image.png,[0 0 0 0 0 0 0 0 0 0 0 0 0 0 0 0 0 0 0 0 0],11
fold_2/sample_2134/image.png,[0 0 0 0 2],11
fold_2/sample_2135/image.png,[0 0 0 0 0 0 0 0 0 0 0 0 0 0 0 0 0 0 0 0 0 0 0 2],11
fold_2/sample_2136/image.png,[0 0 0 0 0 0 0 0 0 0 0 0 0 0 0 0 0 0 2],11
fold_2/sample_2137/image.png,[0 1 1 1 2 2 2 2 2 2 2 2 2],11
fold_2/sample_2138/image.png,[0 0 0 0 0 0 0 0 1 1 2 2 2 2 2 2 2 2 2 2],11
fold_2/sample_2139/image.png,[1 2 2 2 2 2],11
fold_2/sample_2140/image.png,[0 0 0 0 0 1 1 2 2 2 2 2 2 2 2 2 2],11
fold_2/sample_2141/image.png,[0 0 0 0 0 0 0 0 0 0 0 0 1 1 1 1 1 2 2 2 2 2 2 2 2 2 2 2 2 2 2 2],11
fold_2/sample_2142/image.png,[0 0 0 0 0 0 0 0 0 0 0 0 0 0 0 0 0 0 0 0 0 0 0 0 0 1 1 2 2 2 2 2],11
fold_2/sample_2143/image.png,[0 0 0 0 0 0 0 0 0 0 0 0 0 0],11
fold_2/sample_2144/image.png,[0 0 0 0 0 0 0 0 0 0 0 0 0 0 0 0 0 0 0 0 0],11
fold_2/sample_2145/image.png,[0 0 0 0 0 0 0 0 0 0 0 0 0 0 0 0 0 0 0 0 0],11
fold_2/sample_2146/image.png,[0 0 0 0 0 0 0 0 0 0 0 0 0 0 0 0 0 0 0 1],11
fold_2/sample_2147/image.png,[0 0 0 0 0 0 0 0 0 0 0 0 0 0 0 0 0 0 0],11
fold_2/sample_2148/image.png,[0 0 0 0 0 0 0 0 0 0 0 0 0 0 0 0 0 0 0 0 0 0 0 0],11
fold_2/sample_2149/image.png,"[0 0 0 0 0 0 0 0 0 0 0 0 0 0 0 0 0 0 0 0 0 0 0 0 0 0 0 0 0 0 0 0 0 0 1 1 1
 2]",11
fold_2/sample_2150/image.png,[0 0 0 0 0 0 0 0 0 0 0 0 0 0 0 0 0 0 0 0 0 0 0 0 0 0 0 0 0 0 0 0 0 0],11
fold_2/sample_2151/image.png,"[0 0 0 0 0 0 0 0 0 0 0 0 0 0 0 0 0 0 0 0 0 0 0 0 0 0 0 0 0 0 0 0 0 0 0 0 0
 0]",11
fold_2/sample_2152/image.png,[2 2 2 2 4 4 4 4 4 4 4 4],12
fold_2/sample_2153/image.png,[1 1 1 1 2 2 2 2 2 2 2 2 2 2 2 2 2 4 4 4 4 4 4],12
fold_2/sample_2154/image.png,[1 2 2 2 2 2 2 4 4 4 4 4 4 4 4 4 4],12
fold_2/sample_2155/image.png,[1 2 2 2 2 4 4 4 4 4 4 4 4 4 4],12
fold_2/sample_2156/image.png,[2 2 2 2 2 2 2 2 2 2 2 2 2 4 4 4 4 4 4 4 4 4 4 4],12
fold_2/sample_2157/image.png,[1 1 2 2 2 2 2 2 2 2 2 2 4 4 4 4 4 4 4],12
fold_2/sample_2158/image.png,[2 2 2 2 2 2 2 2 2 2 4 4 4 4 4 4 4 4 4 4],12
fold_2/sample_2159/image.png,[2 2 2 2 2 2 2 2 4 4 4 4 4 4 4 4],12
fold_2/sample_2160/image.png,[1 1 2 2 2 2 2 2 2 2 2 2 4 4 4 4],12
fold_2/sample_2161/image.png,[0 2 2],12
fold_2/sample_2162/image.png,[0 0 0 0 0 0 0],12
fold_2/sample_2163/image.png,[0 1 1 2 2 2 2 2 2 2 2 2 2 2 2 2 2 2],12
fold_2/sample_2164/image.png,[1 1 1 2 2 2 2 2 2 2 2 2 2 2 2 2 2 2 2 2 2 2 2 2 2 2 2],12
fold_2/sample_2165/image.png,[1 1 1 2 2 2 2 2 2 2 2 2 2 2 2 2 2 2 2 2 2 2 2 2 2 2 2 2 2 2 2],12
fold_2/sample_2166/image.png,[0 0 0 0 0 0 0 0 0 0 0 0 0 0 0 1 1 1 1 1 2 2 2 2 2 2 2 2 2 2 2 2 2 2 2],12
fold_2/sample_2167/image.png,[0 0 0 0 0 1 1 1 2 2 2 2 2 2 2 2 2 2 2 2],12
fold_2/sample_2168/image.png,[0 0 0 0 0 0 0 0 0 0 1 2 2 2 2 2 2 2 2 2 2 2 2 2 2 2 2],12
fold_2/sample_2169/image.png,[0 0 0 0 0 0 0 0 0 0 0 0 0 0 0 0 0 0 0 1 1 1 1 2 2 2 2 2 2 2 2 2 2 2],12
fold_2/sample_2170/image.png,[0 0 0 0 0 0 0 0 0 0 0 0 0 0 1 1 2 2 2 2 2 2 2 2 2 2 2 2 2 2 2 2 2 2 2 2 2],12
fold_2/sample_2171/image.png,[0 0 1 1 2 2 2 2 2 2 2 2 2 2 2 2 2 2 2 2 2 2 2],12
fold_2/sample_2172/image.png,[0 0 0 0 0 0 0 0 0 0 0 0 0 0 0 0 0 0 0 0 0 0 0 0 0 0 0 0 2 2 2 2 2 2],12
fold_2/sample_2173/image.png,[1 2 2 2 2 2 2 2 2 2],12
fold_2/sample_2174/image.png,[0 0 0 0 0 0 0 0 0 0 0 0 0 0 0 0 0 0 2 2 2 2 2 2 2 2 2 2 2],12
fold_2/sample_2175/image.png,[2 2 2 2],12
fold_2/sample_2176/image.png,[1 1 1 2 2 2 2 2 2 2 2 2 2 2 2 2 2 2 2 2 2 2 2 2 2 2 2 2],12
fold_2/sample_2177/image.png,[1 1 1 1 2 2 2 2 2 2 2 2 2 2 2 2 2 2 2 2],12
fold_2/sample_2178/image.png,[1 2 2 2 2 2 2 2 2 2 2 2 2 2 2 2 2 2 2 2 2 2 2 2 2],12
fold_2/sample_2179/image.png,[2 2 2 2 2 2 2 2 2 2 2 2 2],12
fold_2/sample_2180/image.png,[2 2 2 2 2 2 2 2 2 2 2 2 2 2 2],12
fold_2/sample_2181/image.png,[2 2 2 2 2 2 2 2 2 2 2 2 2 2 2 2 2 2 2 2 2 2 2 2 2 2],12
fold_2/sample_2182/image.png,"[1 1 1 1 1 1 1 1 1 1 2 2 2 2 2 2 2 2 2 2 2 2 2 2 2 2 2 2 2 2 2 2 2 2 2 2 2
 2 2 2]",12
fold_2/sample_2183/image.png,[1 1 2 2 2 2 2 2 2 2 2 2 2 2 2 2 2 2 2],12
fold_2/sample_2184/image.png,[1 1 1 1 1 1 2 2 2 2 2 2 2 2 2 2 2 2 2 2 2 2 2 2 2],12
fold_2/sample_2185/image.png,[2 2 2 2 2 2 2 2 2 2 2 2 2 2 2 2 2],12
fold_2/sample_2186/image.png,[1 1 1 1 1 1 1 2 2 2 2 2 2 2 2 2 2 2 2 2],12
fold_2/sample_2187/image.png,[1 1 1 1 1 1 1 2 2 2 2 2 2 2 2 2 2 2 2 2 2 2 2 2 2 2 2 2],12
fold_2/sample_2188/image.png,[1 1 1 1 1 1 1 1 1 1 1 1 1 1 1 1 1 1 2 2 2 2 2 2 2 2 2 2 2 2 2 2 2],12
fold_2/sample_2189/image.png,"[1 1 1 1 1 1 1 1 1 1 1 1 1 1 1 1 1 1 1 2 2 2 2 2 2 2 2 2 2 2 2 2 2 2 2 2 2
 4 4 4]",12
fold_2/sample_2190/image.png,[4 4 4 4 4 4 4 4 4 4 4 4 4 4 4 4 4 4 4 4 4 4 4 4 4 4 4 4 4 4],12
fold_2/sample_2191/image.png,[2 2 2 2 2 2 2],12
fold_2/sample_2192/image.png,[2 2 2 2 2 2 2 2],12
fold_2/sample_2193/image.png,[2 2 2 2 2 2],12
fold_2/sample_2194/image.png,[1 1 1 2 2 2 2 2 2 2 2 2 2 2 2 2 2],12
fold_2/sample_2195/image.png,[1 2 2 2 2 2 2 2 2 2 2],12
fold_2/sample_2196/image.png,[1 1 1 1 2 2 2 2 2 2 2 2 2 2 2 2 2 2 2],12
fold_2/sample_2197/image.png,[1 1 2 2 2 2 2 2 2 2 2 2 2 2 2],12
fold_2/sample_2198/image.png,[2 2 2 2 2 2 2 2 2 2],12
fold_2/sample_2199/image.png,[1 1 1 2 2 2 2 2 2 2 2 2 2],12
fold_2/sample_2200/image.png,[2 2 2 2 2 2 2 2 2 2 2],12
fold_2/sample_2201/image.png,[2 2 2 2 2 2 2 2 2 2],12
fold_2/sample_2202/image.png,[1 1 2 2 2 2 2 2 2 2 2],12
fold_2/sample_2203/image.png,[2 2 2 2 2 2 2 2 2],12
fold_2/sample_2204/image.png,[1 2 2 2 2 2 2 2 2 2 2 2 2 2],12
fold_2/sample_2205/image.png,[1 2 2 2 2 2 2 2 2 2 2 2 2 2 2],12
fold_2/sample_2206/image.png,[1 1 1 1 1 1 1 1 2 2 2 2 2 2 2],12
fold_2/sample_2207/image.png,[1 1 1 1 1 1 1 2 2 2 2 2 2 2 2 2 2 2 2],12
fold_2/sample_2208/image.png,[1 1 1 1 1 1 1 1 2 2 2 2 2 2 2 2 2 2 2],12
fold_2/sample_2209/image.png,[1 1 1 1 1 1 1 1 2 2 2 2 2 2 2 2 2 2 2 2 2 2 2],12
fold_2/sample_2210/image.png,[0 0 0 0 0 0 0 1 1 1 1 2 2 2 2 2 2 2 2 2 2 2 2 2 2 2 2 2 2 2],12
fold_2/sample_2211/image.png,[0 0 0 0 0 0 0 0 0 1 2 2 2 2 2 2 2 2 2 2 2 2 2 2 2 2 2 2 2 2 2 2 2 2 2 2],12
fold_2/sample_2212/image.png,[0 0 0 0 0 0 0 0 0 0 0 0 0 0 0 0 0 0 0 0 0 0 0 0 1 2],12
fold_2/sample_2213/image.png,[2 2 2 2 2 2 4 4 4 4 4 4 4 4 4 4 4 4 4 4 4 4 4 4 4],13
fold_2/sample_2214/image.png,[2 2 2 4 4 4 4 4 4 4 4 4 4 4 4 4 4 4 4 4 4 4 4 4 4 4 4 4 4 4 4],13
fold_2/sample_2215/image.png,[4 4 4 4 4 4 4 4 4 4 4 4 4 4 4 4 4 4],13
fold_2/sample_2216/image.png,[2 2 2 2 2 2 2 2 2 2 2 2 2 2 4 4 4 4 4 4 4 4 4 4 4 4 4 4 4 4],13
fold_2/sample_2217/image.png,"[2 2 2 2 2 2 2 2 2 2 2 2 4 4 4 4 4 4 4 4 4 4 4 4 4 4 4 4 4 4 4 4 4 4 4 4 4
 4]",13
fold_2/sample_2218/image.png,[4 4 4 4],13
fold_2/sample_2219/image.png,[0 0 0 0 0 0 0 0 2 2 2 2 2 2 2],13
fold_2/sample_2220/image.png,[2 2 2 2 2 2 2 2 2 2 2 2 2 2 2 2 2 2 2 2 2 2 2 2 2],13
fold_2/sample_2221/image.png,[0 2 2 2 2 2 2 2 2 2 2 2 2 2 2 2 2 2 2 2 2 2 2 2 2 2 2 2 2 2 2],13
fold_2/sample_2222/image.png,[2 2 2 2 2 2 2 2 2 2 2 2 2 2 2 2 2 2 2 2 2 2],13
fold_2/sample_2223/image.png,[1 1 1 2 2 2 2 2 2 2 2 2 2 2 2 2 2 2 2 2 2 2 2 2 2 2 2 2],13
fold_2/sample_2224/image.png,[2 2 2 2 2 2 2 2],13
fold_2/sample_2225/image.png,[2 2 2 2 2 2 2 2 2 2 2 2],13
fold_2/sample_2226/image.png,[1 2 2 2 2 2 2 2 2],13
fold_2/sample_2227/image.png,[2 2 2 2 2 2 2 2 2 2 2 2 2 2],13
fold_2/sample_2228/image.png,[1 1 1 2 2 2 2 2],13
fold_2/sample_2229/image.png,"[0 0 0 0 0 0 0 0 0 0 0 0 0 0 0 0 0 0 0 0 0 0 0 0 0 0 0 0 0 0 0 0 0 0 0 0 0
 0]",13
fold_2/sample_2230/image.png,"[0 0 0 0 0 0 0 0 0 0 0 0 0 0 0 0 0 0 0 0 0 0 0 0 0 0 0 0 0 0 0 0 0 0 0 0 2
 2 2 2 2]",13
fold_2/sample_2231/image.png,[0 0 0 0 0 0 0 0 0 0 0 0 0 0 0 0 0 0 0 0 0 0 0 0 0 0 0 0 0 0 0 0 0 0 0 0 2],13
fold_2/sample_2232/image.png,[0 0 0 0 0 0 0 0 0 0 0 0 0 0 0 0 2 2 2 2 2 2 2 2 2],13
fold_2/sample_2233/image.png,[2 2 2 2 2 2 2],13
fold_2/sample_2234/image.png,[2 2 2 2 2],13
fold_2/sample_2235/image.png,[2 2 2 2],13
fold_2/sample_2236/image.png,[2 2],13
fold_2/sample_2237/image.png,[0 0 0 0 0 0 0 0 0 0 0 0 0 0 0 0 0 0 0 0 0 0 0 0 0 0 2 2],13
fold_2/sample_2238/image.png,[0 0 0 0 0 0 0 0 0 2 2 2 2 2 2 2 2 2 2 2 2 2 2 2],13
fold_2/sample_2239/image.png,[0 0 0 0 0 0 0 0 0 0 0 0 0 0 0 0 0 2 2 2 2 2 2 2 2 2],13
fold_2/sample_2240/image.png,[0 0 0 0 0 0 0 0 0 0 0 0 0 0 0 0 0 0 0 0 0 0 0 0 0 2 2 2 2 2 2 2],13
fold_2/sample_2241/image.png,[0 2 2 2 2 2 2 2 2 2 2 2 2 2 2 2 2 2 2 2 2 2 2 2 2 2],13
fold_2/sample_2242/image.png,[0 0 0 0 0 0 0 0 0 0 0 0 0 0 0 0 2 2 2 2 2],13
fold_2/sample_2243/image.png,[0 0 0 0 0 0 0 0 0 0 0 0],13
fold_2/sample_2244/image.png,[0 0 0 0 0 0 0 0 0 0 0 0 0 0 0 0 0 0 0 0 0 0],13
fold_2/sample_2245/image.png,"[0 0 0 0 0 0 0 0 0 0 0 0 0 0 0 0 0 0 0 0 0 0 0 0 1 1 1 1 1 1 1 1 1 1 1 1 1
 1 1 1 1 1 1 1 1 1 1 1 1 1 1 1 1 1 1 1 1 1 1 1 1 1 1 1 1 1 1 1 1 1 1 1 1 1
 1 1 1 1 1 1 1 1 1 1 1 1 1]",14
fold_2/sample_2246/image.png,"[0 0 0 0 0 0 0 0 0 0 0 0 0 0 0 0 0 0 0 0 0 0 0 0 0 0 0 0 0 0 0 0 0 0 0 0 0
 0 0 0 0 0 0 0 0 0 0 0 1 1 1 1 1 1 1 1 1 1 1 1 1 1 1 1 1 1 1 1 1 1 1 1 1 1
 1 1 1 1]",14
fold_2/sample_2247/image.png,[0 0 0 0 0 0 0 0 0 1 1 1 1 1 1 1 1 1 1 1 1 1 1 1 1 1 1 1 1 1 1],14
fold_2/sample_2248/image.png,"[0 0 0 0 0 0 0 0 0 0 0 0 0 0 0 0 0 1 1 1 1 1 1 1 1 1 1 1 1 1 1 1 1 1 1 1 1
 1 1 1]",14
fold_2/sample_2249/image.png,"[0 0 0 0 0 0 0 0 0 0 0 0 0 0 0 0 0 0 0 0 0 0 0 0 0 0 0 0 0 0 1 1 1 1 1 1 1
 1 1 1 1 1 1 1 1 1 1 1 1 1 1 1 1 1 1 1 1 1 1 1 1 1 1 1 1 1]",14
fold_2/sample_2250/image.png,"[0 0 0 0 0 0 0 0 0 0 0 0 0 0 0 0 0 0 0 1 1 1 1 1 1 1 1 1 1 1 1 1 1 1 1 1 1
 1 1 1 1 1 1 1 1 1 1 1 1 1 1 1 1 1 1]",14
fold_2/sample_2251/image.png,[1 1 2 2 2 2 2 2 2 2 2 2 2 2 2 2 2],14
fold_2/sample_2252/image.png,[1 1 1 1 2 2 2 2 2 2 2 2 2 2 2 2 2 2 2],14
fold_2/sample_2253/image.png,[1 1 1 1 1 1 1 1 1 1 2 2 2 2 2 2 2 2 2 2 2 2 2 2 2],14
fold_2/sample_2254/image.png,"[1 1 1 1 1 1 1 1 1 1 1 1 1 1 1 1 1 1 1 1 1 1 2 2 2 2 2 2 2 2 2 2 2 2 2 2 2
 2 2 2 2 2 2 2 2 2 2 2 2 2 2 2 2 2 2 2 2 2]",14
fold_2/sample_2255/image.png,[1 1 1 1 2 2 2 2 2 2 2 2],14
fold_2/sample_2256/image.png,[1 1 1 1 1 1 2 2 2 2 2 2 2 2 2],14
fold_2/sample_2257/image.png,[1 2 2 2 2 2 2 2 2 2],14
fold_2/sample_2258/image.png,"[0 0 0 0 0 0 0 0 0 0 0 0 0 0 0 0 0 0 0 0 0 0 0 0 0 0 0 0 0 0 0 0 0 0 0 0 0
 0 0 0 0 0 0 0 0 0 0 0 0 0 0 0 1 1 2 2 2 2]",14
fold_2/sample_2259/image.png,"[0 0 0 0 0 0 0 0 0 0 0 0 0 0 0 0 0 0 0 0 0 0 0 0 0 0 0 0 0 0 0 0 0 0 0 0 0
 0 0 0 0 0 0 0 0 0 0 0 0 0 0 0 0 0 0 0 0 0 0 0 0 0 0 0 0 0 0 0 0 0 0 0 0 0
 0 0 0 0 0 1 1 2 2 2 2]",14
fold_2/sample_2260/image.png,"[0 0 0 0 0 0 0 0 0 0 0 0 0 0 0 0 0 0 0 0 0 0 0 0 0 0 0 0 0 0 0 0 0 0 0 0 0
 0 0 0 0 0 0 0 0 0 0 0 0 0 0 0 0 0 0 0 0 0 0 0 0 0 0 0 2 2]",14
fold_2/sample_2261/image.png,"[0 0 0 0 0 0 0 0 0 0 0 0 0 0 0 0 0 0 0 0 0 0 0 0 0 0 0 0 0 0 0 0 0 0 0 0 0
 0 0 0 0 0 0 0 0 0 0 0 0 0 0 0 0 0 0 0 0 0 0 0 0 0 0 0 0 0 1 1 2]",14
fold_2/sample_2262/image.png,"[0 0 0 0 0 0 0 0 0 0 0 0 0 0 0 0 0 0 0 0 0 0 0 0 0 0 0 0 0 0 0 0 0 0 0 0 0
 0 0 0 0 0 0 0 0 0 0 0 0 0 0 0 0 0 0 0 0 0 0 0 0 0 0 0 0 1 1 1 2 2 2 2]",14
fold_2/sample_2263/image.png,"[0 0 0 0 0 0 0 0 0 0 0 0 0 0 0 0 0 0 0 0 0 0 0 0 0 0 0 0 0 0 0 0 0 0 0 0 0
 0 0 0 0 0 0 0 0 0 0 0 0 0 0 0 2 2]",14
fold_2/sample_2264/image.png,"[0 0 0 0 0 0 0 0 0 0 0 0 0 0 0 0 0 0 0 0 0 0 0 0 0 0 0 0 0 0 0 0 0 0 0 0 0
 0 0 0 0 0 0 0 0 0 0 0 0 0 0 0 0 0 0 0 0 0 0 0 1 1 1 2 2 2 2 2 2 2 2 2 2]",14
fold_2/sample_2265/image.png,"[0 0 0 0 0 0 0 0 0 0 0 0 0 0 0 0 0 0 0 0 0 0 0 0 0 0 0 0 0 0 0 0 0 0 0 0 0
 0 0 0 0 0 0 0 0 0 0 0 0 0 0 0 0 0 0 0 0 0 0 2 2 2 2 2]",14
fold_2/sample_2266/image.png,[1 2 2 2 2 2 2 4 4 4],14
fold_2/sample_2267/image.png,[2 2],14
fold_2/sample_2268/image.png,[],14
fold_2/sample_2269/image.png,[],14
fold_2/sample_2270/image.png,[2 2 2 2],14
fold_2/sample_2271/image.png,[2 2 4 4 4 4 4 4 4 4 4 4 4 4 4 4 4 4 4 4 4 4 4 4 4 4 4 4 4 4 4 4 4 4 4],14
fold_2/sample_2272/image.png,"[1 1 1 1 1 1 1 1 1 1 1 1 1 1 1 1 1 1 1 1 1 1 1 1 1 1 1 1 1 1 1 1 1 1 1 1 1
 1 1 1 1 1 1 1 1 1 1 1 1 1 1 1 1 1 1 1 1 1 1 1 1 1 1 1 1 1 1 2 2 2 2 2 2 2
 2 2 2 2 2 2 2 2 2 2 2 2 2 2 2 2 2 2 2 2]",14
fold_2/sample_2273/image.png,"[1 1 1 1 1 1 1 1 1 1 1 1 1 1 1 1 1 1 1 1 1 1 1 1 1 1 1 1 1 1 1 1 1 1 1 1 1
 1 1 1 1 1 1 1 1 1 1 1 1 1 1 1 1 1 1 1 1 1 1 1 1 1 1 1 1 1 1 1 1 1 1 1 1 1
 1 1 1 1 1 2 2 2 2 2 2 2 2 2 2 2 2 2 2 2 2 2 2 2 2 2 2 2 2 2 2 2 2 2 2 2 2
 2 2]",14
fold_2/sample_2274/image.png,"[1 1 1 1 1 1 1 1 1 1 1 1 1 1 1 1 1 1 1 1 1 1 1 1 1 1 1 1 1 1 1 1 1 1 1 1 1
 1 1 1 1 1 1 1 1 1 1 1 1 1 2 2 2 2 2 2 2 2 2 2 2 2 2 2 2 2 2 2 2 2 2 2 2 2
 2 2]",14
fold_2/sample_2275/image.png,"[1 1 1 1 1 1 1 1 1 1 1 1 1 1 1 1 1 1 1 1 1 1 1 1 1 1 1 1 1 1 1 1 1 1 1 1 1
 1 1 1 1 1 1 1 1 1 1 1 1 2 2 2 2 2 2 2 2 2 2 2 2 2 2 2 2 2 2 2 2 2 2 2 2 2
 2 2 2 2 2 2 2 2 2]",14
fold_2/sample_2276/image.png,"[1 1 1 1 1 1 1 1 1 1 1 1 1 1 1 1 1 1 1 1 1 1 1 1 1 1 1 1 1 1 1 1 1 1 1 1 1
 1 1 1 1 1 1 1 1 1 1 1 1 1 1 1 1 1 1 1 1 1 1 1 1 1 1 1 1 1 1 1 1 1 1 1 1 1
 1 1 1 1 1 1 1 1 2 2 2 2 2 2 2 2 2 2 2 2 2 2 2 2 2 2 2 2 2 2 2 2 2 2 2]",14
fold_2/sample_2277/image.png,"[1 1 1 1 1 1 1 1 1 1 1 1 1 1 1 1 1 1 1 1 1 1 1 1 1 1 1 1 1 1 1 1 1 1 1 1 1
 1 1 1 1 1 1 1 1 1 1 1 1 1 1 1 1 1 1 1 2 2 2 2 2 2 2 2 2 2 2 2 2 2 2 2 2 2
 2 2 2 2 2 2 2 2 2 2]",14
fold_2/sample_2278/image.png,[0 0 0 0 0 0 0 0],14
fold_2/sample_2279/image.png,[0 0 0 0 0 0 0 0 0 0 0 0 0 0 0 0 0 0 0 1],14
fold_2/sample_2280/image.png,[0 0 0 0 0 0 0 0 0 0 0 0 0 0 0 0 0 0 0 0 0 1],14
fold_2/sample_2281/image.png,[0 0 0 0 0 0 0 0 0 0 0 0 0 0 0 0 1],14
fold_2/sample_2282/image.png,[0 0 0 0 0 0 0 0 0 0 0 1],14
fold_2/sample_2283/image.png,[0 0 0 0 0 0 0 0 0 0 0 0 0 0 0 0 0 0 0 1],14
fold_2/sample_2284/image.png,[0 0 0 0 0 0 0 0 0 0 1 1 1],14
fold_2/sample_2285/image.png,[0 0 0 0 0 1 1],14
fold_2/sample_2286/image.png,[0 0 0 0 0 0 0 0 0 0 0 0 0 0 0 0 0 0 0 0 0 0 0 0 0 0 0 0 0 0 0 0 0 0 1 1],14
fold_2/sample_2287/image.png,[0 0 0 0 0 0 0 0 0 0 0 0 0 0 0 0 0 0 0 0 0 0 0 0 0 0 0 0 0 0 0 0 0 0],14
fold_2/sample_2288/image.png,[0 0 0 0 0 0 0 0 0 0 0 0 0 0 0 0 0 0 0 0 0 0 0 0 0 0 0 0 0 0 2 2],14
fold_2/sample_2289/image.png,[0 0 0 0 0 0 0 0 0 0 0 0 0 0 0 0 0 0 0 0 0 0 0 0 2 2],14
fold_2/sample_2290/image.png,[0 0 0 0 0 0 0 0 0 0 0 0 0 0 0 0 0 0 0 0 2 2 2 2 2 2 2 2 2 2 2 2 2],14
fold_2/sample_2291/image.png,[0 0 0 0 0 0 0 0 0 0 0 0 0 0 0 0 0 0 0 0 0 0 0 0 0 0 0 2 2 2 2],14
fold_2/sample_2292/image.png,[0 0 0 0 0 0 0 0 0 0 0 0 0 0 0 0 0 0 0 0 0 0 0 0 0 0 0 0 2 2 2 2 2],14
fold_2/sample_2293/image.png,[0 0 0 0 0 0 0 0 0 0 0 0 0 0 0 0 0 0 0 0 0 0 0 0 0 0 0 0 0 2 2],14
fold_2/sample_2294/image.png,"[0 0 0 0 0 0 0 0 0 0 0 0 0 0 0 0 0 0 0 0 0 0 0 0 0 0 0 0 0 0 0 0 0 0 0 0 0
 0 0 0]",14
fold_2/sample_2295/image.png,[0 0 0 0 0 0 0 0 0 0 0 0 1 1 1 1],14
fold_2/sample_2296/image.png,[0 0 0 0 0 0 0 0 1 1 1 1 1 2 2 2 2 2 2 2],14
fold_2/sample_2297/image.png,[0 0 0 0 0 0 0 0 0 0 0 0 1 1],14
fold_2/sample_2298/image.png,[0 0 0 0 0 0 0 0 0 0 0 0 1 1 1 2 2 2 2 2 2],14
fold_2/sample_2299/image.png,[0 0 0 0 0 0 0 0 0 0 0 0 0 0 0 0 0 1 1 2 2 2],14
fold_2/sample_2300/image.png,[0 0 0 0 0 0 0 0 0 1 1 1 1 2 2 2 2 2 2 2 2 2 2],14
fold_2/sample_2301/image.png,[0 0 0 0 0 0 0 0 0 0 0 0],14
fold_2/sample_2302/image.png,[0 0 0 0 0 0 0 0 0 0 0 0 2 2 2 2 2],14
fold_2/sample_2303/image.png,[0 0 0 0 0 0 0 0 0 0 0 0 0 0 0 0 0 0 0 0 0 0 0 0 0 0 0 0 0 0 1 1 1 1 2 2],14
fold_2/sample_2304/image.png,[0 0 0 0 0 0 0 0 0 0 0 0 0 0 0 0 0 0 0 0 1 1 1 1 1 1 1],14
fold_2/sample_2305/image.png,[0 0 0 0 0 0 0 0 0 0 0 0 0 0 0 0 0 0 0 0 0 0 0 0 0 0 0 0 0 0 0 0 1 1 1 1 2],14
fold_2/sample_2306/image.png,[0 0 0 0 0 0 0 0 0 0 0 0 0 0 0 0 0 0 0 1 1 1 1 2],14
fold_2/sample_2307/image.png,[0 0 0 0 0 0 0 0 0 0 0 0 0 0 0 0 0 0 0 0 1 1 1 1 1 1 1 1 2 2],14
fold_2/sample_2308/image.png,[2 2 2 2 2 2 2 2],14
fold_2/sample_2309/image.png,[2 2 2 2 2 2],14
fold_2/sample_2310/image.png,[],14
fold_2/sample_2311/image.png,[2],14
fold_2/sample_2312/image.png,[2],14
fold_2/sample_2313/image.png,[2 2 2 2],14
fold_2/sample_2314/image.png,[2 2 2 2 2 2 2 2 2 2 2 2 2 2 2 2],14
fold_2/sample_2315/image.png,[],14
fold_2/sample_2316/image.png,[2 2 2 2 2 2 2 2 2 2 2 2 2 2 2 2],15
fold_2/sample_2317/image.png,[2 2 2 2 2 2 2 2 2 2 2 2 2 2 2 2],15
fold_2/sample_2318/image.png,[2 2 2 2 2 2 2 2 2 2 2 2 2 2 2 2 2 2],15
fold_2/sample_2319/image.png,[2 2 2 2 2 2 2 2 2 2 2 2 2 2 2 2 2 2 2 2 2 2 2 2 2 2 2 2],15
fold_2/sample_2320/image.png,[0 0 0 0 0 0 0 0 0 0 0 0 0 0 0 0 0 0 0 1 1 1 2 2 2 2 2 2 2 2 3 3],15
fold_2/sample_2321/image.png,"[0 0 0 0 0 0 0 0 0 0 0 0 0 0 0 0 0 0 0 0 0 0 0 0 1 2 2 2 2 2 2 2 2 2 3 3 3
 3 3 3 3 3 3 3 3 3 3]",15
fold_2/sample_2322/image.png,[0 0 0 0 0 0 0 0 0 0 0 0 0 0 0 1 1 1 1 1 1 2 2 2 2 2 2 2 2 2 2 2 2 2 2 2 2],15
fold_2/sample_2323/image.png,[0 0 0 0 0 0 0 0 0 0 0 0 0 1 1 2 2 2 2 2 2 2 2],15
fold_2/sample_2324/image.png,[0 0 0 0 0 0 0 0 0 0 0 0 0 0 1 1 1 1 1 1 1 1 1 1 1 2 2 2 2 2 2 2 3],15
fold_2/sample_2325/image.png,"[0 0 0 0 0 0 0 0 0 0 0 0 0 0 0 0 0 0 0 0 0 1 1 1 1 1 1 1 1 1 1 1 2 2 2 2 2
 2 3]",15
fold_2/sample_2326/image.png,[0 0 0 0 0 0 0 0 0 0 0 0 0 0 0 0 0 1 1 1 1 1 1 1 1 1 1 1 2 3 3],15
fold_2/sample_2327/image.png,[0 0 0 0 0 0 0 0 0 0 0 0 0 0 0 0 0 0 0 0 0 0 0 0 1 1 1 1 1 2 2 3],15
fold_2/sample_2328/image.png,[0 0 0 0 0 0 0 0 0 0 0 0 0 0 0 0 0 0 0 0 0 0 0 0 0 0 0 3 3 3],15
fold_2/sample_2329/image.png,[0 0 0 0 0 0 0 0 0 0 0 0 0 0 0 0 0 0 0 0 0 0 0 0 0 0 0 0 0 0 0 0 0 0 1],15
fold_2/sample_2330/image.png,"[0 0 0 0 0 0 0 0 0 0 0 0 0 0 0 0 0 0 0 0 0 0 0 0 1 1 1 1 2 2 2 2 2 2 2 2 2
 2 3]",15
fold_2/sample_2331/image.png,"[0 0 0 0 0 0 0 0 0 0 0 0 0 0 0 0 0 0 0 0 0 0 0 0 0 0 0 0 0 1 1 1 1 1 1 1 2
 2]",15
fold_2/sample_2332/image.png,"[0 0 0 0 0 0 0 0 0 0 0 0 0 0 0 0 0 0 0 0 0 0 0 0 0 0 0 0 1 1 1 1 1 1 1 1 2
 2]",15
fold_2/sample_2333/image.png,"[0 0 0 0 0 0 0 0 0 0 0 0 0 0 0 0 0 0 0 1 1 1 1 1 1 1 1 1 1 1 1 1 1 1 1 1 1
 1 2 2 2 2 2 2 2 2 2 2 2 2 2]",15
fold_2/sample_2334/image.png,[0 0 0 0 0 0 0 0 0 0 0 0 1 1 1 1 1 1 2 2 2 2 2 2 3 3 3 3],15
fold_2/sample_2335/image.png,[0 0 0 0 0 0 0 0 0 0 0 0 0 0 0 0 0 0 0 0 0 0 0 0 0 0 0 0 0 0 1 1 2 2 2],15
fold_2/sample_2336/image.png,"[0 0 0 0 0 0 0 0 0 0 0 0 0 0 0 0 0 0 0 0 0 0 0 0 0 0 0 0 0 1 1 1 1 1 1 1 1
 1 2 2 2 3]",15
fold_2/sample_2337/image.png,[0 0 0 0 0 0 0 0 0 0 0 0 0 0 0 1 2 2 2 2 2 2 2 2 2],15
fold_2/sample_2338/image.png,[0 0 0 0 0 0 0 2 2 2 2 2 2 2 2 2 2 2 2 2],15
fold_2/sample_2339/image.png,"[0 0 0 0 0 0 0 0 0 0 0 0 0 0 0 0 0 0 0 0 0 0 0 0 0 0 0 0 0 0 0 0 0 0 0 0 1
 2]",15
fold_2/sample_2340/image.png,"[0 0 0 0 0 0 0 0 0 0 0 0 0 0 0 0 0 0 0 0 0 0 0 0 0 0 0 0 0 0 0 0 0 0 1 2 3
 3 3 3 3]",15
fold_2/sample_2341/image.png,[0 0 0 0 0 0 0 0 0 0 0 0 0 0 0 0 0 0 0 0 0 0 0 0 0 0 0 2 2 3],15
fold_2/sample_2342/image.png,[0 0 0 0 0 0 0 0 0 0 0 0 1 1 1 2 2 2 2 2 2 2 2 2 2 2],15
fold_2/sample_2343/image.png,[0 0 0 0 0 0 0 0 0 0 0 0 0 0 0 0 0 0 0 0 0 0 0 0 0 0 0 0 0 0 0 0 0 1 2 2],15
fold_2/sample_2344/image.png,[0 0 0 0 0 0 0 0 0 0 0 0 0 0 0 0 0 0 0 0 0 0 0 0 0 1 2],15
fold_2/sample_2345/image.png,[0 0 0 0 0 0 0 0 0 0 0 0 0 0 0 0 0 0 0 1 2 2 2 2],15
fold_2/sample_2346/image.png,[0 0 0 0 0 0 0 0 0 0 0 0 0 0 0 0 1 1 1 1 1 2 2 2 2],15
fold_2/sample_2347/image.png,[2 2 2 2 2 2 2 2 2 2 2],15
fold_2/sample_2348/image.png,[0 2 2 2 2 2 2 2 2 2],15
fold_2/sample_2349/image.png,[2 2 2 2 2 2 2 2 2 2 2 2 2],15
fold_2/sample_2350/image.png,[2 2 2 2 2 2 2 2 2 2 2 2 2 2 2 2 2 2],15
fold_2/sample_2351/image.png,[2 2 2 2 2 2 2 2 2 2 2],15
fold_2/sample_2352/image.png,"[0 0 0 1 1 1 1 1 1 1 1 1 1 1 1 1 1 1 1 1 1 1 1 1 1 1 1 2 2 2 2 2 2 2 2 2 2
 2 2 2 2 2 2 2 2 2 2 2 2 2 2 3]",15
fold_2/sample_2353/image.png,[0 0 0 0 0 0 0 0 0 0 0 1 1 1 1 1 1 1 1 1 2 2 2 2 2 2 2 2 2 2 2 2 2 2 2 3],15
fold_2/sample_2354/image.png,"[0 0 0 0 0 1 1 1 1 1 1 1 1 1 1 1 1 1 1 1 1 1 1 1 1 1 1 1 1 1 1 1 1 1 1 1 1
 1 1 1 1 1 1 1 1 1 1 1 1 1 1 1 1 1 1 1 1 1 1 1 1 1 2 2 2 2 2 2 3 3 3 3]",15
fold_2/sample_2355/image.png,[1 2 2 2],16
fold_2/sample_2356/image.png,[1 1 1 2],16
fold_2/sample_2357/image.png,[2 2 2 2 2 2 2 2 2 2 2],16
fold_2/sample_2358/image.png,[0 0 0 2 2 2],16
fold_2/sample_2359/image.png,[1 2 2 2 2 2 2 2 2 2 2],16
fold_2/sample_2360/image.png,[0 0 0 0 0 0 0 1 1 2 2 2 2 2 2 2 2 2 2 2],16
fold_2/sample_2361/image.png,[0 0 0 0 0 0 0 0 0 0 2],16
fold_2/sample_2362/image.png,[0 0 1 1 2 2 2 2 2 2 2 2 2 2 2 2 2 2 2],16
fold_2/sample_2363/image.png,[0 0 0 0 0 0 1 1 1 1 1 2 2 2 2],16
fold_2/sample_2364/image.png,[0 0 0 0 0 0 0 0 0 0 2 2 2],16
fold_2/sample_2365/image.png,[1 1 1 1 2 2 2 2 2],16
fold_2/sample_2366/image.png,[0 1 2 2 2 2 2 2 2 2 2 2 2 2 2 2 2 2 2 2],16
fold_2/sample_2367/image.png,[0 0 0 0 0 0 0 0 0 0 0 0 0 0 0 1 1 1],16
fold_2/sample_2368/image.png,[0 0 0 0 0 0 0 0 0 0 0 0 0 0 0 0 0],16
fold_2/sample_2369/image.png,[0 0 0 0 0 0 0 0 0 0 0 0 0 0 0 0 0 0 0 0 0 0 0 0 0 0],16
fold_2/sample_2370/image.png,[0 0 0 0 0 0 0 0 0 0 0 0 0 0 0 0 0 0 0 0 1 1 1 2 2 2 2],16
fold_2/sample_2371/image.png,[0 0 0 0 0 0 0 0 0 0 0 0 0 0 0 0 0 0 0 0 1 1 1 2 2 2 2 2 2],16
fold_2/sample_2372/image.png,[0 0 0 0 0 0 0 0 0 0 0 0 0 0 0 0 0 0 0 0 0 0 0 0 0 0 0 2 2],16
fold_2/sample_2373/image.png,"[0 0 0 0 0 0 0 1 1 1 1 1 1 1 1 1 1 1 1 1 1 1 1 1 1 1 1 1 1 1 1 1 1 1 1 1 1
 1 1 1 1 1 1 1 1 1 1 1 1 1 1 1 1 1 1 1 1 1 1 1 1 2 2 2 2 2 2 2 2 2 2 2 2]",16
fold_2/sample_2374/image.png,"[0 0 0 0 0 0 1 1 1 1 1 1 1 1 1 1 1 1 1 1 1 1 1 1 1 1 1 1 1 1 1 1 1 1 1 1 1
 1 1 1 1 1 1 1 1 1 1 1 1 1 1 1 1 1 1 1 1 1 1 1 1 1 1 1 2 2 2 2 2 2 2 2]",16
fold_2/sample_2375/image.png,"[0 0 0 0 0 0 0 0 0 0 0 0 0 0 0 1 1 1 1 1 1 1 1 1 1 1 1 1 1 1 1 1 1 1 1 1 1
 1 1 1 1 1 1 1 1 1 1 1 1 1 1 1 1 1 1 2 2 2]",16
fold_2/sample_2376/image.png,"[0 0 0 0 0 0 0 0 0 0 0 1 1 1 1 1 1 1 1 1 1 1 1 1 1 1 1 1 1 1 1 1 1 1 1 1 1
 1 1 1 1 1 1 1 1 1 1 1 1 1 1 1 1 1 1 1 1 1 1 1 1 1 1 1 1 1 1 1 1 1 1 1 1 1
 1 1 1 1 1 1 2 2 2 2 2 2 2 2 2]",16
fold_2/sample_2377/image.png,"[0 0 0 0 0 0 0 0 0 1 1 1 1 1 1 1 1 1 1 1 1 1 1 1 1 1 1 1 1 1 1 1 1 1 1 1 2
 2 2]",16
fold_2/sample_2378/image.png,[0 0 0 0 0 0 0 0 0 0 0 0 0 0 0 0 0 0 0 0 0 0 0 0 1 1 1 1 1 1],16
fold_2/sample_2379/image.png,[0 0 0 0 0 0 0 0 0 0 0 0 0 0 0 0 0 0 0 1 1 1 1 2],16
fold_2/sample_2380/image.png,[0 0 0 0 0 0 0 0 0 0 0 0 0 0 0 0 0 0 0 0 0 0 1 1 2 2 2],16
fold_2/sample_2381/image.png,[0 0 0 0 0 0 0 0 0 0 0 0 0 0 0 0 1 1 1 1 2 2 2 2 2 2 2 2 2 2],16
fold_2/sample_2382/image.png,[4 4 4 4 4 4 4 4 4 4 4],17
fold_2/sample_2383/image.png,[2 2 2 4 4 4 4 4 4 4 4 4 4 4 4 4 4 4 4 4],17
fold_2/sample_2384/image.png,[1 1 1 2 2 4 4 4 4 4 4 4 4 4 4 4 4 4 4 4 4 4 4],17
fold_2/sample_2385/image.png,[4 4 4 4 4 4 4 4],17
fold_2/sample_2386/image.png,[1 1 1 1 1 1 2 2 2 4 4 4 4 4 4 4 4 4 4 4 4 4],17
fold_2/sample_2387/image.png,[1 1 1 1 1 2 2 4 4 4 4 4 4 4 4 4 4 4 4 4 4 4],17
fold_2/sample_2388/image.png,[2 4 4 4 4 4 4 4 4 4 4 4 4 4 4 4 4],17
fold_2/sample_2389/image.png,[1 2 2 2 4 4 4 4 4 4 4 4 4 4 4 4 4 4 4 4 4 4 4 4 4 4 4],17
fold_2/sample_2390/image.png,[1 2 4 4 4 4 4 4 4 4 4 4 4 4 4 4 4 4 4 4 4 4 4 4 4 4],17
fold_2/sample_2391/image.png,[2 2 2 4 4 4 4 4 4 4 4 4 4 4 4 4 4 4 4 4],17
fold_2/sample_2392/image.png,[4 4 4],17
fold_2/sample_2393/image.png,[1 4 4 4 4 4 4 4 4 4 4 4 4 4 4 4 4 4 4],17
fold_2/sample_2394/image.png,[2 4 4 4 4 4 4 4],17
fold_2/sample_2395/image.png,[2],17
fold_2/sample_2396/image.png,[4 4 4 4],17
fold_2/sample_2397/image.png,[],17
fold_2/sample_2398/image.png,[2 2 2 2 4 4 4 4 4 4 4 4 4 4 4 4 4 4 4 4 4 4],17
fold_2/sample_2399/image.png,[2 2 2 2 2 2 2 2 2 2 2 4 4 4 4 4 4 4 4 4 4 4 4],17
fold_2/sample_2400/image.png,[1 2 2 2 2 2 4 4 4 4 4 4 4 4 4 4 4 4 4 4 4 4 4 4 4 4 4 4 4 4 4 4 4 4 4],17
fold_2/sample_2401/image.png,[1 2 2 2 2 2 4 4 4 4 4 4 4 4 4 4 4 4 4 4 4 4 4 4 4 4 4 4 4 4 4 4 4],17
fold_2/sample_2402/image.png,[2 4 4 4 4 4 4 4 4 4 4 4 4 4 4 4 4 4 4 4 4 4 4],17
fold_2/sample_2403/image.png,[2 4 4 4 4 4 4 4 4 4 4 4 4 4 4 4 4 4 4 4 4 4 4 4 4 4 4 4 4 4 4 4 4 4 4 4],17
fold_2/sample_2404/image.png,[2 2 2 2 4 4 4 4 4 4 4 4 4 4 4 4 4 4 4 4 4 4 4 4 4 4 4 4 4 4 4 4 4 4 4 4],17
fold_2/sample_2405/image.png,[1 1 2 2 2 2 2 2 2 2 4 4 4 4 4 4 4 4 4 4 4 4 4 4 4 4 4 4],17
fold_2/sample_2406/image.png,[1 1 1 1 1 1 2 2 2 2 2 2 2 2 2 4 4 4 4 4 4 4 4 4 4 4 4 4 4 4 4 4 4],17
fold_2/sample_2407/image.png,"[1 1 2 2 2 2 2 2 4 4 4 4 4 4 4 4 4 4 4 4 4 4 4 4 4 4 4 4 4 4 4 4 4 4 4 4 4
 4]",17
fold_2/sample_2408/image.png,"[1 1 1 1 1 1 1 1 1 1 1 1 1 1 1 1 1 1 1 1 1 1 2 2 2 2 2 2 2 2 2 2 2 4 4 4 4
 4 4 4]",17
fold_2/sample_2409/image.png,[0 0 0 0 0 0 0 0 0 0 0 0 0 0 0 0 0 0 0 0 0 0 0 0 0 0 0 0 0 0 2 2 2 2],17
fold_2/sample_2410/image.png,"[0 0 0 0 0 0 0 0 0 0 0 0 0 0 0 0 0 0 0 0 0 0 0 0 0 0 0 0 0 0 0 0 0 0 0 0 0
 2 2]",17
fold_2/sample_2411/image.png,[0 0 0 0 0 2 2 2 4 4 4 4 4 4 4 4 4 4],17
fold_2/sample_2412/image.png,[0 0 0 0 0 0 0 0 0 0 0 0 0 0 0 0 1 2 2 2 2 2 2 2 2 2 2 4],17
fold_2/sample_2413/image.png,[0 0 0 0 0 0 0 0 0 0 0 0 0 0 0 0 0 0 0 0 0 0 0 0 2 2 2 2 2],17
fold_2/sample_2414/image.png,[0 0 0 0 0 0 0 0 0 0 0 0 0 0 0 0 0 0 0 0 0 2 2 2 2 2 2 4 4],17
fold_2/sample_2415/image.png,[0 0 0 0 0 0 0 0 0 0 1 1 1 1 1 1 1 1 2 2 2 2 2 2 2 2 2 2 2],17
fold_2/sample_2416/image.png,[0 0 0 0 1 1 1 1 1 1 1 1 1 1 1 1 2 2 2 2 2 2 2 2 2],17
fold_2/sample_2417/image.png,[0 0 0 0 0 0 0 0 0 0 0 0 0 0 1 1 1 1 1 1 1 1 1 2 2 2 2 2 2 2 2],17
fold_2/sample_2418/image.png,[0 0 0 1 1 1 1 1 1 1 1 1 1 1 1 1 1 1 1 1 1 1 2 2 2 2 2 2 2 2 2 2 2],17
fold_2/sample_2419/image.png,[0 0 0 0 1 1 1 1 1 1 1 1 1 1 1 1 1 2 2 2 2 2 2 2 2 2 2 2],17
fold_2/sample_2420/image.png,[0 0 0 0 0 0 0 0 1 1 1 1 1 1 1 1 1 1 1 1 2 2 2 2 2 2 2 2],17
fold_2/sample_2421/image.png,[0 0 0 0 0 0 0 0 0 0 0 0 0 0 0 0 0 0 0 2 2 2 2 2 2 2],17
fold_2/sample_2422/image.png,[0 0 0 0 0 0 0 0 0 0 0 0 1 1 1 1 2 2 2 2 2 2 2 2 2 2 2],17
fold_2/sample_2423/image.png,[1 1 1 2 2 2 2 2 2 2 2 2 4 4 4 4 4 4 4 4 4 4 4 4 4 4 4 4 4 4 4 4],17
fold_2/sample_2424/image.png,[1 2 2 2 2 4 4 4 4 4 4 4 4 4 4 4 4 4 4 4],17
fold_2/sample_2425/image.png,"[1 1 1 2 2 4 4 4 4 4 4 4 4 4 4 4 4 4 4 4 4 4 4 4 4 4 4 4 4 4 4 4 4 4 4 4 4
 4 4 4 4]",17
fold_2/sample_2426/image.png,[1 1 2 2 2 2 2 2 4 4 4 4 4 4 4 4 4 4 4 4 4 4 4 4 4 4 4],17
fold_2/sample_2427/image.png,[1 2 2 2 2 2 2 4 4 4 4 4 4 4 4 4 4 4 4 4 4 4],17
fold_2/sample_2428/image.png,[2 2 2 2 2 2 4 4 4 4 4 4 4 4 4 4 4 4 4 4 4 4 4 4 4 4 4 4],17
fold_2/sample_2429/image.png,"[0 0 0 0 0 0 0 0 0 0 0 0 0 0 0 0 0 0 0 0 0 0 0 0 0 0 0 0 0 0 0 0 0 0 0 0 0
 0 0 0 0 0 0 0 0 0 0 0 1 1 1 2 2]",18
fold_2/sample_2430/image.png,[0 0 0 0 0 0 0 0 0 0 0 0 0 0 0 0 0 0 0 0 0 0 0 0 0 0 0 1],18
fold_2/sample_2431/image.png,[0 0 0 0 0 0 0 0 0 0 0 0 0 0 0 0 0 0 0 0 0 0 0 0 0 0 0 0 0 0],18
fold_2/sample_2432/image.png,"[1 1 1 1 1 1 1 1 1 1 1 1 1 1 1 1 1 1 1 1 1 1 2 2 2 2 2 2 2 2 2 2 2 2 2 2 2
 2 2 2 2 2 2 2 2 2 2 2 2 2 2 2 2 4 4 4 4 4 4 4 4 4 4 4 4 4 4 4 4 4 4 4 4 4
 4 4 4 4 4 4 4 4 4 4 4]",5
fold_2/sample_2433/image.png,"[1 1 1 1 1 1 1 1 1 1 1 1 1 1 1 1 1 1 1 1 1 1 1 1 1 2 2 2 2 2 2 2 2 2 2 2 2
 2 2 2 2 2 2 2 2 2 2 2 2 4 4 4 4 4 4 4 4 4 4 4 4 4 4 4 4 4 4 4 4 4 4 4 4 4
 4 4 4 4 4 4 4 4 4 4 4 4 4 4 4 4]",5
fold_2/sample_2434/image.png,"[1 1 1 1 1 1 1 1 1 2 2 2 2 2 2 2 2 2 2 2 2 2 2 2 2 4 4 4 4 4 4 4 4 4 4 4 4
 4 4]",5
fold_2/sample_2435/image.png,[1 2 2],5
fold_2/sample_2436/image.png,[2 2],5
fold_2/sample_2437/image.png,[2 2 2 2 2 2 2 2 2 2 2 2 2 2 2 2],5
fold_2/sample_2438/image.png,[2],5
fold_2/sample_2439/image.png,[1 2 2 2 2 2],5
fold_2/sample_2440/image.png,[1 1 2 2 2 2 2 2 2],5
fold_2/sample_2441/image.png,"[0 0 0 0 0 0 0 0 0 0 0 0 0 0 0 0 0 0 0 0 0 0 0 0 0 0 0 0 0 0 0 0 0 0 0 0 0
 0 0 0 0 0 0 0 0 0 0 0 0 0 0 0 0 0 0 0 0 0 0 0 0 0 0 0 0 2 2 2 2 2 2 2 2 2
 2 2 2]",5
fold_2/sample_2442/image.png,"[0 0 0 0 0 0 0 0 0 0 0 0 0 0 0 0 0 0 0 0 0 0 0 0 0 0 0 0 0 0 0 0 0 0 0 0 0
 0 0 0 0 0 0 0 0 0 0 0 0 0 0 0 0 0 0 0 0 0 0 0 0 0 0 0 0 0 1 2]",5
fold_2/sample_2443/image.png,"[0 0 0 0 0 0 0 0 0 0 0 0 0 0 0 0 0 0 0 0 0 0 0 0 0 0 0 0 0 0 0 0 0 0 0 0 0
 0 0 0 0 0 0 0 0 0 0 0 0 0 0 0 0 0 0 0 0 0 0 0 0 0 0 0 0 0 0 0 0 0 0 0 0 0
 0 0 0 0 0 0 0 0 0 0 0 0 2]",5
fold_2/sample_2444/image.png,[0 0 0 0 0 0 0 0 0 0 0 0 0 0 0 0 0 0 0 0 0 0 0 0 0 0 0 0 0 0 0 0 0 0 0 0],5
fold_2/sample_2445/image.png,[0 0 0 0 0 0 0 0 0 0 0 0 0 0 0 0 0 0 0 0 0 0 0 0 0 0 0 0 0 0 0],5
fold_2/sample_2446/image.png,"[0 0 0 0 0 0 0 0 0 0 0 0 0 0 0 0 0 0 0 0 0 0 0 0 0 0 0 0 0 0 0 0 0 0 0 0 0
 0 0 0 0 0 0 0 0 0 0 0 0 0 0 0 0 0 1 2]",5
fold_2/sample_2447/image.png,[0 0 0 0 0 1 1 1 2 2 2 2 2 2 2 2 2 2 2 2 2 2 2 2 2 2 2 2 2],5
fold_2/sample_2448/image.png,"[0 0 0 0 0 0 0 0 0 0 0 0 0 0 0 0 0 0 0 0 0 0 0 0 0 0 0 0 0 0 0 0 1 2 2 2 2
 2 2 2 2 2 2 2 2 2 2 2 2 2 2 2 2 2 2 2 2 2 2 2 2 2 2 2 2 2 2]",5
fold_2/sample_2449/image.png,[1 1 2 2 2 2 2 2 2 2 2 2],5
fold_2/sample_2450/image.png,[],5
fold_2/sample_2451/image.png,[1 1 1 1 1 1 1 1 2 2 2 2 2 2 2 2 2 2 2 2 2 2 2 2 2 2],5
fold_2/sample_2452/image.png,[1 1 1 2 2 2 2 2 2],5
fold_2/sample_2453/image.png,"[1 1 1 1 1 1 2 2 2 2 2 2 2 2 2 2 2 2 2 2 2 2 2 2 2 2 2 2 2 2 2 2 2 2 2 2 2
 2 2 2]",5
fold_2/sample_2454/image.png,[1 2 2 2 2 2 2 2 2 2 2 2],5
fold_2/sample_2455/image.png,"[0 0 0 0 0 0 0 0 0 0 0 0 0 0 0 0 0 0 0 0 0 0 0 0 0 0 0 0 0 0 0 0 0 0 0 0 0
 0 0 0 0 0 0 0 0 0 0 0 0 0 0 0 0 0 0 0 0 0 1 1 1 1 1 1 1 2]",5
fold_2/sample_2456/image.png,"[0 0 0 0 0 0 0 0 0 0 0 0 0 0 0 0 0 0 0 0 0 0 0 0 0 0 0 0 0 0 0 0 0 0 0 0 0
 0 0 0 0 0 0 0 0 0 0 0 0 0 0 0 0 0 0 0 0 0 0 0 0 0 0 0 0 0 0 0 0 0 0 0 0 0
 0 0 0 0 0 0 0 0 0 0 0 0 0 0 0 0 0 0 0 0 0 0 0 0 0 0 0 1 1 1 2 2 2 2 2]",5
fold_2/sample_2457/image.png,"[0 0 0 0 0 0 0 0 0 0 0 0 0 0 0 0 0 0 0 0 0 0 0 0 0 0 0 0 0 0 0 0 0 0 0 0 0
 0 0 0 0 0 0 0 0 0 0]",5
fold_2/sample_2458/image.png,"[0 0 0 0 0 0 0 0 0 0 0 0 0 0 0 0 0 0 0 0 0 0 0 0 0 0 0 0 0 0 0 0 0 0 0 0 0
 0 0 0 0 0 0 0 0 0 0 0 0 0 0 0 0 0 0 1 1 2 2]",5
fold_2/sample_2459/image.png,"[1 1 1 1 1 1 1 1 1 1 1 1 1 1 1 1 1 1 1 1 1 1 1 1 1 1 1 1 1 1 1 1 1 1 1 1 1
 1 1 1 1 1 1 1 1 1 1 1 1 1 1 1 1 1 1 1 1 1 1 1 1 1 1 1 1 1 1 1 1 1 1 1 1 1
 1 1 1 1 1 1 1 1 1 1 1 1 1 1 1 1 1 1 1 1 1 1 1 1 1 1 1 1 1 1 1 1 1 1 1 1 1
 1 1 1 1 1 1 1 1 1 2 2 2 2 2 2 2 2 2 2 2 2 2 2 2 2 2 2 2 2 2 2 2 2 2 2 2 2
 2 2 2 2 2 2]",5
fold_2/sample_2460/image.png,"[1 1 1 1 1 1 1 1 1 1 1 1 1 1 1 1 1 1 1 1 1 1 1 1 1 1 1 1 1 1 1 1 1 1 1 1 1
 1 1 1 1 1 1 1 1 1 1 1 1 1 1 1 1 1 1 1 1 1 1 1 1 1 1 1 1 1 1 1 1 1 1 1 1 1
 1 1 1 1 1 1 1 1 1 1 1 1 1 1 1 1 1 1 1 1 1 1 1 1 1 1 1 1 1 1 1 1 1 1 1 1 1
 1 1 1 1 1 1 1 1 1 1 1 1 1 1 1 1 1 1 1 1 1 1 1 1 1 1 1 1 1 1 1 1 1 1 1 1 1
 1 1 1 1 1 1 2 2 2 2 2 2 2 2 2 2]",5
fold_2/sample_2461/image.png,"[0 0 0 0 0 0 0 0 0 0 0 0 0 0 0 0 0 0 0 0 0 0 0 0 0 0 0 0 0 0 0 0 0 0 0 0 0
 0 0 0 0 0 2 2 2 2 2 2 2 2 2 2 2 2 2 2 2 2 2]",5
fold_2/sample_2462/image.png,"[0 0 0 0 0 0 0 0 0 0 0 0 0 0 0 0 2 2 2 2 2 2 2 2 2 2 2 2 2 2 2 2 2 2 2 2 2
 2 2 2 2 2 2 2 2 2 2 2 2 2 2 2 2 2 2 2 2]",5
fold_2/sample_2463/image.png,[3],5
fold_2/sample_2464/image.png,"[0 0 0 0 0 0 0 0 0 0 0 0 0 0 0 0 0 0 0 0 0 0 0 0 0 0 0 0 0 0 0 0 0 0 0 0 0
 0 0 2 3 3 3 3 3 3 3 3 3 3 3 3 3 3]",5
fold_2/sample_2465/image.png,"[0 0 0 0 0 0 0 0 0 0 0 0 0 0 0 0 0 0 0 0 0 0 0 0 0 0 0 0 0 0 0 0 0 0 0 0 0
 0 0 0 0 0 0 0 0 0 0 0 0 2 2 2 2 2 2 2 2 2 2 2 2 2 2 2 2 2 2 2 2 2 2 2 2 2
 2 2 2 2 2 2 2 2 2 2 2 2 2 2 2 2 2 2 2 2 2 2 2]",5
fold_2/sample_2466/image.png,[0 0 3 3 3],5
fold_2/sample_2467/image.png,"[0 0 0 0 0 0 0 0 0 0 0 0 0 0 0 0 0 0 0 0 0 0 0 0 0 0 0 0 0 0 0 0 0 0 0 0 0
 0 0 0 0 0 0 0 0 0 0 2 2 2 2 3 3 3 3 3 3 3 3 3 3]",5
fold_2/sample_2468/image.png,"[0 0 0 0 0 0 0 0 0 0 0 0 0 0 0 0 0 0 0 0 0 0 0 0 0 0 0 0 0 0 0 0 0 0 0 0 0
 1 1]",5
fold_2/sample_2469/image.png,"[0 0 0 0 0 0 0 0 0 0 0 0 0 0 0 0 0 0 0 0 0 0 0 0 0 0 0 0 0 0 0 0 0 0 0 0 0
 0 0 0 0 0 0 0 0 0 0 0 0 0 0 0 0 0 0 0 0 0 0 0 0 0 0 0 0 0 0 0 0 0 0 0 0 0
 0 0 0 0 0 0 1 1 1 1 1 1 1 1 2 2 2 2 2 2 2 2 2 2 2 2 2 2 2 2 2 2 2 2 2 2 2
 2 2 2 2 2 2 2 2 2]",5
fold_2/sample_2470/image.png,"[0 0 0 0 0 0 0 0 0 0 0 0 0 0 0 0 0 0 0 0 0 0 0 0 0 0 0 0 0 0 0 0 0 0 0 0 0
 0 0 0 1 1 2 2 2 2 2 2 2 2]",5
fold_2/sample_2471/image.png,[4 4 4 4 4 4 4 4 4 4 4 4 4 4 4 4 4 4 4 4 4 4 4 4 4 4 4 4],5
fold_2/sample_2472/image.png,[2 2 4 4 4 4 4 4 4 4 4 4 4 4 4 4 4 4 4 4 4 4 4 4 4 4 4],5
fold_2/sample_2473/image.png,[2 2 2 4 4 4 4 4 4 4 4 4 4 4 4 4 4 4 4 4 4 4 4 4 4 4 4 4 4 4 4 4 4 4],5
fold_2/sample_2474/image.png,[2 2 2 2 2 2 2 2 2 2 2 2 2 2 2 2 2 2 2 2 2 2],5
fold_2/sample_2475/image.png,[2 2 2 2 2 2 2 2 2 2 2 2 2 2 2 2 2 2 2 2 2 2 2 2],5
fold_2/sample_2476/image.png,[1 2 2 2 2 2 2 2 2 2 2 2 2 2],5
fold_2/sample_2477/image.png,[2 2 2 2 2 2 2 2 2 2 2 2 2 2 2 2 2 2 2 2 2 2],5
fold_2/sample_2478/image.png,[2 2 2 2 2 2 2 2 2 2 2 2 2],5
fold_2/sample_2479/image.png,"[1 1 1 1 1 1 1 1 1 1 1 1 1 1 1 1 1 1 1 1 1 2 2 2 2 2 2 2 2 2 2 2 2 2 2 2 2
 2 2 2 2 2 2 2 2 2 2 2 2 2 2 2 2 2 2 2 2 2 2 2 2 2 2 2]",5
fold_2/sample_2480/image.png,"[0 0 0 0 0 0 0 0 0 0 0 0 0 0 0 0 0 0 0 0 0 0 0 0 0 0 0 0 0 0 0 0 0 0 0 0 0
 0 0 0 1 2 2 2 2 2 2 2 2 2 2 2 2 2]",5
fold_2/sample_2481/image.png,[1 1 1 1 1 2 2 2 2 2 2 2 2 2 2 2 2 2 2 2],5
fold_2/sample_2482/image.png,"[1 1 1 1 1 1 1 1 1 1 1 2 2 2 2 2 2 2 2 2 2 2 2 2 2 2 2 2 2 2 2 2 2 2 2 2 2
 2 2 2 2 2 2 2 2 2 2 2 2 2 2 2 2 2 2 2 2 2 2 2 2 2]",5
fold_2/sample_2483/image.png,"[1 1 1 1 1 1 1 1 1 1 1 1 1 1 2 2 2 2 2 2 2 2 2 2 2 2 2 2 2 2 2 2 2 2 2 2 2
 2 2 2 2 2 2 2 2 2 2]",5
fold_2/sample_2484/image.png,"[1 1 1 1 1 1 1 1 1 1 1 1 1 1 1 1 1 2 2 2 2 2 2 2 2 2 2 2 2 2 2 2 2 2 2 2 2
 2 2 2 2 2 2 2 2 2 2 2 2 2 2 2 2 2 2 2 2 2 2 2 2 2 2 2 2 2 2 2 2 2 2 2 2 2
 2 2]",5
fold_2/sample_2485/image.png,"[1 1 1 1 1 1 1 1 1 1 1 1 1 1 1 2 2 2 2 2 2 2 2 2 2 2 2 2 2 2 2 2 2 2 2 2 2
 2 2 2 2 2 2 2 2 2 2 2 2 2 2 2 2 2 2 2 2 2 2 2 2 2 2 2 2 2 2 2 2 2 2 2 2 2
 2 2 2 2 2 2 2 2 2 2 2 2 2 2 2 2 2]",5
fold_2/sample_2486/image.png,"[1 1 1 1 1 1 1 1 1 1 1 1 1 1 1 1 1 1 1 1 1 1 1 1 1 1 1 1 1 1 1 1 1 1 1 1 1
 1 1 1 1 1 1 2 2 2 2 2 2 2 2 2 2 2 2 2 2 2 2 2 2 2 2 2 2 2 2 2 2 2 2 2 2 2
 2 2 2 2 2 2 2 2 2 2 2 2 2 2 2 2 2 2 2 2 2 2 2 2 2 2 2 2 2 2 2 2 2 2 2 2 2
 2 2 2 2 2 2]",5
fold_2/sample_2487/image.png,"[1 1 1 1 1 1 1 1 1 1 1 1 1 1 1 1 1 1 1 1 1 1 1 1 1 1 1 1 1 1 1 1 1 1 1 1 1
 1 1 1 1 1 1 1 1 1 1 1 1 1 1 1 1 1 1 1 1 1 1 1 1 1 1 1 1 1 1 1 1 1 1 1 1 1
 1 1 1 1 2 2 2 2 2 2 2 2 2 2 2 2 2 2 2 2 2 2 2 2 2 2 2 2 2 2 2 2 2 2 2 2 2
 2 2 2 2 2 2 2 2 2 2 2 2 2 2 2 2 2 2 2 2 2 2 2 2 2 2 2 2 2 2 2 2 2 2 2 2 2
 2 2 2 2 2 2 2 2 2 2 2 2 2 2 2 2 2 2 2]",5
fold_2/sample_2488/image.png,"[2 2 2 2 2 2 2 2 2 2 2 2 2 2 2 2 2 2 2 2 2 2 2 2 2 2 2 2 2 2 2 2 2 2 2 2 2
 2 2 2 2 2 2 2 2 2 2 2 2 2 2 2 2 2 2 2 2 2 2 2 2 2 2 2 2 2]",5
fold_2/sample_2489/image.png,"[0 0 0 0 0 0 0 0 0 0 0 0 0 0 0 0 0 0 0 0 0 0 0 0 0 0 0 0 0 0 0 0 0 0 0 0 0
 0 0 0 0 0 0 0 0 0 0 0 0 0 0 0 0 1 1 2 2 2 2 2 2 2]",5
fold_2/sample_2490/image.png,"[0 0 0 0 0 0 0 0 0 0 0 0 0 0 0 0 0 0 0 0 0 0 0 0 0 0 0 0 0 0 0 0 0 0 0 0 0
 0 0 0 0 0 0 0 0 1 1 1 1 1 2 2 2 2]",5
fold_2/sample_2491/image.png,"[0 0 0 0 0 0 0 0 0 0 0 0 0 0 0 0 0 0 0 0 0 0 0 0 0 0 1 1 1 1 1 1 1 1 1 1 1
 1 2 2 2]",5
fold_2/sample_2492/image.png,[1 1 1 1 1 1 1 1 1 2 2],5
fold_2/sample_2493/image.png,[1 1 1 1 1 2 2 2 2 2],5
fold_2/sample_2494/image.png,[],5
fold_2/sample_2495/image.png,[2],5
fold_2/sample_2496/image.png,[2 2],5
fold_2/sample_2497/image.png,[2 2 2 2 2 2 2 2],5
fold_2/sample_2498/image.png,[2 2],5
fold_2/sample_2499/image.png,[2 2 2 2 2 2 2 2 2 2 2 2 2 2 2 2 2 2 2 2 2 2 2],5
fold_2/sample_2500/image.png,[2 2 2 2 2 2 2 2 2 2 2 2],5
fold_2/sample_2501/image.png,[1 1 1 1 1 1 1 1 1 1 1 1 1 1 1 1],5
fold_2/sample_2502/image.png,[1],5
fold_2/sample_2503/image.png,[2 2 2 2],5
fold_2/sample_2504/image.png,[1 1 1 2 2 2 2 2 2 2 2 2 2 2 2 2 2 2 2 2 2 2 2 2 2 2 2 2],5
fold_2/sample_2505/image.png,[1 2 2 2 2 2 2 2 2 2 2 2 2 2 2 2 2 2 2 2],5
fold_2/sample_2506/image.png,[1 1 1 1 2 2 2 2 2 2 2 2 2 2 2 2 2 2 2 2 2 2 2 2 2 2 2 2 2 2 2 2 2 2],5
fold_2/sample_2507/image.png,"[0 0 0 0 0 0 0 0 0 0 0 0 0 0 0 0 0 0 0 0 0 0 0 0 0 0 0 0 0 0 0 0 0 0 0 0 0
 0 0 0 0 0 0 0 0 0 0 0 0 0 0 0 0 0 0 0 0 0 1 2 2]",5
fold_2/sample_2508/image.png,[],5
fold_2/sample_2509/image.png,[2 2 2 2 2 2 2 2 2 2 2 2 2 2],5
fold_2/sample_2510/image.png,[2 2],5
fold_2/sample_2511/image.png,[],5
fold_2/sample_2512/image.png,[2],5
fold_2/sample_2513/image.png,"[1 1 1 1 1 1 1 1 1 1 1 1 2 2 2 2 2 2 2 2 2 2 2 2 2 2 4 4 4 4 4 4 4 4 4 4 4
 4 4 4 4 4 4 4 4 4 4 4 4 4]",5
fold_2/sample_2514/image.png,"[1 1 1 1 1 1 1 1 1 1 1 1 1 1 1 1 1 1 1 1 1 1 1 1 1 1 1 1 1 1 1 1 2 2 2 2 2
 2 2 2 2 2 2 2 2 2 2 2 2 2 2 2 2 2 2 2 2 2 2 2 2 2 2 2 2 2 2 2 2 2 2 4 4 4
 4 4 4 4 4 4 4 4 4 4 4 4 4 4 4 4 4 4 4 4]",5
fold_2/sample_2515/image.png,"[1 1 1 1 1 1 1 1 1 1 1 1 1 1 1 2 2 2 2 2 2 2 2 2 2 2 2 2 2 2 2 2 2 2 2 2 2
 4 4 4 4 4 4 4 4 4 4 4 4 4 4 4 4 4 4 4 4 4 4 4 4 4 4 4]",5
fold_2/sample_2516/image.png,"[0 0 0 0 0 0 0 0 0 0 0 0 0 0 0 0 0 0 0 0 0 2 2 2 2 2 2 2 2 2 2 2 2 2 2 2 2
 2 2 2 2 2 2 2 2]",5
fold_2/sample_2517/image.png,"[0 0 0 0 0 0 0 0 0 0 0 0 0 0 0 0 0 0 0 0 0 0 0 0 0 0 0 0 0 0 0 0 0 0 0 0 0
 0 0 0 0 0 1 1 1 1 1 1 1 1 1]",5
fold_2/sample_2518/image.png,"[0 0 0 0 0 0 0 0 0 0 0 0 0 0 0 0 0 0 0 0 0 0 0 0 0 0 0 0 0 0 0 0 0 0 0 0 0
 0 0 0 0 0 0 0 0 0 0 0 0 0 0 0 0 0 0 0 0 0 0 0 0 0 3 3 3 3 3 3 3 3 3 3 3 3
 3 3 3 3 3 3 3 3 3 3 3]",5
fold_2/sample_2519/image.png,"[0 0 0 0 0 0 0 0 0 0 0 0 0 0 0 0 0 0 0 0 0 0 0 1 1 1 1 1 1 1 1 1 1 1 1 1 1
 1 1 1 1 1 1 1 1 1 1 1 1 1 1 1 1 1 1 1 1 1 1 1 1 1 1 1 1 1 1 1 1 2 2 2 2 2
 2 2 2 2 2 2 2 2 2 2 2 2 2 2 2 2 2 2 2 2 2 2 2 2 2 2 2 2 2 2]",5
fold_2/sample_2520/image.png,[1 1 1 1 1 1 1 1 2 2 2 2 2 2 2 2 2 2 2 2 2 2 2 2 2 2 2 2 2 2],5
fold_2/sample_2521/image.png,"[1 1 1 1 1 1 1 1 1 1 1 1 1 1 1 1 2 2 2 2 2 2 2 2 2 2 2 2 2 2 2 2 2 2 2 2 2
 2 2 2 2 2 2 2 2 2 2 2 2 2 2 2 2 2 2 2]",5
fold_2/sample_2522/image.png,"[1 1 1 1 1 1 1 1 1 1 1 1 1 1 1 1 2 2 2 2 2 2 2 2 2 2 2 2 2 2 2 2 2 2 2 2 2
 2 2 2 2 2 2 2 2 2 2 2 2]",5
fold_3/sample_0/image.png,[0 0 0 0 0 0 0 0 0 0 1 2 2],3
fold_3/sample_1/image.png,[0 0 0 0 2 2 2 2],3
fold_3/sample_2/image.png,[0 0 0 1 2 2 2 2 2 2 2],3
fold_3/sample_3/image.png,[0 0 0 0 0 0 0 0 0 0 2],3
fold_3/sample_4/image.png,[0 0 0 0 0 0 0 0 0 1 2],3
fold_3/sample_5/image.png,[0 0 0 0 0 0 0 0 0 0 0 0 0 2],3
fold_3/sample_6/image.png,[0 0 0 0 0 0 0 0],3
fold_3/sample_7/image.png,[0 0 0 0 0 0 2 2 2 2],3
fold_3/sample_8/image.png,[0 0 0 0 0 0 0 0 2 2 2 2 2],3
fold_3/sample_9/image.png,[0 0 0 0 0 0 0 0 0 0 2],3
fold_3/sample_10/image.png,[0 0 0 0 0 0 0 0 0 1 2],3
fold_3/sample_11/image.png,[0 0 0 0 0 0 0 0 0 0 0 2 2 2],3
fold_3/sample_12/image.png,[0 0 0 0 0 0 0 0 0 0 0 0 0 0 0 0 1 2 2 2 2 2 2],3
fold_3/sample_13/image.png,[0 0 0 0 2 2 2 2 2 2 2],3
fold_3/sample_14/image.png,[0 0 0 0 0 1 1 1 2 2],3
fold_3/sample_15/image.png,[0 0 0 0 0 0 0 0 0 2 2 2 2 2 2 2 2],3
fold_3/sample_16/image.png,[0 0 0 0 0 0 0 0 0 0 0 0 1 1 2],3
fold_3/sample_17/image.png,[0 0 0 0 0 0 0 0 0 0 0 0 0 0 0 0 0],3
fold_3/sample_18/image.png,[0 0 0 0 1 1 1 2 2 2],3
fold_3/sample_19/image.png,[0 0 0 0 0 0 0 2 2],3
fold_3/sample_20/image.png,[0 0 0 0 0 0 0 0 0 0],3
fold_3/sample_21/image.png,[1 1 1 1 1 2 2 2 2 2 2 2 2 2 2 2 2],3
fold_3/sample_22/image.png,[0 0 0 0 0 0 0 0 0 0 0 1 2 2 2 2 2 2],3
fold_3/sample_23/image.png,[0 0 0 0 0 0 0 0 0 0],3
fold_3/sample_24/image.png,[0 0 0 0 0 0 0 0 0 0],3
fold_3/sample_25/image.png,[0 0 0 0 1 2 2],3
fold_3/sample_26/image.png,[2 2 2 2 2 2 2 2],3
fold_3/sample_27/image.png,[0 2 2 2 2 2 2 2 2 2 2],3
fold_3/sample_28/image.png,[0 0 0 0 0 0 0 0 0 0 2 2 2],3
fold_3/sample_29/image.png,[0 1 2 2 2 2 2 2 2 2],3
fold_3/sample_30/image.png,[0 0 0 2 2 2 2 2],3
fold_3/sample_31/image.png,[0 0 0 0 0 0 1 2 2 2 2 2 2],3
fold_3/sample_32/image.png,[1 2 2 2 2 2 2 2 2 2 2 2],3
fold_3/sample_33/image.png,[0 0 1 2 2 2 2],3
fold_3/sample_34/image.png,[0 0 0 0 0 0 0 0 0 2 2 2 2],3
fold_3/sample_35/image.png,[2 2 2 2 4 4],3
fold_3/sample_36/image.png,[2 2 2 2 4 4 4 4 4 4 4 4 4 4 4 4 4 4 4 4 4 4 4 4 4 4 4],3
fold_3/sample_37/image.png,[2 2 2 2 2 2 2 2 2 2 2 2 2 4 4 4 4 4 4 4 4 4 4 4],3
fold_3/sample_38/image.png,[2 2 2 4 4 4 4 4 4 4 4 4 4 4 4 4 4 4 4 4 4 4],3
fold_3/sample_39/image.png,[4 4 4 4 4 4 4 4 4 4 4 4 4 4 4 4 4 4 4 4 4 4 4 4],3
fold_3/sample_40/image.png,[1 2 2 2 2 2],3
fold_3/sample_41/image.png,[2 2],3
fold_3/sample_42/image.png,[2 2 2 2 2 4 4 4 4 4 4 4 4 4 4 4 4],3
fold_3/sample_43/image.png,[0 0 0 0 0 0 0 0 0 0 0 0 0 0 0 0 1 1],3
fold_3/sample_44/image.png,[0 0 0 0 0 0 1 1 1 1 2 2 2 2 2 2 2 2],3
fold_3/sample_45/image.png,[0 0 0 0 0 0 1 1 1 1 2 2 2],3
fold_3/sample_46/image.png,[0 0 0 0 0 0 0 0 0 0 0 0 0 0 0 0 0 0 0 0 0 0 0 0 0 2],3
fold_3/sample_47/image.png,[0 0 0 0 0 0 0 0 0 0 1 1 1 1 1 2 2 2 2 2 2],3
fold_3/sample_48/image.png,[0 0 2 2 2 2],3
fold_3/sample_49/image.png,[1 2 2 2 2 2 2 2 2],3
fold_3/sample_50/image.png,[1 1 1 1 2 2 2 2 2 2 2 2 4 4 4 4 4 4 4 4],3
fold_3/sample_51/image.png,"[2 4 4 4 4 4 4 4 4 4 4 4 4 4 4 4 4 4 4 4 4 4 4 4 4 4 4 4 4 4 4 4 4 4 4 4 4
 4 4 4 4 4 4 4 4]",3
fold_3/sample_52/image.png,[2 4 4 4 4 4 4 4 4 4 4 4 4 4 4 4 4 4 4 4 4 4 4 4 4 4 4 4 4 4 4],3
fold_3/sample_53/image.png,[2 2 4 4 4 4 4 4 4 4 4 4 4 4],3
fold_3/sample_54/image.png,[2 2 2 2 2 2 2 2 2 2 4 4 4 4 4 4 4 4 4],3
fold_3/sample_55/image.png,"[1 1 2 2 4 4 4 4 4 4 4 4 4 4 4 4 4 4 4 4 4 4 4 4 4 4 4 4 4 4 4 4 4 4 4 4 4
 4 4 4]",3
fold_3/sample_56/image.png,[2 2 2 2 4 4 4 4 4 4 4 4 4 4 4 4 4 4 4 4 4],3
fold_3/sample_57/image.png,[2 2 4 4 4 4 4 4 4 4 4 4 4 4 4 4 4 4 4 4 4 4],3
fold_3/sample_58/image.png,[2 2 2 2 2 4 4 4 4 4 4 4 4],3
fold_3/sample_59/image.png,[2 4 4 4 4 4 4 4 4 4 4 4 4 4 4 4 4],3
fold_3/sample_60/image.png,[1 1 2 4 4 4 4 4 4 4 4 4 4 4 4 4 4 4 4 4 4 4 4 4 4 4 4],3
fold_3/sample_61/image.png,"[2 4 4 4 4 4 4 4 4 4 4 4 4 4 4 4 4 4 4 4 4 4 4 4 4 4 4 4 4 4 4 4 4 4 4 4 4
 4]",3
fold_3/sample_62/image.png,"[1 2 2 2 2 2 2 4 4 4 4 4 4 4 4 4 4 4 4 4 4 4 4 4 4 4 4 4 4 4 4 4 4 4 4 4 4
 4 4 4]",3
fold_3/sample_63/image.png,[1 1 2 2 4 4 4 4 4 4 4 4 4 4 4 4 4 4 4 4 4 4 4 4 4 4 4 4 4],3
fold_3/sample_64/image.png,"[2 2 2 2 2 2 2 2 2 4 4 4 4 4 4 4 4 4 4 4 4 4 4 4 4 4 4 4 4 4 4 4 4 4 4 4 4
 4 4 4]",3
fold_3/sample_65/image.png,[0 0 0 1 2 2 2],3
fold_3/sample_66/image.png,[1 1 2 2 2 2 2 2],3
fold_3/sample_67/image.png,[0 1 2 2 2 2 2 2 2 2 2 2 4 4 4 4 4 4 4 4 4 4 4 4 4],3
fold_3/sample_68/image.png,"[1 2 2 2 2 2 2 2 4 4 4 4 4 4 4 4 4 4 4 4 4 4 4 4 4 4 4 4 4 4 4 4 4 4 4 4 4
 4 4 4 4 4]",3
fold_3/sample_69/image.png,[0 0 0 0 0 0 0 2 2],3
fold_3/sample_70/image.png,[0 0 2],3
fold_3/sample_71/image.png,[0 0 0 0 1 2 2 2 2],3
fold_3/sample_72/image.png,[0 1 2 2 2 2 2 2 4 4 4 4 4 4 4 4 4 4 4 4 4 4],3
fold_3/sample_73/image.png,[0 1 1 2 2 2 2 2 2 2 2 2 2 2 2 2 2 2 4],3
fold_3/sample_74/image.png,[0 0 1 2 2 2 2 2 2 2 2 2 2],3
fold_3/sample_75/image.png,[2 2 2 2 2 2 2 2 2 2 2 2 2 2 2 4 4 4 4 4 4 4 4 4 4 4 4 4 4 4 4],3
fold_3/sample_76/image.png,"[2 2 2 2 2 2 2 2 2 2 2 2 2 2 2 2 2 4 4 4 4 4 4 4 4 4 4 4 4 4 4 4 4 4 4 4 4
 4 4 4 4]",3
fold_3/sample_77/image.png,[1 2 2 2 2 2 2 2 2 2 2 2 2 4 4 4 4 4 4 4 4 4 4 4 4 4 4 4],3
fold_3/sample_78/image.png,"[2 2 2 2 2 2 2 2 2 4 4 4 4 4 4 4 4 4 4 4 4 4 4 4 4 4 4 4 4 4 4 4 4 4 4 4 4
 4 4 4 4 4 4 4 4 4 4 4 4 4]",3
fold_3/sample_79/image.png,"[2 2 2 2 2 2 2 4 4 4 4 4 4 4 4 4 4 4 4 4 4 4 4 4 4 4 4 4 4 4 4 4 4 4 4 4 4
 4 4 4 4 4 4 4 4]",3
fold_3/sample_80/image.png,[0 0 0 0 0 0 0 0 0 0 0 0 0 2],3
fold_3/sample_81/image.png,[0 0 0 0 0 0 0 0 0 0 0 0 0 0 0 1 2],3
fold_3/sample_82/image.png,[2 2 2 2],3
fold_3/sample_83/image.png,[0 0 0 0 0 0 0 0 0 0 0 2 2 2 2],3
fold_3/sample_84/image.png,[0 0 0 0 0 0 0 0 0 0 0 0 0 0 2 2 2],3
fold_3/sample_85/image.png,[0 0 0 0 0 0 0 0 0 0 0 0 0 0 0 0 0 2],3
fold_3/sample_86/image.png,[0 0 0 0 0 0 0 1],3
fold_3/sample_87/image.png,[0 0 0 0 0 0 0 0 0 0 0 0 0 2],3
fold_3/sample_88/image.png,[0 0 0 0 0 0 1 1 1 1 2 2 2 2],3
fold_3/sample_89/image.png,[0 0 0 0 0 0 0 0 0 0 0 1 2 2 2 2 2 2 2],3
fold_3/sample_90/image.png,[0 0 0 0 0 0 0 0 0 0 0 2 2 2 2 2 2 2 2 2 2 2 2 2],3
fold_3/sample_91/image.png,[1 2 2 2 2 2 2 2 2 4 4 4 4 4 4 4 4],3
fold_3/sample_92/image.png,[2 2 2 2 2 2 2 2 2 4 4 4 4 4 4 4 4 4 4 4 4 4 4 4 4 4 4 4 4 4 4 4],3
fold_3/sample_93/image.png,[1 1 1 2 2 2 2 2 2 2 4 4 4 4 4 4 4 4 4 4 4 4 4 4],3
fold_3/sample_94/image.png,[2 2 2 2 4 4 4 4 4 4 4 4 4 4 4 4 4 4 4 4 4],3
fold_3/sample_95/image.png,[2 2 2 2 2 4 4 4 4 4 4 4 4 4 4 4 4 4 4 4 4 4 4 4 4 4 4 4 4 4],3
fold_3/sample_96/image.png,[1 2 4 4 4 4 4 4 4 4 4 4 4 4 4 4 4 4 4 4 4 4 4 4 4 4 4 4 4 4 4 4 4 4],3
fold_3/sample_97/image.png,"[2 2 2 2 2 2 2 2 2 4 4 4 4 4 4 4 4 4 4 4 4 4 4 4 4 4 4 4 4 4 4 4 4 4 4 4 4
 4]",3
fold_3/sample_98/image.png,[1 2 2 2 4 4 4 4 4 4 4 4 4 4 4 4 4 4 4 4 4 4 4 4 4 4 4 4 4 4 4 4 4],3
fold_3/sample_99/image.png,"[2 2 2 2 2 4 4 4 4 4 4 4 4 4 4 4 4 4 4 4 4 4 4 4 4 4 4 4 4 4 4 4 4 4 4 4 4
 4 4 4 4 4 4 4 4 4 4 4 4 4 4 4 4 4]",3
fold_3/sample_100/image.png,[0 0 0 0 0 0 0 0 0 0 0 0 0 0 0 0 0 1 2 2],3
fold_3/sample_101/image.png,"[0 0 0 0 0 0 0 0 0 0 0 0 0 0 0 0 0 0 0 0 0 0 0 0 0 0 0 0 0 0 0 0 0 0 0 0 0
 0 0 0 0 0 0 0 0 0 0 0 0]",3
fold_3/sample_102/image.png,[0 0 0 0 0 0 2 2 2 2 2 2 2 2],3
fold_3/sample_103/image.png,"[1 1 1 1 1 1 1 1 1 1 1 1 1 1 1 1 1 1 1 1 1 1 1 1 1 1 1 1 1 1 1 1 1 1 1 1 1
 1 1 1 1 1 1 1 1 1 1 1 1 1 1 1 1 1 1 1 1 1 1 1 1 1 1 1 1 2 2 2 2 2 2 2]",3
fold_3/sample_104/image.png,[0 0 0 0 1 1 1 1 1 1 1 1 1 1 1 1 1 2 2 2 2 2 2 2 2 2 2 2 2],3
fold_3/sample_105/image.png,[2 2 2 2 2 2 4 4 4 4 4 4 4 4 4 4 4 4],3
fold_3/sample_106/image.png,[1 1 1 1 2 2 2 2 2 2 4 4 4 4 4 4 4 4 4 4 4 4 4 4 4 4 4 4 4 4 4 4 4 4 4],3
fold_3/sample_107/image.png,[1 2 2 2 2 2 2 2 2 2 4 4 4 4 4 4 4 4 4 4 4 4 4 4 4 4 4 4 4 4 4 4],3
fold_3/sample_108/image.png,"[1 1 1 1 2 2 4 4 4 4 4 4 4 4 4 4 4 4 4 4 4 4 4 4 4 4 4 4 4 4 4 4 4 4 4 4 4
 4 4]",3
fold_3/sample_109/image.png,"[1 1 1 1 2 2 2 2 2 2 2 4 4 4 4 4 4 4 4 4 4 4 4 4 4 4 4 4 4 4 4 4 4 4 4 4 4
 4 4 4 4 4 4 4 4 4]",3
fold_3/sample_110/image.png,"[1 1 1 2 2 2 2 4 4 4 4 4 4 4 4 4 4 4 4 4 4 4 4 4 4 4 4 4 4 4 4 4 4 4 4 4 4
 4 4 4 4 4 4 4 4 4]",3
fold_3/sample_111/image.png,[2 2 2 4 4 4 4 4 4 4 4 4 4 4 4 4 4 4 4 4 4],3
fold_3/sample_112/image.png,[1 2 2 4 4 4 4 4 4 4 4 4 4 4 4 4 4 4],3
fold_3/sample_113/image.png,[2 2 2 2 4 4 4 4 4 4 4 4 4 4 4 4 4 4 4 4 4 4 4],3
fold_3/sample_114/image.png,[1 2 2 2 4 4 4 4 4 4 4 4 4 4 4 4 4 4 4 4 4 4 4 4 4 4 4 4 4 4],3
fold_3/sample_115/image.png,[1 1 2 2 2 2 2 4 4 4 4 4 4 4 4 4 4 4 4 4 4 4 4],3
fold_3/sample_116/image.png,[2 2 2 4 4 4 4 4 4 4 4 4 4 4 4 4 4 4 4 4 4 4 4 4 4 4 4 4 4 4 4 4],3
fold_3/sample_117/image.png,[1 2 2 2 2 2 2 2 4 4 4 4 4 4 4 4 4 4 4 4 4 4 4 4 4 4 4 4],3
fold_3/sample_118/image.png,"[2 2 2 4 4 4 4 4 4 4 4 4 4 4 4 4 4 4 4 4 4 4 4 4 4 4 4 4 4 4 4 4 4 4 4 4 4
 4 4 4 4 4 4 4 4 4]",3
fold_3/sample_119/image.png,"[2 2 2 4 4 4 4 4 4 4 4 4 4 4 4 4 4 4 4 4 4 4 4 4 4 4 4 4 4 4 4 4 4 4 4 4 4
 4 4 4 4 4 4 4 4]",3
fold_3/sample_120/image.png,"[1 1 2 2 4 4 4 4 4 4 4 4 4 4 4 4 4 4 4 4 4 4 4 4 4 4 4 4 4 4 4 4 4 4 4 4 4
 4 4 4 4 4 4 4 4 4 4 4 4 4 4 4 4 4]",3
fold_3/sample_121/image.png,[2 2 2 2 2 2 4 4 4 4 4 4 4 4 4 4 4 4 4 4 4 4 4 4 4 4 4 4 4 4 4 4 4 4 4 4],3
fold_3/sample_122/image.png,[2 2 2 2 2 2 4 4 4 4 4 4 4 4 4],3
fold_3/sample_123/image.png,"[1 1 1 1 1 1 1 2 2 2 2 2 2 2 2 2 2 2 2 2 2 2 4 4 4 4 4 4 4 4 4 4 4 4 4 4 4
 4 4 4 4 4 4 4 4 4 4 4 4 4 4 4 4 4 4 4 4 4 4]",3
fold_3/sample_124/image.png,[2 2 2 2 2 2 2 2 4 4 4 4 4 4 4 4 4 4 4 4 4 4 4 4 4 4 4 4 4 4 4 4 4 4 4 4],3
fold_3/sample_125/image.png,"[1 1 2 2 2 2 2 2 4 4 4 4 4 4 4 4 4 4 4 4 4 4 4 4 4 4 4 4 4 4 4 4 4 4 4 4 4
 4 4 4 4 4]",3
fold_3/sample_126/image.png,[2 2 2 2 2 2 2 4 4 4 4 4 4 4 4 4 4 4 4 4 4 4 4 4 4 4 4 4 4 4 4],3
fold_3/sample_127/image.png,[1 2 2 2 2 2 2 4 4 4 4 4 4 4 4 4 4 4 4 4 4 4 4 4 4 4 4 4 4 4 4 4 4 4 4 4 4],3
fold_3/sample_128/image.png,[2 2 2 2 2 2 2 2 2 2 2 4 4 4 4 4],3
fold_3/sample_129/image.png,"[2 2 2 2 4 4 4 4 4 4 4 4 4 4 4 4 4 4 4 4 4 4 4 4 4 4 4 4 4 4 4 4 4 4 4 4 4
 4 4 4 4 4 4 4 4 4 4 4 4 4]",3
fold_3/sample_130/image.png,[0 0 0 0 0 0 0 1 2 2 2 2],3
fold_3/sample_131/image.png,[0 0 0 0 0 0 0 0 0 0 0 0 2 2],3
fold_3/sample_132/image.png,[1 1 2 4 4 4 4 4 4 4 4 4 4 4 4 4 4 4 4 4 4 4 4 4 4 4 4 4 4],3
fold_3/sample_133/image.png,"[4 4 4 4 4 4 4 4 4 4 4 4 4 4 4 4 4 4 4 4 4 4 4 4 4 4 4 4 4 4 4 4 4 4 4 4 4
 4 4 4 4 4 4 4 4 4 4]",3
fold_3/sample_134/image.png,[2 2 2 2 2 4 4 4 4 4 4 4 4 4 4 4 4 4 4 4 4 4 4 4 4 4 4],3
fold_3/sample_135/image.png,[1 1 2 2 2 2 2 2 2 2 4 4 4 4 4 4 4 4 4 4 4 4 4 4],3
fold_3/sample_136/image.png,[4 4 4 4 4 4 4 4 4 4 4 4 4 4 4 4 4 4 4 4 4 4 4 4 4],3
fold_3/sample_137/image.png,[2 4 4 4 4 4 4 4 4 4 4 4 4 4 4 4 4 4 4 4 4 4 4 4 4 4 4 4 4 4 4 4 4 4 4 4],3
fold_3/sample_138/image.png,[0 0 0 0 0 0 0 0 0 1 1 1 1 1 1 2 2 2],3
fold_3/sample_139/image.png,[0 0 0 0 0 0 0 0 0 1 1 1 1 1],3
fold_3/sample_140/image.png,[0 1 1 1 1 1 1 1 1 2 2 2 2 2 2 2 2 2],3
fold_3/sample_141/image.png,[0 0 0 0 0 0 0 1 1 1 1 1 1 1 1 1 1 1 1 1 1 2 2 2],3
fold_3/sample_142/image.png,[0 0 0 0 0 0 0 1 1 1 1 1 1 1 1 1 1 1 1 1 1 1 2 2 2 2 2 2 2 2 2],3
fold_3/sample_143/image.png,[2 2 2 2 2 2],3
fold_3/sample_144/image.png,[2 2 2 2 2 2 2 2 4 4 4 4 4 4 4 4 4],3
fold_3/sample_145/image.png,[1 2 2 2 2 2 2 2 2 2 2 4 4 4 4 4 4 4 4 4],3
fold_3/sample_146/image.png,"[4 4 4 4 4 4 4 4 4 4 4 4 4 4 4 4 4 4 4 4 4 4 4 4 4 4 4 4 4 4 4 4 4 4 4 4 4
 4 4 4 4 4 4 4 4 4 4 4 4 4]",3
fold_3/sample_147/image.png,"[2 2 4 4 4 4 4 4 4 4 4 4 4 4 4 4 4 4 4 4 4 4 4 4 4 4 4 4 4 4 4 4 4 4 4 4 4
 4 4 4 4 4 4 4 4 4]",3
fold_3/sample_148/image.png,[1 1 2 2 2 2 2 4 4 4 4 4 4 4 4 4 4 4 4 4 4 4 4 4 4 4 4 4 4 4 4 4 4 4],3
fold_3/sample_149/image.png,[1 2 2 4 4 4 4 4 4 4 4 4 4 4 4 4 4 4 4 4 4 4 4 4 4],3
fold_3/sample_150/image.png,"[2 2 2 4 4 4 4 4 4 4 4 4 4 4 4 4 4 4 4 4 4 4 4 4 4 4 4 4 4 4 4 4 4 4 4 4 4
 4 4 4 4 4 4 4 4]",3
fold_3/sample_151/image.png,[0 2 2],3
fold_3/sample_152/image.png,[0 0 0 0 2 2 2],3
fold_3/sample_153/image.png,[0 2 2 2 2 2],3
fold_3/sample_154/image.png,[0 0 0 2],3
fold_3/sample_155/image.png,[0 0 0],3
fold_3/sample_156/image.png,[1],3
fold_3/sample_157/image.png,[1 1 1 1 2 2 2 2 2 2 2 2 2 2 2 4 4 4 4 4 4 4 4 4 4 4 4 4 4 4],3
fold_3/sample_158/image.png,[1 2 2 2],3
fold_3/sample_159/image.png,[0 0 2 2 2],3
fold_3/sample_160/image.png,[2 2 2 2 2 2],3
fold_3/sample_161/image.png,[0 0 2 2],3
fold_3/sample_162/image.png,[2 2 2 2 2],3
fold_3/sample_163/image.png,"[1 1 1 2 2 2 2 2 2 2 2 2 2 2 4 4 4 4 4 4 4 4 4 4 4 4 4 4 4 4 4 4 4 4 4 4 4
 4 4]",3
fold_3/sample_164/image.png,[1 1 2 2 2 2 2 2 2 4 4 4 4 4 4 4 4 4 4 4 4 4 4 4 4 4],3
fold_3/sample_165/image.png,[1 2 2 2 2 2 2 2 2 2 2 2 2 2 2 2 2 2],3
fold_3/sample_166/image.png,"[2 2 2 4 4 4 4 4 4 4 4 4 4 4 4 4 4 4 4 4 4 4 4 4 4 4 4 4 4 4 4 4 4 4 4 4 4
 4 4 4 4 4 4 4 4 4 4 4 4 4 4 4 4 4 4 4 4 4 4 4]",3
fold_3/sample_167/image.png,"[1 1 2 2 2 2 2 2 4 4 4 4 4 4 4 4 4 4 4 4 4 4 4 4 4 4 4 4 4 4 4 4 4 4 4 4 4
 4 4 4 4 4 4 4 4 4 4 4 4]",3
fold_3/sample_168/image.png,"[1 1 1 1 2 2 2 2 2 2 2 2 2 2 4 4 4 4 4 4 4 4 4 4 4 4 4 4 4 4 4 4 4 4 4 4 4
 4 4 4 4 4 4 4 4 4 4 4 4 4 4 4 4 4 4]",3
fold_3/sample_169/image.png,"[1 2 4 4 4 4 4 4 4 4 4 4 4 4 4 4 4 4 4 4 4 4 4 4 4 4 4 4 4 4 4 4 4 4 4 4 4
 4 4 4 4 4 4 4 4 4 4 4 4 4 4 4 4 4 4 4]",3
fold_3/sample_170/image.png,"[2 2 2 2 2 2 2 2 2 2 2 4 4 4 4 4 4 4 4 4 4 4 4 4 4 4 4 4 4 4 4 4 4 4 4 4 4
 4 4 4]",3
fold_3/sample_171/image.png,"[2 2 2 2 2 2 2 2 2 2 2 2 4 4 4 4 4 4 4 4 4 4 4 4 4 4 4 4 4 4 4 4 4 4 4 4 4
 4 4 4 4 4 4 4 4 4 4 4 4 4 4 4 4 4 4 4 4 4 4 4 4 4 4 4 4 4 4 4]",3
fold_3/sample_172/image.png,"[1 1 1 2 2 2 2 2 2 2 2 2 4 4 4 4 4 4 4 4 4 4 4 4 4 4 4 4 4 4 4 4 4 4 4 4 4
 4 4 4 4]",3
fold_3/sample_173/image.png,"[1 1 1 1 2 2 2 2 2 2 2 2 2 4 4 4 4 4 4 4 4 4 4 4 4 4 4 4 4 4 4 4 4 4 4 4 4
 4 4 4 4 4 4 4 4 4 4 4 4 4]",3
fold_3/sample_174/image.png,[2 2 2 2 2 2 4 4 4 4 4 4 4 4 4 4 4 4 4 4 4 4 4 4 4 4 4 4 4 4 4 4 4 4],3
fold_3/sample_175/image.png,"[1 2 4 4 4 4 4 4 4 4 4 4 4 4 4 4 4 4 4 4 4 4 4 4 4 4 4 4 4 4 4 4 4 4 4 4 4
 4 4 4 4 4 4 4 4 4 4 4 4 4 4 4 4 4 4 4 4 4 4 4 4 4 4 4 4]",3
fold_3/sample_176/image.png,"[1 2 2 4 4 4 4 4 4 4 4 4 4 4 4 4 4 4 4 4 4 4 4 4 4 4 4 4 4 4 4 4 4 4 4 4 4
 4 4 4 4 4 4 4]",3
fold_3/sample_177/image.png,[2 2 2 2 2 4 4 4 4 4 4 4 4 4 4 4 4 4 4 4 4 4 4 4 4 4 4 4 4 4 4 4 4 4 4],3
fold_3/sample_178/image.png,[2 2 2 2 2 2 2 4 4 4 4],3
fold_3/sample_179/image.png,[1 2 2 2 2 2 2 2 4 4 4 4 4 4 4 4 4 4 4 4 4 4],3
fold_3/sample_180/image.png,[1 1 1 1 2 2 2 2 2 2 2 2 4 4 4 4 4 4 4 4 4 4],3
fold_3/sample_181/image.png,[2 4 4 4 4 4 4 4 4 4 4 4 4 4 4 4],3
fold_3/sample_182/image.png,"[1 4 4 4 4 4 4 4 4 4 4 4 4 4 4 4 4 4 4 4 4 4 4 4 4 4 4 4 4 4 4 4 4 4 4 4 4
 4 4 4 4 4]",3
fold_3/sample_183/image.png,[1 1 2 2 2 4 4 4 4 4 4 4 4 4 4 4 4 4 4 4 4 4 4 4 4 4 4 4 4 4 4 4 4 4],3
fold_3/sample_184/image.png,[2 2 2 2 2 2 4 4 4 4 4 4 4 4 4 4 4 4 4 4 4 4 4 4],3
fold_3/sample_185/image.png,[0 0 2 2 2 2 2],3
fold_3/sample_186/image.png,[0 0 0 0 0 0 0 0 0 0 0 0 0 0 0 0 0 0 2 2 2 2],3
fold_3/sample_187/image.png,[0 0 0 2 2 2 2 2],3
fold_3/sample_188/image.png,[2 2 2 2 2 2 2 2],3
fold_3/sample_189/image.png,[0 0 0 0 0 0 0 1 2 2 2 2 2 2 2],3
fold_3/sample_190/image.png,[2 2 2 2 2 2 2 4 4 4],3
fold_3/sample_191/image.png,[2 2 2 2 2 2 4 4 4 4 4 4 4 4 4 4 4 4 4 4 4 4 4 4 4 4 4],3
fold_3/sample_192/image.png,[1 1 2 2 2 2 2 2 4 4 4 4 4 4 4 4 4 4 4 4 4 4 4 4 4 4 4 4 4 4],3
fold_3/sample_193/image.png,"[2 2 4 4 4 4 4 4 4 4 4 4 4 4 4 4 4 4 4 4 4 4 4 4 4 4 4 4 4 4 4 4 4 4 4 4 4
 4 4 4 4 4]",3
fold_3/sample_194/image.png,"[1 2 4 4 4 4 4 4 4 4 4 4 4 4 4 4 4 4 4 4 4 4 4 4 4 4 4 4 4 4 4 4 4 4 4 4 4
 4 4 4 4 4 4 4 4 4 4 4 4 4 4 4 4 4 4 4 4]",3
fold_3/sample_195/image.png,[2 2 2 2 2 2 4],3
fold_3/sample_196/image.png,[2 2 2 2 2 2 2 4 4 4 4 4 4 4 4 4 4 4 4 4 4 4 4 4 4 4 4 4 4 4 4 4 4],3
fold_3/sample_197/image.png,[2 2 2 2 4 4 4 4 4 4 4 4 4],3
fold_3/sample_198/image.png,"[1 1 2 2 2 2 2 2 2 2 2 4 4 4 4 4 4 4 4 4 4 4 4 4 4 4 4 4 4 4 4 4 4 4 4 4 4
 4]",3
fold_3/sample_199/image.png,[1 1 2 2 2 4 4 4 4 4 4 4 4 4],3
fold_3/sample_200/image.png,[1 2 2 2 2 2 2 2 2 2 4 4 4 4 4 4 4 4 4 4 4 4 4],3
fold_3/sample_201/image.png,[2 2 2 2 2 2 2 4],3
fold_3/sample_202/image.png,[1 1 1 2 2 2 2 2 2 2 2 2 4 4 4 4 4 4 4 4 4 4 4 4 4 4 4 4 4],3
fold_3/sample_203/image.png,[1 1 2 2 2 2 2 2 2 2 2 2 4 4 4 4 4 4 4],3
fold_3/sample_204/image.png,[1 2 2 2 2 2 2 4 4 4 4 4 4 4 4 4 4 4 4 4 4 4 4 4 4],3
fold_3/sample_205/image.png,[2 2 2 4 4 4 4 4 4 4 4 4 4 4 4 4 4 4 4 4 4 4 4 4 4 4],3
fold_3/sample_206/image.png,[2 2 2 2 2 2 2 2 2 2 2 4 4 4 4 4 4 4 4 4 4],3
fold_3/sample_207/image.png,[1 2 2 2 2 2 2 2 2 2 2 2 2 2 2 2 4 4 4 4 4 4 4 4 4 4 4 4 4 4 4 4 4],3
fold_3/sample_208/image.png,[2 2 2 2 2 2 2 2 2 4 4 4],3
fold_3/sample_209/image.png,"[1 1 2 2 2 2 4 4 4 4 4 4 4 4 4 4 4 4 4 4 4 4 4 4 4 4 4 4 4 4 4 4 4 4 4 4 4
 4 4 4 4 4 4 4 4 4]",3
fold_3/sample_210/image.png,[1 2 2 2 2 2 2 2 2 2 2 2 2 2 2 2 4 4 4 4 4 4],3
fold_3/sample_211/image.png,"[1 1 1 1 1 1 1 2 2 2 2 2 2 2 2 2 2 2 4 4 4 4 4 4 4 4 4 4 4 4 4 4 4 4 4 4 4
 4]",3
fold_3/sample_212/image.png,[1 1 1 1 1 2 2 2 2 2 2 2 2 2 4 4 4 4 4 4 4 4 4 4 4 4 4 4],3
fold_3/sample_213/image.png,[2 2 2 2 2 2 2 2 2 2 2 2 4 4 4 4 4],3
fold_3/sample_214/image.png,"[1 1 2 2 2 2 2 2 4 4 4 4 4 4 4 4 4 4 4 4 4 4 4 4 4 4 4 4 4 4 4 4 4 4 4 4 4
 4]",3
fold_3/sample_215/image.png,[2 2 4 4 4 4],3
fold_3/sample_216/image.png,"[2 2 4 4 4 4 4 4 4 4 4 4 4 4 4 4 4 4 4 4 4 4 4 4 4 4 4 4 4 4 4 4 4 4 4 4 4
 4 4 4 4 4 4 4 4 4 4 4 4]",3
fold_3/sample_217/image.png,[2 2 2 2 2 2 2 2 2 2 2 2 2 2 4 4 4 4 4 4],3
fold_3/sample_218/image.png,"[1 1 1 2 2 2 4 4 4 4 4 4 4 4 4 4 4 4 4 4 4 4 4 4 4 4 4 4 4 4 4 4 4 4 4 4 4
 4 4 4 4 4 4 4 4]",3
fold_3/sample_219/image.png,"[2 2 4 4 4 4 4 4 4 4 4 4 4 4 4 4 4 4 4 4 4 4 4 4 4 4 4 4 4 4 4 4 4 4 4 4 4
 4 4 4 4 4 4 4 4 4 4 4 4 4 4 4 4 4 4 4]",3
fold_3/sample_220/image.png,[2 2 4 4 4 4 4 4 4 4 4 4 4 4 4 4 4 4 4 4 4 4 4 4 4 4 4 4 4 4 4 4],3
fold_3/sample_221/image.png,"[1 1 1 2 2 4 4 4 4 4 4 4 4 4 4 4 4 4 4 4 4 4 4 4 4 4 4 4 4 4 4 4 4 4 4 4 4
 4]",3
fold_3/sample_222/image.png,"[1 1 1 2 2 2 2 2 2 4 4 4 4 4 4 4 4 4 4 4 4 4 4 4 4 4 4 4 4 4 4 4 4 4 4 4 4
 4 4 4 4 4 4 4 4 4 4 4 4]",3
fold_3/sample_223/image.png,"[2 4 4 4 4 4 4 4 4 4 4 4 4 4 4 4 4 4 4 4 4 4 4 4 4 4 4 4 4 4 4 4 4 4 4 4 4
 4 4 4 4 4 4 4]",3
fold_3/sample_224/image.png,[1 2 2 2 2 4 4 4 4 4 4 4 4 4 4 4 4],3
fold_3/sample_225/image.png,[2 2 2 2 2 2],3
fold_3/sample_226/image.png,"[1 2 2 2 2 2 2 2 2 2 2 2 2 2 2 2 2 2 2 2 2 4 4 4 4 4 4 4 4 4 4 4 4 4 4 4 4
 4 4 4 4 4 4 4 4 4]",3
fold_3/sample_227/image.png,"[1 1 1 1 2 2 2 4 4 4 4 4 4 4 4 4 4 4 4 4 4 4 4 4 4 4 4 4 4 4 4 4 4 4 4 4 4
 4 4]",3
fold_3/sample_228/image.png,"[1 2 2 2 2 2 2 2 2 2 2 4 4 4 4 4 4 4 4 4 4 4 4 4 4 4 4 4 4 4 4 4 4 4 4 4 4
 4 4 4 4 4 4 4 4 4]",3
fold_3/sample_229/image.png,[1 2 2 2 2 2 2 2 2],3
fold_3/sample_230/image.png,[1 1 1 2 2 2 2 2],3
fold_3/sample_231/image.png,[1 1 1 2 2 2 2 2 2 2 2 2 2 2 4 4 4 4 4 4 4 4 4 4 4 4 4 4 4 4 4 4 4 4 4],3
fold_3/sample_232/image.png,"[1 1 2 2 2 2 2 2 2 2 2 4 4 4 4 4 4 4 4 4 4 4 4 4 4 4 4 4 4 4 4 4 4 4 4 4 4
 4 4 4 4 4 4 4 4 4 4]",3
fold_3/sample_233/image.png,[1 2],3
fold_3/sample_234/image.png,[0 0 0 0 0 0 0 0 0 0 2 2 2 2 2 2 2],3
fold_3/sample_235/image.png,[0 0 0 0 0 0 2 2 2 2],3
fold_3/sample_236/image.png,[],3
fold_3/sample_237/image.png,[0 0 0 0 0 0 0 2 2],3
fold_3/sample_238/image.png,[0 0 0 0 0 0 0 0 0 0 0 1 2 2],3
fold_3/sample_239/image.png,[1 1 1 1 1 1 1 1 1 2 2 2 2 2 2 2 2 2 2 2 2 2 4 4 4 4 4 4 4 4 4 4 4 4 4 4],3
fold_3/sample_240/image.png,"[1 1 1 1 1 1 1 1 1 1 1 1 1 1 1 1 1 1 1 2 2 2 2 2 2 2 2 2 2 2 4 4 4 4 4 4 4
 4 4 4 4 4 4]",3
fold_3/sample_241/image.png,[1 1 1 1 1 1 1 1 1 1 1 1 2 2 2 2 2 2 2 2 2 2 2 4 4 4 4 4 4],3
fold_3/sample_242/image.png,[1 1 1 1 2 2 2 2 2 2 2 2 2 2 2 2 4 4 4 4 4 4 4 4 4 4 4 4 4 4 4 4 4 4 4 4 4],3
fold_3/sample_243/image.png,[1 1 1 1 1 1 1 1 1 1 1 1 2 2 2 2 2 2 2 4 4 4 4 4 4 4 4 4 4 4 4 4 4],3
fold_3/sample_244/image.png,[1 2 2 2 2],3
fold_3/sample_245/image.png,[1 2 2 2 4 4 4 4 4 4 4 4 4 4 4 4 4 4 4 4 4 4 4 4 4 4 4 4 4 4 4 4 4 4 4 4 4],3
fold_3/sample_246/image.png,[1 1 2 2 2 2 2 2 2 2 2],3
fold_3/sample_247/image.png,[2 2 2 2 2 2 4 4 4 4 4],3
fold_3/sample_248/image.png,"[2 2 2 2 4 4 4 4 4 4 4 4 4 4 4 4 4 4 4 4 4 4 4 4 4 4 4 4 4 4 4 4 4 4 4 4 4
 4 4 4 4 4 4 4 4 4 4 4 4 4 4 4 4]",3
fold_3/sample_249/image.png,"[1 2 2 2 2 2 4 4 4 4 4 4 4 4 4 4 4 4 4 4 4 4 4 4 4 4 4 4 4 4 4 4 4 4 4 4 4
 4 4 4 4 4 4 4 4 4 4 4 4 4 4]",3
fold_3/sample_250/image.png,"[2 2 2 2 2 2 2 2 4 4 4 4 4 4 4 4 4 4 4 4 4 4 4 4 4 4 4 4 4 4 4 4 4 4 4 4 4
 4]",3
fold_3/sample_251/image.png,[1 1 2 2 2 2 2 2 2 4 4 4 4 4 4 4 4 4 4 4 4 4 4 4 4 4 4 4 4 4 4 4 4 4 4 4],3
fold_3/sample_252/image.png,"[1 1 1 1 1 1 2 2 2 2 2 2 4 4 4 4 4 4 4 4 4 4 4 4 4 4 4 4 4 4 4 4 4 4 4 4 4
 4 4 4 4 4 4 4 4 4 4 4 4 4 4 4]",3
fold_3/sample_253/image.png,"[1 1 1 1 1 1 1 2 2 2 2 2 2 4 4 4 4 4 4 4 4 4 4 4 4 4 4 4 4 4 4 4 4 4 4 4 4
 4 4 4 4 4 4 4]",3
fold_3/sample_254/image.png,"[1 1 1 1 1 1 1 1 1 1 1 1 2 2 2 2 2 2 2 2 4 4 4 4 4 4 4 4 4 4 4 4 4 4 4 4 4
 4 4 4 4 4 4]",3
fold_3/sample_255/image.png,[2 2 2 4 4 4 4 4 4 4 4 4 4 4 4 4 4 4 4 4],3
fold_3/sample_256/image.png,[2 2 2 2 2 2 4 4 4 4 4 4 4 4 4 4 4 4 4 4 4 4 4 4 4],3
fold_3/sample_257/image.png,[1 1 2 2 2 2 2 2 4 4 4 4 4],3
fold_3/sample_258/image.png,[2 2 4 4 4 4 4 4 4 4 4 4 4 4 4 4 4 4 4 4 4 4 4 4 4 4 4],3
fold_3/sample_259/image.png,[1 2 2 2 2 2 2 2 4 4 4 4 4 4 4 4 4 4 4 4 4 4 4 4 4 4 4 4 4 4],3
fold_3/sample_260/image.png,[2 2 2 4 4 4 4 4 4 4 4 4 4 4 4 4 4 4 4 4 4 4 4 4 4 4 4 4 4],3
fold_3/sample_261/image.png,[2 2 2 2 2 4 4 4 4 4 4 4 4 4 4 4 4 4 4 4 4 4 4 4 4],3
fold_3/sample_262/image.png,[0 0 0 0 0 0 0 0 0 0 0 0 0 0 0 0 0 0 0 0 0 0 0],3
fold_3/sample_263/image.png,[0 0 0 0 0 0 0 0 0 0 0 0 0 0 0 0 0 1 1 1 1 1 1 2 2 2 2 2 2],3
fold_3/sample_264/image.png,[0 0 0 0 0 0 0 0 0 0 0 0 0 0 0 0 0 0 0 0 0 0 1 1 1 2],3
fold_3/sample_265/image.png,[0 0 0 0 0 0 0 0 0 0 0 0 0 0 1 1 2 2],3
fold_3/sample_266/image.png,[1 1 1 1 1 1 1 1 1 1 1 1 1 1 1 2 2 2 2 2 2 2 2 2 2 2 2 2 2 2 2 2 2],3
fold_3/sample_267/image.png,"[1 1 1 1 1 1 1 1 1 1 1 1 1 1 1 1 1 2 2 2 2 2 2 2 2 2 2 2 2 2 2 2 2 2 2 2 2
 2]",3
fold_3/sample_268/image.png,[0 1 1 1 1 1 1 1 1 1 1 1 1 1 1 1 1 1 1 1 1 2 2 2 2 2 2 2 2 2 2 2],3
fold_3/sample_269/image.png,[0 0 0 0 0 0 0 0 0 0 0 0 0 0 0 0 0 0 0 0 0 0 0 0 0],3
fold_3/sample_270/image.png,[0 0 0 0 0 0 0 0 0 0 0 0 0 0 0 0 1 1 1 1 1 1 1 1 1 1 1 1 1 2 2 2 2 2],3
fold_3/sample_271/image.png,[0 0 0 0 0 0 0 0 0 0 0 0 0 0 0 0 0 0 0],3
fold_3/sample_272/image.png,[0 0 0 0 0 0 0 0 2 2 2],3
fold_3/sample_273/image.png,[0 0 0 0 0 0 0 0 0 0 0 0 0 0 0 0 0 0 2 2 2 2],3
fold_3/sample_274/image.png,[1 1 1 1 1 1 1 1 1 1 1 1 1 2 2 2 2 2 2 2 2 2 2 2 2 4 4 4 4 4 4 4 4 4 4 4 4],3
fold_3/sample_275/image.png,[0 0 0 0 0 0 0 0 0 0 0 0 0 0 0 0 0 0 1 1 1 1 1 2 2 2 2 2 2 2],3
fold_3/sample_276/image.png,[0 0 0 0 0 0 0 0 0 0 0 0 0 0 0 0 0 0 0 0 0 0 0 0 0],3
fold_3/sample_277/image.png,[0 0 0 0 0 0 0 0 0 0 0 0 0 0 0 0 0 0 0 0 0 0 0 1 1 1 1 2 2 2 2 2 2],3
fold_3/sample_278/image.png,[0 0 0 0 0 0 0 0 0 0 0 0 0 0 0 0 0 0 0 1 2 2 2 2],3
fold_3/sample_279/image.png,"[1 1 1 1 1 1 1 1 1 1 1 1 1 1 1 1 1 1 1 1 1 1 1 1 2 2 2 2 2 2 2 2 2 2 2 2 2
 2 2 2 2 2 2 2]",3
fold_3/sample_280/image.png,[1 1 1 1 1 1 1 1 1 1 1 2 2 2 2 2 2 2 2 2 2 2],3
fold_3/sample_281/image.png,[0 0 0 0 0 0 0 0 0 0 0 0 0 1 1 1 1 1 1 1 1 1 2 2 2 2 2 2 2 2 2 2 2 2 2],3
fold_3/sample_282/image.png,[1 1 1 1 1 1 1 1 1 1 1 1 1 1 2 2 2 2 2 2 2 2 2 2 2 2 2 2 2 2 2],3
fold_3/sample_283/image.png,[1 1 1 1 1 2 2 2 2 2 2 2 2 2],3
fold_3/sample_284/image.png,[1 1 1 1 1 2 2 2 2 2 2 2 2 2 2 2 2 2 2 2 2 2 2 2 2 2 2],3
fold_3/sample_285/image.png,[0 0 0 0 0 0 0 0 0 0 0 0 0 0 0 0 0 0 0 0 0 0 0 0 0 0 0 0 0 0 0 2 2 2 2 2],3
fold_3/sample_286/image.png,[0 0 0 0 0 0 0 0 0 0 1 1 1 1 1 1 1 1 1 1 1 1 1 1 1 1 1 1 1 1 1 1 1 2 2],3
fold_3/sample_287/image.png,[0 0 0 0 0 0 1 1 1 1 1 1 2 2 2 2 2 2 2 2 2 2 2 2],3
fold_3/sample_288/image.png,[2 2 2 2 2 2 2],3
fold_3/sample_289/image.png,[0 0 0 0 0 0 0 0 0 0 0 0 0 0 0 0 0 0 0 0 0 0 0 0 0 0 0 1 1 1 1 2 2 2 2 2 2],3
fold_3/sample_290/image.png,[0 0 0 0 0 1 1 1 2 2 2],3
fold_3/sample_291/image.png,[2 2 2 2 2 2 2],3
fold_3/sample_292/image.png,[0 0 1 1 1 2 2 2 2 2 2 2 2 2 2 2],3
fold_3/sample_293/image.png,[1 1 1 1 1 2 2 2 2 2 2 2],3
fold_3/sample_294/image.png,[0 0 0 0 1 1 1 2 2 2 2 2],3
fold_3/sample_295/image.png,[2 2 2 2 2],3
fold_3/sample_296/image.png,[0 0 0 0 0 0 2 2 2],3
fold_3/sample_297/image.png,[0 0 0 1 2 2 2 2 2 2 2 2 2 2 2],3
fold_3/sample_298/image.png,[0 0 0 0 1 1 1 2 2 2 2 2 2 2 2 2 2],3
fold_3/sample_299/image.png,[2 2 2 2 2 2 2 2 2],3
fold_3/sample_300/image.png,[1 2 2 2 2 2 2 2 2],3
fold_3/sample_301/image.png,[0 0 0 0 0 1 2 2 2 2 2 2],3
fold_3/sample_302/image.png,[0 0 0 0 0 0 0 0 0 0 0 0 2 2 2 2],3
fold_3/sample_303/image.png,[0 0 1 1 2 2 2 2 2 2],3
fold_3/sample_304/image.png,[2 2 2 2 2 2],3
fold_3/sample_305/image.png,[2 2 2],3
fold_3/sample_306/image.png,"[2 2 4 4 4 4 4 4 4 4 4 4 4 4 4 4 4 4 4 4 4 4 4 4 4 4 4 4 4 4 4 4 4 4 4 4 4
 4 4]",3
fold_3/sample_307/image.png,"[1 2 2 2 4 4 4 4 4 4 4 4 4 4 4 4 4 4 4 4 4 4 4 4 4 4 4 4 4 4 4 4 4 4 4 4 4
 4 4 4 4]",3
fold_3/sample_308/image.png,[1 2 2 2 4 4 4 4 4 4 4 4 4 4 4 4 4 4],3
fold_3/sample_309/image.png,[1 1 2 2 2 2 2 2 2 2 2 4 4 4 4 4 4 4 4 4 4],3
fold_3/sample_310/image.png,[2 2 2 2 2 2 2 2],3
fold_3/sample_311/image.png,[2 4 4 4 4 4 4 4 4 4 4 4 4 4 4 4 4 4 4 4 4 4 4 4],3
fold_3/sample_312/image.png,[1 2 2 2 4 4 4 4 4 4 4],3
fold_3/sample_313/image.png,[2 4 4 4 4 4 4 4 4 4 4 4 4 4],3
fold_3/sample_314/image.png,[1 1 2 2 2 2 4 4 4 4 4 4 4 4 4 4],3
fold_3/sample_315/image.png,[0 0 0 0 0 0 0 0 0 0 0 0 0 0 0 0 0 0 0 0 0 0 0 0 0 0 0 0 0 1],3
fold_3/sample_316/image.png,[0 0 0 0 0 0 0 0 0 0 0 0 0 0 0 0 0 0 0 0 0 0 0 0 1 1 1],3
fold_3/sample_317/image.png,[0 0 0 0 0 0 0 0 0 0 0 0 0 0 0 0 0 1 1 1 1 1 1],3
fold_3/sample_318/image.png,[0 0 0 0 0 0 0 1 1 1 1 1 1 1 1 2 2 2],3
fold_3/sample_319/image.png,[0 0 0 0 0 0 0 0 0 0 0 0 0 0 0 1 1 1 1 1 1 2 2 2 2],3
fold_3/sample_320/image.png,[0 0 0 0 0 0 0 0 0 0 0 0 0 0 1 1 2 2 2 2],3
fold_3/sample_321/image.png,[0 0 0 0 0 0 0 0 0 0 0 0 0 0 0 0 0 0 1 1 1],3
fold_3/sample_322/image.png,[0 0 0 0 0 0 0 0 0 0 0 0 0 1 1 2 2 2 2],3
fold_3/sample_323/image.png,[0 0 0 0 0 0 0 0 0 0 0 0 0 0 0 0 0 0 0 0 1 1 1 1 1 1 1 1 2 2 2],3
fold_3/sample_324/image.png,[0 0 0 0 0 0 0 0 0 0 0 0 0 0 0 0 0 0 0 0 0 0 0 0 0 1 1 1 2 2],3
fold_3/sample_325/image.png,[0 0 0 0 0 0 0 0 0 0 0 0 0 0 0 0 0 0 0 0 0 0 1 1 1 1],3
fold_3/sample_326/image.png,[0 0 0 0 0 0 0 0 0 0 0 0 0 0 0 0 1 1 1 1 1 1 2 2 2 2 2],3
fold_3/sample_327/image.png,[0 0 0 0 0 0 0 0 0 0 0 0 0 0 0 0 0 0 0 1],3
fold_3/sample_328/image.png,[0 0 0 0 0 0 0 0 0 0 0 0 0 0 0 0 0 0 0 0 0 0 0],3
fold_3/sample_329/image.png,[0 0 0 0 0 0 0 0 0 0 0 0 0 0 0 0 0 0 0 0 0 0 0 0 0 0 0 0 0 0 0 0 0 0 0 1 2],3
fold_3/sample_330/image.png,[0 0 0 0 0 0 0 0 0 0 0 0 1 1 2 2 2 2 2],3
fold_3/sample_331/image.png,[0 0 0 0 0 0 0 0 0 0 0 0 0 0 0 0 0 0 0 1 1 1 1 1 1 1 1 2 2 2 2 2],3
fold_3/sample_332/image.png,[0 0 0 0 0 0 0 0 0 0 0 0 0 0 0 0 0 1 1 1 1 1 1 2 2 2 2],3
fold_3/sample_333/image.png,[0 0 0 0 0 0 0 0 0 0 0 0 0 0 0 2 2 2 2],3
fold_3/sample_334/image.png,[0 0 0 0 0 0 0 0 0 0 0 0 0 0 0 0 0 0 0],3
fold_3/sample_335/image.png,[0 0 0 0 0],3
fold_3/sample_336/image.png,[0 0 0],3
fold_3/sample_337/image.png,[0 0 0 0 0 0 0],3
fold_3/sample_338/image.png,[1 1 1 1 1 1 1 2 2 2 2 2 2 2 2 2],3
fold_3/sample_339/image.png,[1 1 2 2 2 2 2 2 2 2 2 2 2 2],3
fold_3/sample_340/image.png,[1 1 1 2 2 2 2 2 2 2 2 2 2 2],3
fold_3/sample_341/image.png,[1 1 1 2 2 2 2 2 2 2 2 2],3
fold_3/sample_342/image.png,[1 2 2 2 2 2 2 2 2],3
fold_3/sample_343/image.png,[1 1 1 1 1 1 1 2 2 2 2 2 2 2 2 2 2 2],3
fold_3/sample_344/image.png,[0 0 0 0 0 2 2],3
fold_3/sample_345/image.png,[0 0 0 0 0 1 2],3
fold_3/sample_346/image.png,[0 0 0 0 0 2 2 2 2],3
fold_3/sample_347/image.png,[0 0 0 0 1 2 2],3
fold_3/sample_348/image.png,[0 0 0 0 0 1 1 1 1 2 2 2 2],3
fold_3/sample_349/image.png,[0 1 1 2 2 2],3
fold_3/sample_350/image.png,[0 0 0 1 2 2 2],3
fold_3/sample_351/image.png,[0 0 0 0 0 0 0 0 0 0 0 0 0 0 0 0 0 0 0 0 0 0 0 0 0 0 0 0],3
fold_3/sample_352/image.png,[0 0 0 0 0 0 0 0 0 0 0 0 0 0 0 0 0 0 0 0 0 0 0 0 0 0],3
fold_3/sample_353/image.png,[0 0 0 0 0 0 0 0 0 0 0 0 0 0 0 0 0 0 0 0 0 0 0 0 0 0],3
fold_3/sample_354/image.png,[0 0 1 1 1 1 2 2 2 2 2 2 2],3
fold_3/sample_355/image.png,[0 0 0 0 0 0 0 0 0 0 0 0 0 0 0 0 0 0 1 2],3
fold_3/sample_356/image.png,[0 0 0 0 0 0 0 0 0 0 0 0 0 0 0 0 0],3
fold_3/sample_357/image.png,[0 0 0 0 0 0 0 2 2 2 2 2],3
fold_3/sample_358/image.png,[0 0 0 0 0 0 0 0],3
fold_3/sample_359/image.png,[0 0 0 0 0 0 0 0 0 0 0 0 0 0 0 0],3
fold_3/sample_360/image.png,[0 0 1 2 2 2 2 2 2 2],3
fold_3/sample_361/image.png,[0 0 0 0 0 0 0 0 0 0 0 0 0 0 0 0 0 0],3
fold_3/sample_362/image.png,[0 0 0 0 2 2 2 2 2 2 2 2],3
fold_3/sample_363/image.png,[0 2 2 2],3
fold_3/sample_364/image.png,[0 0 0 0 0 0 0 0 0 0 2 2 2],3
fold_3/sample_365/image.png,[0 0 0 0 0 0 0 0 0 0 0 2 2 2 2],3
fold_3/sample_366/image.png,[0 0 0 0 0 2 2 2],3
fold_3/sample_367/image.png,[0 0 0 0 0 0 0 0],3
fold_3/sample_368/image.png,[0 0 0 0 0 0 0 0 0 0 0 0 0 0 0],3
fold_3/sample_369/image.png,[0 0 0 0 0 0 0 0 0 0 0 0 0 0 0 0 2],3
fold_3/sample_370/image.png,[0 0 0 0 0 0 0 0 0 2 2],3
fold_3/sample_371/image.png,[0 0 0 0 0 0 1 1 1 1 1 1 1 1 1 1 1 1 1 1 1 1 2 2 2 2 2 2 2],3
fold_3/sample_372/image.png,[0 0 0 0 0 0 0 0 0 0 0 0 0 0 1 2 2 2 2],3
fold_3/sample_373/image.png,[0 0 0 0 0 0 1 2 2 2 2],3
fold_3/sample_374/image.png,[0 0 0 0 0 0 0 0 0 0 0 0 1 2 2 2 2 2],3
fold_3/sample_375/image.png,[0 0 0 0 0 0 2 2 2 2 2 2 2],3
fold_3/sample_376/image.png,[0 0 0 0 0 0 0 0 0 0 0 0 0],3
fold_3/sample_377/image.png,[0 0 0 0 0 0 0 0 0 0 0 0 1 2],3
fold_3/sample_378/image.png,[0 0 0 0 0 0 0 2 2 2 2 2],3
fold_3/sample_379/image.png,[0 0 0 0 0 0 0 0 0 2 2 2 2 2 2 2 2],3
fold_3/sample_380/image.png,[0 0 0 0 2 2 2 2],3
fold_3/sample_381/image.png,"[0 0 0 0 0 1 1 1 1 1 1 1 1 1 1 1 2 2 2 2 2 2 2 2 2 2 2 2 2 2 2 2 2 2 2 2 2
 2 2]",3
fold_3/sample_382/image.png,[0 0 0 0 0 0 0 0 0 0 0 0 0 0 0 0 0 0 0 0 0 0 0 0 0 0 0 0 1 2],3
fold_3/sample_383/image.png,"[0 0 0 0 0 0 0 0 0 0 0 0 1 1 1 1 1 1 1 1 1 1 1 1 1 2 2 2 2 2 2 2 2 2 2 2 2
 2 2]",3
fold_3/sample_384/image.png,"[0 0 0 0 0 0 0 0 0 0 1 1 1 1 1 1 1 1 1 1 1 1 2 2 2 2 2 2 2 2 2 2 2 2 2 2 2
 2 2 2 2 2 2 2 2 2 2 2]",3
fold_3/sample_385/image.png,[0 0 0 1 1 2 2 2 2],3
fold_3/sample_386/image.png,[0 0 0 0 0 0 0 0 0 0 0 0 0 0 0 0 0 0 0 0 0 2],3
fold_3/sample_387/image.png,[0 0 1 2 2 2],3
fold_3/sample_388/image.png,[0 0 0 0 0 0 0 0 0 1 2 2],3
fold_3/sample_389/image.png,[1 1 1 1 1 2 2 2 2 2 2 2 2],3
fold_3/sample_390/image.png,[0 0 0 0 0 0 1 1 1 2 2 2 2 2 2 2 2],3
fold_3/sample_391/image.png,[1 1 2 2 2 2 2 2 2 2 2 2],3
fold_3/sample_392/image.png,[0 0 1 1 2 2 2 2 2 2],3
fold_3/sample_393/image.png,[0 0 0 1 1 1 1 1 1 1 1 1 2 2 2 2],3
fold_3/sample_394/image.png,[0 0 0 0 0 0 0 0 0 0 0 0 0 0 0 0 1 1 1],3
fold_3/sample_395/image.png,[0 0 0 0 0 0 0 0 0 1 1 1 2 2],3
fold_3/sample_396/image.png,[1 1 1 1 1 1 1 1 1 1 1 1 1 2 2 2 2 2 2 2],3
fold_3/sample_397/image.png,[0 0 0 0 0 0 0 0 0 0],3
fold_3/sample_398/image.png,[0 0 0 0 0 0 0 0 0 0 0 2 2 2],3
fold_3/sample_399/image.png,[0 0 0 0 0 0 0 0 0 0 0 0 0 0 2 2],3
fold_3/sample_400/image.png,[0 0 0 0 1 1 2],3
fold_3/sample_401/image.png,[0 0 0 0 0 0 0 0 0 0 0 2 2 2 2 2 2 2],3
fold_3/sample_402/image.png,[0 0 0 0 0 0 0 0 2],3
fold_3/sample_403/image.png,[0 0 0 0 1 2 2 2 2],3
fold_3/sample_404/image.png,[0 0 0 0 0 0 0 0 1 2 2 2 2 2],3
fold_3/sample_405/image.png,[0 0 0 0 0 0 0 0 0 0 0 0 1 1 2],3
fold_3/sample_406/image.png,[0 0 0 0 0 0 0 0 0 0 0 1 2 2 2],3
fold_3/sample_407/image.png,[0 0 0 0 0 0 0 0 0 0 0 0 0 0 0 1 1 2 2 2 2 2 2 2 2 2],3
fold_3/sample_408/image.png,[0 0 0 0 0 0 0 0 0 0 0 0 0 2],3
fold_3/sample_409/image.png,[0 0 0 0 0 1 2 2 2],3
fold_3/sample_410/image.png,[0 0 0 0 0 1 1 2 2 2],3
fold_3/sample_411/image.png,[0 0 1 2 2 2 2],3
fold_3/sample_412/image.png,[0 0 0 0 0 0 0 1],3
fold_3/sample_413/image.png,[0 0 0 0 0 0 0 0 2 2 2],3
fold_3/sample_414/image.png,[0 0 0 0 0 0 0 0 0 0 0 0 2 2 2],3
fold_3/sample_415/image.png,[0 0 0 0 0 0 0 0 0 0 0 0 0 0 0 1 2 2 2 2],3
fold_3/sample_416/image.png,[0 2 2 2 2 2],3
fold_3/sample_417/image.png,[0 0 0 0 0 0 0 0 0 0 0 0 0 0 0 0 0 0 0 0 0 0 0 1 1 1 1 2 2 2],3
fold_3/sample_418/image.png,[0 0 0 0 0 0 0 0 0 0 0 0 0 0 0 0 0 0 0 2 2 2],3
fold_3/sample_419/image.png,[0 0 0 0 0 0 0 0 0 0 0 1 1 1 2 2 2 2 2 2],3
fold_3/sample_420/image.png,[0 0 0 0 0 0 0 0 0 0 0 0 0 0 0 0 1 1 1],3
fold_3/sample_421/image.png,[0 0 0 0 0 0 0 0 0 0 0 0 0 0 0 0 0 0 0 0 0 1],3
fold_3/sample_422/image.png,[0 0 0 0 0 0 0 0 0 0 0 0 0 1 2 2 2 2 2 2 2 2 2 2 2 2],3
fold_3/sample_423/image.png,[1 2 2 2 2],3
fold_3/sample_424/image.png,[0 0 0 0 0 0 0 0 0 0 0 0],3
fold_3/sample_425/image.png,[0 0 0 0 0 0 0 0 0 0 0 0 0 0 0 0 2 2],3
fold_3/sample_426/image.png,[0 0 0 0 0 0 0 0 0 0 0 0 0 0 0 0 0 0 0 0 0 0 0 0 0 0 0 0 0 0 0 0 0 0 0],3
fold_3/sample_427/image.png,[0 0 0 0 0 0 0 0 0 0 0 0 0 0 0 0 0 2],3
fold_3/sample_428/image.png,[0 0 0 0 0 0 0 0 0 0 0 0 0 0 0 0 0 0 0 0 0],3
fold_3/sample_429/image.png,[0 0 0 0 0 0 0 0 0 0 0 0 0 0 0 0 0 0 0 0 0 0 0 0 2 2 2],3
fold_3/sample_430/image.png,[0 1 1 2 2 2 2 2],3
fold_3/sample_431/image.png,[0 0 0 0 0 0 0 0 0 0 1 1 2 2 2 2],3
fold_3/sample_432/image.png,[0 0 0 0 0 1 2 2 2 2 2 2 2],3
fold_3/sample_433/image.png,[0 0 0 0 0 0 0 0 0 0 0 1 2 2],3
fold_3/sample_434/image.png,[2 2 2 2 2 2 2],3
fold_3/sample_435/image.png,[1 2 2 2 2 2 2 2],3
fold_3/sample_436/image.png,[1 2 2 2 2 2 2 2 2 2 2 2 2 2 2 2 2],3
fold_3/sample_437/image.png,[0 0 0 0 0 0 0 1 2 2 2],3
fold_3/sample_438/image.png,[0 0 0 0 0 1 1 1 2 2 2 2 2 2 2],3
fold_3/sample_439/image.png,[0 0 0 0 0 0 1 1 1 1 1 1 2 2 2 2 2 2 2 2 2 2 2],3
fold_3/sample_440/image.png,[1 1 1 2 2 2 2 2 2 2 2 2],3
fold_3/sample_441/image.png,[0 0 0 0 0 0 0 0 1 1 1 2 2 2 2 2 2],3
fold_3/sample_442/image.png,[0 0 1 1 1 1 1 1 2 2 2 2],3
fold_3/sample_443/image.png,[0 1 1 1 2 2],3
fold_3/sample_444/image.png,[0 0 0 1 1 2],3
fold_3/sample_445/image.png,[0 0 0 0 0 0 1 1 2 2],3
fold_3/sample_446/image.png,[1 2 2 2 2 2 2 2 2],3
fold_3/sample_447/image.png,[0 0 0 0 0 2 2 2 2 2],3
fold_3/sample_448/image.png,[1 1 1 1 2 2 2 2 2],3
fold_3/sample_449/image.png,[0 0 0 0 0 0 0 0 0 0 0 0 0 0 1 1 1 2 2 2],3
fold_3/sample_450/image.png,[0 0 0 0 1 2 2 2 2 2 2 2],3
fold_3/sample_451/image.png,[2 2 2],3
fold_3/sample_452/image.png,[0 0 0 0 0 0 0 1 2],3
fold_3/sample_453/image.png,[0 0 1 2 2 2 2],3
fold_3/sample_454/image.png,[2 2 2 2 2],3
fold_3/sample_455/image.png,[0 0 0 0 0 0 1 2 2 2 2 2],3
fold_3/sample_456/image.png,[2 2 2 2 2 2 2],3
fold_3/sample_457/image.png,[0 0 0 0 0 0 0 0 0 0 1 1 1 1 1 2 2 2 2 2],3
fold_3/sample_458/image.png,[0 0 0 0 0 0 0 0 0 0 0 1 1 1 1 1 1 1 2 2 2 2 2],3
fold_3/sample_459/image.png,[0 0 0 0 0 0 0 0 0 0 2 2],3
fold_3/sample_460/image.png,[2 2 2 2 2 2 2],3
fold_3/sample_461/image.png,[0 0 1 1 1 2 2 2 2 2 2 2 2 2 2 2],3
fold_3/sample_462/image.png,[1 1 1 2 2 2 2 2 2 2 2],3
fold_3/sample_463/image.png,[0 0 2 2 2 2 2 2],3
fold_3/sample_464/image.png,[0 2 2 2 2 2],3
fold_3/sample_465/image.png,[0 1 2 2 2 2 2 2 2],3
fold_3/sample_466/image.png,[0 0 0 0 0 0 0 0 0 0 0 0 0 1 2 2 2],3
fold_3/sample_467/image.png,[0 0 0 0 0 0 2 2 2 2 2 2 2 2 2],3
fold_3/sample_468/image.png,[0 0 0 0 0 0 0 0 1 2 2 2 2 2 2 2],3
fold_3/sample_469/image.png,[0 0 0 0 2 2],3
fold_3/sample_470/image.png,[0 0 0 0 0 0 0 0 0 0 0 0 0 0 1 1 1 1 2 2 2],3
fold_3/sample_471/image.png,[0 0 0 0 0 0 0 1 1 1 1 1 2 2 2 2 2 2 2 2 2 2],3
fold_3/sample_472/image.png,[0 0 0 0 0 0 0 0 0 0 0 0 0 0 0 0 0 0 0 1 2 2 2 2 2],3
fold_3/sample_473/image.png,[0 0 0 2 2 2 2 2 2 2],3
fold_3/sample_474/image.png,[0 0 0 0 1 2 2 2 2 2 2 2 2],3
fold_3/sample_475/image.png,[0 0 0 0 0 0],3
fold_3/sample_476/image.png,[0 0 0 0 0 0 0 2 2],3
fold_3/sample_477/image.png,[0 0 0 0 0 0 0 0 0 0 0 0 0 0 0 0 0 0 0 0 0 0 0 0 2],3
fold_3/sample_478/image.png,[0 1 1 2 2 2 2 2 2 2 2 2 2],3
fold_3/sample_479/image.png,[0 0 0 0 0 0 0 0 0 0 0 0 0 0 0 0 2 2 2 2 2],3
fold_3/sample_480/image.png,[0 0 0 0 0 0 0 0 0 0 0 0 0 0 0 0 0 0 0 0 0 0 0 2 2 2 2 2],3
fold_3/sample_481/image.png,[0 1 1 2 2 2 2 2 2 2 2 2 2 2 2 2],3
fold_3/sample_482/image.png,[0 0 0 0 0 0 0 0 0 0 0 0 0 0 0 0 0 0 0 1 1 2 2 2 2 2],3
fold_3/sample_483/image.png,[0 0 0 0 0 0 0 0 0 0 0 0 0 0 0 0 1 1 2 2],3
fold_3/sample_484/image.png,[0 0 0 0 0 0 0 0 0 0 0 0 0 1 1 1 1 2 2 2 2 2 2],3
fold_3/sample_485/image.png,[0 0 0 0 0 0 0 0 0 0 0 0 1 2 2 2 2 2 2 2 2],3
fold_3/sample_486/image.png,[0 0 0 0 0 0 0 0 0 0 0 0 0 0 0 0 0 0 0 0 0 1 2 2 2 2 2],3
fold_3/sample_487/image.png,[0 0 0 0 0 0 0 0 0 0 1 1 1 1 1 2 2],3
fold_3/sample_488/image.png,[0 0 0 0 0 0 0 0 0 0 0 0 1 2],3
fold_3/sample_489/image.png,[0 0 0 0 0 0 0 0 0 0 2 2 2 2],3
fold_3/sample_490/image.png,[0 0 0 0 0 0 1 1 2 2 2 2 2 2 2 2],3
fold_3/sample_491/image.png,[1 1 1 1 1 1 1 1 1 1 1 1 1 1 1 1 1 1 2 2 2 2 2 2 2 2 2 2],3
fold_3/sample_492/image.png,"[1 1 1 1 1 1 1 1 1 1 1 1 1 1 1 1 1 1 1 1 1 1 1 1 1 1 1 1 1 1 1 1 1 1 1 1 2
 2 2 2 2 2 2 2]",3
fold_3/sample_493/image.png,[0 0 0 0 0 0 0 0 0 0 0 0 0 0 0 0 0 0 0 0 0 0 0 1 1 2 2],3
fold_3/sample_494/image.png,[0 0 0 0 0 0 0 0 0 0 0 0 0 0 0 0 0 0 0 0 0 0 1 2 2 2],3
fold_3/sample_495/image.png,[0 0 0 0 0 0 0 0 0 0 0 0 0 0 0 0 0 0 0 0 0 0 0 1 1 1 1 1 1 2 2 2 2],3
fold_3/sample_496/image.png,[0 0 0 0 0 0 0 0 0 0 0 0 0 0 0 0 0 0 0 0 0 0 0 0 0 0 0],3
fold_3/sample_497/image.png,[0 0 0 0 0 0 0 0 0 0 0 0 0 0 0 0 2 2],3
fold_3/sample_498/image.png,[0 0 0 0 0 0 0 0 0 0 0 0 0 0 0 0 0 0 1 1 1 2 2],3
fold_3/sample_499/image.png,[0 0 0 0 0 0 0 0 0 0 0 0 0 0 0 0 0 0 0 0 0 0 0 0 0 0 0],3
fold_3/sample_500/image.png,[0 0 0 0 0 0 0 0 0 0 0 0 0 0 0 0 0 0 0 0 0 0 0 0 0 0 0 0 0],3
fold_3/sample_501/image.png,[0 0 0 0 0 0 0 0 0 0 0 0 0 0 0 0 0 0 0 0 0 0 0 0 0 0 0 0 0 0 0 0],3
fold_3/sample_502/image.png,[0 0 0 0 0 0 0 0 0 0 0 0 0 0 0 0 0 0 0 0 0 0 0 0 0 0 0 0 0 0 0],3
fold_3/sample_503/image.png,[0 0 0 0 0 0 0 0 0 0 0 0 0 0 0 0 0 0 0 0 0 0],3
fold_3/sample_504/image.png,[0 0 0 0 0 0 0 0 0 0 0 0 0 0 0 0 0 0 0 0 0 0 0 0 0 0 0 0 1],3
fold_3/sample_505/image.png,[0 0 0 0 0 0 0 0 0 0 0 0 0 0 0 0 0 0 0 0 0 0 0 0 0 0 0 0 0 1],3
fold_3/sample_506/image.png,[0 0 0 0 0 0 0 0 0 0 0 0 0 0 0 0 1],3
fold_3/sample_507/image.png,[0 0 0 0 0 0 0 0 1 1 1 1 1 1 1 2 2 2 2 2 2 2],3
fold_3/sample_508/image.png,[0 0 0 1 1 1 1 1 1 1 1 1 1 1 1 1 1 1 1 1 1 1 1 1 1 1 2 2 2 2 2 2 2],3
fold_3/sample_509/image.png,[1 1 1 1 1 1 1 1 1 1 1 2 2 2 2 2 2 2 2 2 2],3
fold_3/sample_510/image.png,[1 1 1 1 1 1 1 1 1 1 1 2 2 2 2 2 2],3
fold_3/sample_511/image.png,[1 1 1 1 1 1 1 1 1 1 1 1 1 1 1 1 1 1 1 1 1 1 1 1 1 2 2 2 2 2 2 2],3
fold_3/sample_512/image.png,[0 1 1 1 1 1 1 1 1 1 1 1 1 1 1 1 1 1 2 2 2 2 2 2 2],3
fold_3/sample_513/image.png,[1 1 1 1 1 1 1 1 1 1 1 1 1 1 1 1 1 1 1 1 1 1 1 1 2 2 2 2 2 2 2 2],3
fold_3/sample_514/image.png,[0 1 1 1 1 1 1 2 2 2 2 2 2 2 2],3
fold_3/sample_515/image.png,[0 0 0 0 0 0 0 0 0 0 0 0 0 0 0 0 0 0 0 0 0 0 0 1 1 1 1 1 1 1 1 1 2 2],3
fold_3/sample_516/image.png,[0 0 0 0 0 0 0 0 0 0 0 0 0 0 0 0 0 0 1 1 1 1 1 1 2 2 2 2 2],3
fold_3/sample_517/image.png,[0 1 1 1 1 1 1 1 1 1 1 1 1 1 1 1 1 1 2 2 2 2 2 2 2 2 2],3
fold_3/sample_518/image.png,[0 0 0 0 0 0 0 0 0 0 0 0 0 0 0 1 1 1 1 1 1 1 1 1 1 1 1 1 1 2 2],3
fold_3/sample_519/image.png,[0 0 0 0 0 0 0 0 0 0 0 0 0 0 1 1 1 1 1 1 1 2 2 2 2 2 2 2 2 2],3
fold_3/sample_520/image.png,[0 0 0 0 0 0 0 0 0 0 0 0 0 0 0 0 0 0 0 0 0 0 1 2],3
fold_3/sample_521/image.png,[0 0 0 0 0 0 1 1 1 1 1 2 2 2 2],3
fold_3/sample_522/image.png,[0 0 1 1 1 1 1 2 2 2 2 2 2 2 2],3
fold_3/sample_523/image.png,[0 0 0 0 0 0 0 0 0 0 0 0 0 0 0 0 0 0 0 0 0 2 2 2 2],3
fold_3/sample_524/image.png,[0 0 0 0 0 0 0 0 1 1 1 1 2 2 2 2 2 2 2],3
fold_3/sample_525/image.png,[0 0 0 0 0 0 0 0 0 0 1 1 2 2 2 2 2 2 2 2 2 2 2],3
fold_3/sample_526/image.png,[0 0 0 0 0 0 0 0 0 0 0 0 0 0 0 0 0],3
fold_3/sample_527/image.png,[0 0 0 0 0 0 0 0 0 0 0 0 0 0 0 0 0 1 1 2 2 2],3
fold_3/sample_528/image.png,[1 1 2 2 2 2 2 2 2],3
fold_3/sample_529/image.png,[0 0 0 0 1 1 2],3
fold_3/sample_530/image.png,[0 1 1 2 2 2 2 2 2],3
fold_3/sample_531/image.png,[2 2 2 2 2 2 2 2 2 2 4 4 4 4 4 4 4 4 4 4 4],3
fold_3/sample_532/image.png,[1 2 2 4 4 4 4 4 4 4 4 4 4 4 4 4 4 4 4 4 4 4 4 4 4 4 4],3
fold_3/sample_533/image.png,[2 4 4 4 4 4 4 4 4 4 4 4 4 4 4 4 4 4 4 4 4 4 4 4 4 4 4 4],3
fold_3/sample_534/image.png,[2 2 2 2 4 4 4 4 4 4 4 4 4],3
fold_3/sample_535/image.png,[1 1 1 1 1 2 2 2 2 2 2],3
fold_3/sample_536/image.png,[1 1 1 2 2 2 2 4 4 4 4 4 4 4 4 4 4],3
fold_3/sample_537/image.png,"[1 2 4 4 4 4 4 4 4 4 4 4 4 4 4 4 4 4 4 4 4 4 4 4 4 4 4 4 4 4 4 4 4 4 4 4 4
 4]",3
fold_3/sample_538/image.png,[1 2 2 4 4 4 4 4 4 4 4 4 4 4 4 4 4 4 4 4 4 4 4 4 4 4 4 4 4 4 4],3
fold_3/sample_539/image.png,[1 2 2 2 4 4 4 4 4 4 4 4 4 4 4 4 4 4 4 4 4 4 4 4 4],3
fold_3/sample_540/image.png,[1 1 2 2 2 2 2 2 2 4 4 4 4],3
fold_3/sample_541/image.png,[0 0 0 0 0 0 0 0 0 0 0 0],3
fold_3/sample_542/image.png,[0 0 0 0 0 0 0 0 0 0 0 0 0 0 0 0 0 0 0 0 0 0 0 0 0 0],3
fold_3/sample_543/image.png,[0 0 0 0 0 0 0 0 0 0 0 0 2 2],3
fold_3/sample_544/image.png,[0 0 0 0 0 0 0 0 0 0 0 0 2],3
fold_3/sample_545/image.png,[0 0 0 0 0 0 0 0 0 0 0 0 0 0 0 0 0 0 0 0 0 0 0 0 0 0 0 0 1 1 2],3
fold_3/sample_546/image.png,[],3
fold_3/sample_547/image.png,[0 0 0 0 0 0 0 0 0 0 0 0 0 0 0 0 0 0 0 0 0 0 0 2 2 2],3
fold_3/sample_548/image.png,"[0 0 0 0 0 0 0 0 0 0 0 0 0 0 0 0 0 0 0 0 0 0 0 0 0 0 0 0 0 0 0 0 0 0 0 0 0
 0 0 0 0 0 0 0 0 0 0 0 0 0]",3
fold_3/sample_549/image.png,[0 0 0 0 0 0 0 0 0 0 0 0 0 0 0 0 0 0 0 0 0 0],3
fold_3/sample_550/image.png,[2],3
fold_3/sample_551/image.png,[2 2 2],3
fold_3/sample_552/image.png,[0 0 0 0 0 0 0 0 0 0 0 0 2],3
fold_3/sample_553/image.png,"[0 0 0 0 0 0 0 0 0 0 0 0 0 0 0 0 0 0 0 0 0 0 0 0 0 0 0 0 0 0 0 0 0 0 0 0 0
 0 0]",3
fold_3/sample_554/image.png,[0 0 0 0 0 0 0 0 0 0 0 0 0 0 0 0 0 0 0 0 0 0 0 0 0 0 0 0 0 0 0 0 0 0 0 2],3
fold_3/sample_555/image.png,[0 0 0 0 0 0 0 0 0 0 0 2],3
fold_3/sample_556/image.png,"[0 0 0 0 0 0 0 0 0 0 0 0 0 0 0 0 0 0 0 0 0 0 0 0 0 0 0 0 0 0 0 0 0 0 0 0 0
 0 0 0 0 0 0 0 0 0 0 0 0 0 0 0 0 0 0 0 0 1 2 2 2 2]",3
fold_3/sample_557/image.png,[0 0 0 0 0 0 0 0 0 0 0 0 0 0 0 0 0 0 0 0 0 0 0 0 0 0 0 2],3
fold_3/sample_558/image.png,[0 0 0 0 0 0 0 0 0 0 0 0 0 0 0 0 0 0 0 0 0 0 0 0 2],3
fold_3/sample_559/image.png,[1 2 2],3
fold_3/sample_560/image.png,[2 2],3
fold_3/sample_561/image.png,[0 0 0 0 0 0 0 0 0 0 0 0 2 2 2],3
fold_3/sample_562/image.png,[0 0 0 0 0 0 0 0 0 0 0 1 2 2],3
fold_3/sample_563/image.png,"[0 0 0 0 0 0 0 0 0 0 0 0 0 0 0 0 0 0 0 0 0 0 0 0 0 0 0 0 0 0 0 0 0 0 0 0 0
 0 0 0 0 0 0 0 0 0 0 0 0 0 0 0 0 0 0 0]",3
fold_3/sample_564/image.png,"[0 0 0 0 0 0 0 0 0 0 0 0 0 0 0 0 0 0 0 0 0 0 0 0 0 0 0 0 0 0 0 0 0 0 0 0 0
 0 0 0 0 0 0 0 0 1]",3
fold_3/sample_565/image.png,[0 0 0 0 0],3
fold_3/sample_566/image.png,[2 2 2 2 2 2],3
fold_3/sample_567/image.png,[0 0 0 0 0 0 0 0 0 0 0 0 0 0 0 0 0 0 0 0 0 0 0 0 0 0 0 0 0 0 0],3
fold_3/sample_568/image.png,[0 0 0 0 0 0 0 0 0 0 0 0 0 0 0 0 0 0 0 0 0 0 0 0 0 0],3
fold_3/sample_569/image.png,[0 0 0 0 0 0 0 0 0 0 0 0 0 0 0 0 0 0 0 0 0 0 0 0 0 0 0 0 0 0 1],3
fold_3/sample_570/image.png,[0 0 0 0 0 0 0 0 0 0 0 0 0 0 0 0 0 0 0 0 0 1 1 1],3
fold_3/sample_571/image.png,[0 0 0 0 0 0 0 0 0 0 0 0 0 0 0 0 0 0 0 0 0 0 0 0 0 0 0 1 1 1 1],3
fold_3/sample_572/image.png,"[0 0 0 0 0 0 0 0 0 0 0 0 0 0 0 0 0 0 0 0 0 0 0 0 0 0 0 0 0 0 0 0 0 0 0 0 0
 0 0 0 0 0 0 0 0 0 0 0 0 0 0 0 0 0 0 0 0 0 0 0 0 0 0 0 0 0 0 0 0 0 0 0 0 0
 0 0 0 0 0 0]",3
fold_3/sample_573/image.png,[0 0 0 0 0 0 2],3
fold_3/sample_574/image.png,[0 0 0 0 0 0 0 0 0 0 0 0 0 0 0 0 1 1 1 1 1 1],3
fold_3/sample_575/image.png,[0 0 0 0 0 0 0 0 0 0 0 0 0 0 0 0 0 0 0 0 0],3
fold_3/sample_576/image.png,"[0 0 0 0 0 0 0 0 0 0 0 0 0 0 0 0 0 0 0 0 0 0 0 0 0 0 0 0 0 0 0 0 0 0 0 0 0
 0 0 0 0 0 0 0 0 0 0 0 0 0 0 0 0 0 0 0 0 0 0 0 0 0 0 0 2]",3
fold_3/sample_577/image.png,"[0 0 0 0 0 0 0 0 0 0 0 0 0 0 0 0 0 0 0 0 0 0 0 0 0 0 0 0 0 0 0 0 0 0 0 0 0
 0 0 0 0 0 0 0 0 0 0 0 0 0 0 0 0 0 0 0 0 0 1]",3
fold_3/sample_578/image.png,[0 0 0 0 0 0 0 0 0 0 0 0 2 2],3
fold_3/sample_579/image.png,[0 0 0 0 0 0 0 0 0 0 0 0 0 0 0 1 1 1 1 2 2 2],3
fold_3/sample_580/image.png,[1 1 1 1 1 2 2 2 2 2],3
fold_3/sample_581/image.png,"[4 4 4 4 4 4 4 4 4 4 4 4 4 4 4 4 4 4 4 4 4 4 4 4 4 4 4 4 4 4 4 4 4 4 4 4 4
 4 4 4 4]",3
fold_3/sample_582/image.png,[1 1 2 2 2 2 2 2 2 2 2 2 2 3 4 4 4 4 4 4 4],3
fold_3/sample_583/image.png,"[1 4 4 4 4 4 4 4 4 4 4 4 4 4 4 4 4 4 4 4 4 4 4 4 4 4 4 4 4 4 4 4 4 4 4 4 4
 4 4 4 4 4 4 4 4 4 4 4 4 4 4 4 4 4 4 4 4 4 4 4 4 4 4 4 4 4 4 4 4 4 4]",3
fold_3/sample_584/image.png,[1 1 1 2 2 2 2 2 2 2 2 2 2 2],3
fold_3/sample_585/image.png,[0 1 1 1 2 2],3
fold_3/sample_586/image.png,[0 1 1 1 1 1 1 2 2 2 2],3
fold_3/sample_587/image.png,[0 0 1 1 1 1 1 2 2 2 2 2 2],3
fold_3/sample_588/image.png,[0 0 1 1 1 1 1 1 2 2 2 2 2 2 2 2 2 2 2],3
fold_3/sample_589/image.png,[0 0 0 0 2 2],3
fold_3/sample_590/image.png,[0 0 0 2 2 2 2 2],3
fold_3/sample_591/image.png,[0 0 0 0 2 2 2 2 2],3
fold_3/sample_592/image.png,[2],3
fold_3/sample_593/image.png,[2],3
fold_3/sample_594/image.png,[0 0 1 1 2 2 2 2 2 2 2 2 2],3
fold_3/sample_595/image.png,[1 1],3
fold_3/sample_596/image.png,[1 1 1 1 1 1 1 1 1 1 1 1 2 2 2 2],3
fold_3/sample_597/image.png,[0 1 1 1 1 1 2 2 2 2],3
fold_3/sample_598/image.png,[0 0 0 0 0 0 1 2 2],3
fold_3/sample_599/image.png,[0 0 0 0 0 1 2 2],3
fold_3/sample_600/image.png,[0 0 0 0 0 0 0 0 0 0 0 0 1 1 1],3
fold_3/sample_601/image.png,[0 0 0 0 0 0 0 0 0 1 1 2],3
fold_3/sample_602/image.png,[0 0 0 0 0 0 0 0 0 0 0 0 0 0 0 0 0 0 0 0 0 0 0 1 1 1 1 1],3
fold_3/sample_603/image.png,[1 1 1 1 1 1 1 1 1 1 1 1 1 1 1 1 1 1 1 2 2 2 2 2 2 2 2],3
fold_3/sample_604/image.png,[0 0 0 1 2],3
fold_3/sample_605/image.png,[0 1 2 2],3
fold_3/sample_606/image.png,[0 0 1 1 1 1 2 2 2 2 2 2 2],3
fold_3/sample_607/image.png,[0 1 1 1 1 1 1 1 1 1 1 1 1 1 1 1 1 1 1 1 1 1 1 1 2 2 2 2 2 2 2 2],3
fold_3/sample_608/image.png,"[1 1 1 1 1 1 1 1 1 1 1 1 1 1 1 1 1 1 1 1 1 1 1 1 1 1 1 1 1 1 1 1 1 1 1 1 1
 1 1 2]",3
fold_3/sample_609/image.png,"[1 1 1 1 1 1 1 1 1 1 1 1 1 1 1 1 1 1 1 1 1 1 1 1 1 1 1 1 1 1 1 1 1 1 1 1 1
 1 1 1 1 1 2]",3
fold_3/sample_610/image.png,[1 1 1 1 1 1 1 1 2 2 2 2],3
fold_3/sample_611/image.png,[1 1 1 1 1 1 1 1 1 1 1 1 1 1 1 2 2 2 2 2],3
fold_3/sample_612/image.png,[1 1 1 1 1 1 1 2 2 2 2 2 2 2],3
fold_3/sample_613/image.png,[0 0 0 0 0 0 0 0 0 0 0 0 2],3
fold_3/sample_614/image.png,[0 0 0 0 0 0 0 0 0 0 0 0 0 0 0 1],3
fold_3/sample_615/image.png,[0 0 0 0 0 0 0 2 2 2 2 2 2 2 2 2],3
fold_3/sample_616/image.png,[1 1 1 2 2 2 2 2 2],3
fold_3/sample_617/image.png,[1 1 1 1 1 2 2],3
fold_3/sample_618/image.png,[0 0 0 0 1 1 1 1 1 2 2],3
fold_3/sample_619/image.png,[0 0 0 0 0 0 0 0 0 0 0 0 2],3
fold_3/sample_620/image.png,[1 1 1 1 2 2 2 2 2],3
fold_3/sample_621/image.png,[1 1 1 1 1 1 1 2 2 2 2],3
fold_3/sample_622/image.png,[0 0 0 0 0 0 0 0 0 0 0 0 0 2 2 2 2],3
fold_3/sample_623/image.png,[0 0 0 0 0 0 0 0 0 0 1 1 1 1 1 1 2 2 2],3
fold_3/sample_624/image.png,[1 1 1 1 1 1 1 1 2 2 2 2 2 2 2 2 2 2 2 2 2 2],3
fold_3/sample_625/image.png,[0 0 0 1 1 1 1 1 2 2 2 2 2 2],3
fold_3/sample_626/image.png,[0 0 0 0 0 0 0 0 0 0 0 1 1 1 1 2 2 2 2 2 2],3
fold_3/sample_627/image.png,[0 0 0 0 0 0 0 0 0 0 0 0 1 1 1 2 2 2 2],3
fold_3/sample_628/image.png,[0 1 1 1 1 1 1 1 1 2 2 2 2 2 2 2 2 2 2 2 2 2 2 2 2],3
fold_3/sample_629/image.png,[0 0 0 0 0 0 0 1 1 1 1 1 1 1 2 2],3
fold_3/sample_630/image.png,[0 0 0 0 0 1 1 1 1 1 1 2 2 2 2 2 2 2 2 2 2 2 2 2 2 2 2 2 2 2],3
fold_3/sample_631/image.png,[0 0 1 1 1 1 1 1 1 1 1 1 1 1 1 1 1 1 2 2 2 2 2 2 2 2 2 2],3
fold_3/sample_632/image.png,[0 1 1 1 1 1 2 2 2 2 2 2 2 2 2 2 2],3
fold_3/sample_633/image.png,[0 0 0 0 0 0 0 0 0 0 0 0 0 0 0 0 0 0 2],3
fold_3/sample_634/image.png,[0 0 0 0 0 0 0 0 0 0 0 0 0 0 0 0 0 0 0 0 2 2],3
fold_3/sample_635/image.png,[0 0 0 0 0 0 0 0 0 0 0 0 0 0 0 0 0 0 0 0 0 0 0 0 0 0],3
fold_3/sample_636/image.png,[0 0 0 0 0 0 0 0 0 0 0 0 0 0 0 0 0 0 0 0 0 0 0 0 0 0],3
fold_3/sample_637/image.png,[0 0 0 0 0 0 0 0 0 0 0 0 0 0 0 0 0 0 0 0 0 0 0 0 0 0 0 0 0 0],3
fold_3/sample_638/image.png,[2 2 2 2 2 2 2 2 4 4 4 4 4 4 4 4 4 4 4],3
fold_3/sample_639/image.png,[1 2 2 2 2 2 2 2 2 2 2 2 2],3
fold_3/sample_640/image.png,"[1 2 2 2 2 2 2 2 4 4 4 4 4 4 4 4 4 4 4 4 4 4 4 4 4 4 4 4 4 4 4 4 4 4 4 4 4
 4]",3
fold_3/sample_641/image.png,[0 0 0 0 0 0 0 0 0],3
fold_3/sample_642/image.png,[0 0 0 0 1 1 2],3
fold_3/sample_643/image.png,[0 0 0 0 0 0 0 0 0 0 0 0 0 0 0 1],3
fold_3/sample_644/image.png,[0 0 0 0 0 0 0 0 0 0 0 0 0 0 0 1 1 2],3
fold_3/sample_645/image.png,[0 0 0 0 0 0 0 0 0 0 0 0 0 0 0 0 0 0 0],3
fold_3/sample_646/image.png,[0 0 0 0 0 0 0 0 0 0 0 0 0 0 0 0 1 1],3
fold_3/sample_647/image.png,[0 0 0 0 0 1 1 1 1 2 2 2 2 2 2 2],3
fold_3/sample_648/image.png,[0 0 0 0 0 0 0 0 1 1 1 1 1 1 1 1 1 1 1 2 2],3
fold_3/sample_649/image.png,"[1 1 1 1 1 1 1 1 1 1 1 1 1 1 1 1 1 1 1 1 1 1 1 1 1 1 1 1 1 1 1 1 1 1 1 1 1
 1 1 1 1 1 1 1 2 2 2]",3
fold_3/sample_650/image.png,[1 1 1 1 1 1 1 1 1 1 1 1 1 1 1 1 1 1 2 2 2 2 2 2 2 2 2 2 2 2 2 2],3
fold_3/sample_651/image.png,[0 0 0 0 0 1 1 1 1 1 1 1 1 1 1 2 2 2 2 2 2 2 2 2 2 2 2 2],3
fold_3/sample_652/image.png,[1 1 1 1 1 1 1 1 1 1 1 1 1 1 1 1 2 2 2 2],3
fold_3/sample_653/image.png,[0 0 0 0 1 2 2 2 2 2 2 2 2 2 2 2],3
fold_3/sample_654/image.png,[0 0 0 0 0 0 0 0 0 0 0 0 0 0 0 0 0 0 1 2],3
fold_3/sample_655/image.png,[0 0 0 0 0 0 0 0 0 0 0 0 0 0 0 0 1],3
fold_3/sample_656/image.png,[0 0 0 0 0 0 0 1],3
fold_3/sample_657/image.png,[0 0 0 0 0 1 1 2 2 2 2 2],3
fold_3/sample_658/image.png,[0 0 0 0 0 0 0 0 0 0 0 1 2 2 2 2 2],3
fold_3/sample_659/image.png,[0 0 0 0 2 2 2 2],3
fold_3/sample_660/image.png,[0 0 0 0 0 0 0 0 0 0 0 0 0 0 0 0 0 0 0 0 0 0 2],3
fold_3/sample_661/image.png,[0 0 0 0 0 0 0 0 0 2 2 2 2],3
fold_3/sample_662/image.png,[0 0 0 0 0 0 2 2 2 2 2],3
fold_3/sample_663/image.png,[0 0 0 0 0 0 0 0 2 2],3
fold_3/sample_664/image.png,[0 0 0 0 0 0 0 0 0 0 0 0 0 0 0 0],3
fold_3/sample_665/image.png,[0 0 0 0 0 0 0 0 0 0 0 0 0],3
fold_3/sample_666/image.png,[0 0 0 0 0 0 0 0 0 0 0 0 0 0 1],3
fold_3/sample_667/image.png,[0 0 0 0 0 0 0 0 0 2 2],3
fold_3/sample_668/image.png,[0 0 0 0 0 0 0 0 0 0 0 0 0 0 0 2],3
fold_3/sample_669/image.png,[0 2 2 2],3
fold_3/sample_670/image.png,[0 0 0 0 0 1 2 2 2 2 2],3
fold_3/sample_671/image.png,[0 0 0 0 0 0 0 0 0 0 0 0 0 0 0 0 0 0 0 0 0 0],3
fold_3/sample_672/image.png,[0 0 0 0 0 0 0 0 0 0 0 0 0 2 2 2 2],3
fold_3/sample_673/image.png,[0 0 0 0 0 0 1 2 2 2],3
fold_3/sample_674/image.png,[0 0 0 0 0 0 0 0 0 0 0 1 2 2 2 2 2],3
fold_3/sample_675/image.png,[0 0 0 0 0 0 2],3
fold_3/sample_676/image.png,[0 0 0 0 0 0 0 0 0 0 0 0 0],3
fold_3/sample_677/image.png,[0 0 0 0 0 0 0 0 0 0 2 2 2 2 2],3
fold_3/sample_678/image.png,[0 0 0 0 0 0 0 0 2 2],3
fold_3/sample_679/image.png,[0 0 0 0 0 0 0 0 0 0 0 0 0 0 0 0 0 0 0 2],3
fold_3/sample_680/image.png,[0 0 0 0 0 0 0 0 0 0 0 0 0 0 0 0 0 0],3
fold_3/sample_681/image.png,[0 0 0 0 0 0 0 1 2 2 2 2 2 2 2],3
fold_3/sample_682/image.png,[0 0 0 0 0 0 0 2 2 2 2],3
fold_3/sample_683/image.png,[0 0 0 0 0 0 0 0 0 0 0 0 0 0 0 0 0 0 0 0 2],3
fold_3/sample_684/image.png,[0 0 0 0 0 0 0 0 0 0 0 0 0 0 0 0 0 2 2],3
fold_3/sample_685/image.png,[0 0 0 0 0 0 0 0 0 0 0 0 0 2 2],3
fold_3/sample_686/image.png,[0 0 0 0 0 0 0 1 2 2 2 2 2 2 2],3
fold_3/sample_687/image.png,[0 0 0 0 0 0 0 0 0 0 0 2 2],3
fold_3/sample_688/image.png,[0 0 0 0 0 0 0 1 1 1 1 2],3
fold_3/sample_689/image.png,[0 0 0 0 0 0 0 0 0 0 0 2 2 2 2 2],3
fold_3/sample_690/image.png,[0 0 0 0 0 0 0 0 0 0 0 0 0 0 2 2 2],3
fold_3/sample_691/image.png,[0 0 0 1 1 2 2 2 2],3
fold_3/sample_692/image.png,[0 0 0 0 0 0 0 0 0 2 2 2 2],3
fold_3/sample_693/image.png,[0 0 0 0 0 0 0 0 0 0 1 2 2 2],3
fold_3/sample_694/image.png,[0 0 0 0 0 0 0 0 0 0 0 1 2 2],3
fold_3/sample_695/image.png,[0 0 0 0 0 0 0 2 2 2],3
fold_3/sample_696/image.png,[0 0 0 0 0 0 0 0 0 0 0 2 2],3
fold_3/sample_697/image.png,[0 0 0 0 0 0 0 1 2],3
fold_3/sample_698/image.png,[0 0 0 0 0 1],3
fold_3/sample_699/image.png,[0 2 2 2 2 2],3
fold_3/sample_700/image.png,[0 0 0 0 0 0 0 0 0 0 0 0 0 0 0 0 0 0 2 2],3
fold_3/sample_701/image.png,[0 0 0 0 0 0 0 2],3
fold_3/sample_702/image.png,[0 0 0 0 0 0 0 0 0 0 1 1 2 2 2 2 2 2 2 2 2],3
fold_3/sample_703/image.png,[0 0 0 0 0 0 0 0 0 0 0 0 2 2],3
fold_3/sample_704/image.png,[0 0 0 0 0 0 0 2 2 2 2 2],3
fold_3/sample_705/image.png,[0 0 0 0 0 0 1 1 2 2 2 2 2 2],3
fold_3/sample_706/image.png,"[0 0 0 0 0 0 0 0 0 0 0 0 0 1 1 1 1 1 1 1 1 1 1 1 1 1 1 1 1 1 2 2 2 2 2 2 2
 2 2 2 2 2 2]",5
fold_3/sample_707/image.png,[1 1 1 1 1 1 1 1 1 1 2 2 2 2 2 2],5
fold_3/sample_708/image.png,[1 1 1 1 2 2 2 2 2 2 2 2 2 2 2 2],5
fold_3/sample_709/image.png,[1 1 1 1 1 1 1 1 1 1 1 1 1 1 1 1 1 1 1 1 1 1 1 1 1 1 1 1 1 1 1 2 2 2 2 2 2],5
fold_3/sample_710/image.png,[0 0 2 2],5
fold_3/sample_711/image.png,[0 0 0 0 0 0 0 0 0 0 0 0 0 0 0 0 0 0 0 0 0 0 0 0 0 0 0 0 0 0 0 1 1 1],5
fold_3/sample_712/image.png,[0 0 0 0 0 0 0 0 0 0 0 0 0 0 0 0 0 0 0 0 0 0 0 0 0 2 2 2],5
fold_3/sample_713/image.png,[0 0 0 0 0 0 0 0 0 0 0 0 0 2 2 2 2],5
fold_3/sample_714/image.png,[0 0 0 0 0 0 0 0 0 0 0 0 0 0 1 1 2 2 2 2 2 2 2 2 2 2],5
fold_3/sample_715/image.png,[0 0 0 0 0 0 0 0 0 0 0 0 0 0 0 0 0 0 0 0 0 0 0 1 2 2 2 2],5
fold_3/sample_716/image.png,"[0 0 0 0 0 0 0 0 0 0 0 0 0 0 0 0 0 0 0 0 0 0 0 0 0 0 0 0 0 0 0 0 0 0 0 0 0
 0 0 0 0 0 0 0 0 0 0 0 0 0 0 2 2]",5
fold_3/sample_717/image.png,[0 0 2 2 2 2 2 2 2 2 2 2 2 2 2],5
fold_3/sample_718/image.png,[1 2 2 2 2 2 2 2 2 2 2],5
fold_3/sample_719/image.png,[1 2 2 2 2 2 2 2 2],5
fold_3/sample_720/image.png,[1 1 1 1 1 2 2 2 2 2 2 2 2 2 2],5
fold_3/sample_721/image.png,[1 1 2 2 2 2 2 2 2],5
fold_3/sample_722/image.png,[1 1 2 2 2 2 2 2],5
fold_3/sample_723/image.png,[1 1 1 2 2 2 2 2 2 2 2 2 2 2 2],5
fold_3/sample_724/image.png,[1 1 1 1 1 1 1 1 1 1 1 2 2 2 2 2 2 2 2 2 2 2 2 2 2 2],5
fold_3/sample_725/image.png,[2 2 2 2 2 2 2 2 2 2 2 2 2 2 2 2],5
fold_3/sample_726/image.png,[1 1 2 2 2 2 2 2 2 2],5
fold_3/sample_727/image.png,[2 2 2 2 2 2 2 2 2 2 2 2],5
fold_3/sample_728/image.png,[0 0 0 0 0 0 0 0 0 0 0 0 0 0 0 0 0 0 0 0 0 0 0 0 0 0 0 0 1 1 2 2 2],5
fold_3/sample_729/image.png,[0 0 0 0 0 0 0 0 0 0 0 0 0 0 0 0 0 0 0 0 0 0 0 0 0 0 0 0 0 0 0 0 0 1 1 1 2],5
fold_3/sample_730/image.png,[0 0 0 0 0 0 0 0 0 0 0 0 0 0 0 0 1 1 1 1 1 1 2 2 2],5
fold_3/sample_731/image.png,[1 1 2 2 2 2 2 2 2 2 2],5
fold_3/sample_732/image.png,[1 1 1 1 2 2 2 2],5
fold_3/sample_733/image.png,[1 1 2 2 2],5
fold_3/sample_734/image.png,[2],5
fold_3/sample_735/image.png,[],5
fold_3/sample_736/image.png,[0 0 0 0 0 0 0 0 0 0 0 0 0 0 0 0 1 1 2],5
fold_3/sample_737/image.png,"[0 0 0 0 0 0 0 0 0 0 0 0 0 0 0 0 0 0 0 0 0 0 0 0 0 0 0 0 0 0 0 0 0 0 1 1 1
 1 1 1 1 1 2 2 2 2 2]",5
fold_3/sample_738/image.png,[0 0 0 0 0 0 0 0 0 0 0 0 0 0 0 0 0 0 0 0 0 0],5
fold_3/sample_739/image.png,[0 0 0 0 0 0 0 0 0 0 0 0 0 0 0 0 0 0 0 0 0 0 2 2],5
fold_3/sample_740/image.png,[0 0],5
fold_3/sample_741/image.png,[0 0 0 0 0 0 0 0 0 0 0 0 0 0 0 0 0 0 0 2],5
fold_3/sample_742/image.png,[2 2 2 2 2 2 2 2 2 2 2 2 2 2 2 2 2 2 2 2 2 2 2],5
fold_3/sample_743/image.png,[1 2 2 2 2 2 2 2 2 2 2 2 2 2 2 2 2 2 2 2 2],5
fold_3/sample_744/image.png,[2 2 2 2 2 2 2 2 2 2 2 2 2 2 2 2 2 2 2 2],5
fold_3/sample_745/image.png,[1 1 1 1 1 1 1 1 1 2 2 2 2 2 2 2 2 2 2 2 2 2 2 2 2 2 2 2 2 2],5
fold_3/sample_746/image.png,[1 1 1 1 1 1 2 2 2 2 2 2 2 2 2 2 2 2 2 2 2 2 2 2 2],5
fold_3/sample_747/image.png,[1 2 2 2 2 2 2 2 2 2 2 2 2 2 2 2 2 2 2 2 2 2 2 2],5
fold_3/sample_748/image.png,[1 1 1 1 1 1 1 2 2 2 2 2 2 2 2 2 2 2 2 2 2 2 2 2 2 2 2 2 2 2 2 2 2 2 2],5
fold_3/sample_749/image.png,[1 2 2 2 2 2],5
fold_3/sample_750/image.png,[1 1 1 1 1 1 1 1 1 1 2 2 2 2 2 2 2 2 2 2 2 2],5
fold_3/sample_751/image.png,[1 1 1 1 1 1 2 2 2 2 2 2],5
fold_3/sample_752/image.png,[1 1 1 1 1 1 2 2 2 2 2 2 2 2 2 2 2 2 2 2 2 2 2 2 2 2 2],5
fold_3/sample_753/image.png,[1 1 1 1 2 2 2 2 2 2 2 2 2 2 2 2 2 2 2 2 2 2],5
fold_3/sample_754/image.png,[],5
fold_3/sample_755/image.png,[1 1 1 2],5
fold_3/sample_756/image.png,[1],5
fold_3/sample_757/image.png,[1 2],5
fold_3/sample_758/image.png,[2 2],5
fold_3/sample_759/image.png,"[1 1 1 1 1 1 1 1 1 1 1 1 1 1 1 1 1 1 1 1 1 1 1 1 1 1 1 1 1 1 1 1 1 1 1 1 1
 1 1 1 1 1 1 1 1 1 1 1 1 1 1 1 1 1 1 1 1 1 1 1 1 1 1 1 1 1 1 1 1 1 1 1 1 1
 1 1 1 1 1 1 1 1 1 1 1 1 1 1 1 1 1 1 1 1 1 1 1 1 1 1 1 1 1 1 1 1 1 1 1 1 1
 1 1 1 2]",5
fold_3/sample_760/image.png,"[1 1 1 1 1 1 1 1 1 1 1 1 1 1 1 1 1 1 1 1 1 1 1 1 1 1 1 1 1 1 1 1 1 1 1 1 1
 1 1 1 1 1 1 1 1 1 1 1 1 1 1 1 1 1 1 1 1 1 1 1 1 1 1 1 1 1 1 1 1 1 1 1 1 1
 1 1 1 1 1 1 1 1 1 1 1 1 1 1 1 1 1 1 1 1 1 1 1 1 1 1 1 1 1 1 1 1 1 1 1 1 1
 1 1 1 2 2 2]",5
fold_3/sample_761/image.png,[1 1 2 2 2],5
fold_3/sample_762/image.png,[],5
fold_3/sample_763/image.png,[0 0 0 0 0 0 0 0 0 0 0 0 0 0 0 0 1 2],5
fold_3/sample_764/image.png,[0 0 0 0 0 0 0 0 0 0 0 0 0 0 0 0 0 0 0 0 1 2],5
fold_3/sample_765/image.png,[0 0 0 0 0 0 0 0 0 0 0 0 0 0 0 0 0],5
fold_3/sample_766/image.png,[0 0 0 0 0 0 0 0 0 0 0 0 0 0 0 0 0 0 0 0 0 0 0 0 0 0],5
fold_3/sample_767/image.png,[0 0 0 0 0 0 0 0 0 0 0 0 0 0 0 0 0 3 3 3 3],5
fold_3/sample_768/image.png,[0 0 0 0 0 0 0 0 0 0 0 0 0 0 0 0 0 0 0 1 1 2 2 2],5
fold_3/sample_769/image.png,[0 0 0 0 0 0 0 0 0 0 0 0 0 1 2 2 2 3 3 3],5
fold_3/sample_770/image.png,[0 0 0 0 0 0 0 0 0 0 0 0 0 0 0 0 0 0 0 0 0 0 0 0 0 2 2],5
fold_3/sample_771/image.png,[0 0 0 0 0 0 0 0 0 0 0 0 0 0 0 0 0 0 0 3 3 3],5
fold_3/sample_772/image.png,[0 0 0 0 0 0 0 0 0 0 0 0 0 1 2 2],5
fold_3/sample_773/image.png,[0 0 0 0 0 0 0 0 0 0 0 0 0 0 0 0 0 0 0 1 2 2 2 2 2],5
fold_3/sample_774/image.png,[0 0 0 0 0 0 0 0 0 0 0 0 0 0 0 0 0 0 1],5
fold_3/sample_775/image.png,[0 0 0 0 0 0 0 0 0 0 0 0 0 0 0 0 0 0 0 0 0 0 2],5
fold_3/sample_776/image.png,"[1 1 1 1 1 1 1 1 1 1 1 1 1 1 1 1 1 1 1 1 1 1 1 1 1 1 1 1 1 1 1 1 1 1 1 1 1
 1 1 1 1 1 1 1 1 1 1 1 1 1 1 1 1 1 1 1 1 1 1 1 1 1 1 1 1 1 1 1 1 1 1 1 1 1
 1 1 1 1 1 1 1 1 1 1 1 1 1 1 1 1 1 2 2 2 2 2 2 2 2]",5
fold_3/sample_777/image.png,"[1 1 1 1 1 1 1 1 1 1 1 1 1 1 1 1 1 1 1 1 1 1 1 1 1 1 1 1 1 1 1 1 1 1 1 1 1
 1 1 1 1 1 1 1 1 1 1 1 1 1 1 1 1 1 1 1 1 1 1 1 1 1 1 1 1 1 1 1 1 1 1 1 1 1
 1 1 1 1 1 1 1 1 1 1 1 1 1 1 1 1 1 2 2 2 2 2]",5
fold_3/sample_778/image.png,[],5
fold_3/sample_779/image.png,[2],5
fold_3/sample_780/image.png,[],5
fold_3/sample_781/image.png,[1],5
fold_3/sample_782/image.png,[1 2 2 2],5
fold_3/sample_783/image.png,[2],5
fold_3/sample_784/image.png,[],5
fold_3/sample_785/image.png,[1 1 2 2 2 2 2 2 2 2 2 2 2 2 2 2 2 2 2 2 2 2 2 2 2 2 2],5
fold_3/sample_786/image.png,"[1 1 1 1 1 1 1 2 2 2 2 2 2 2 2 2 2 2 2 2 2 2 2 2 2 2 2 2 2 2 2 2 2 2 2 2 2
 2 2 2 2 2 2 2]",5
fold_3/sample_787/image.png,[0 0 0 0 0 0 0 0 0 0 0 0 0 0 0 0 0 0 0 0 0 0 0 0 0 0 0 0 1 2 2 2 2 2 2 2 2],5
fold_3/sample_788/image.png,[0 0 2 2 2 2 2 2 2 2 2 2 2 2 2 2 2 2 2 2 2 2 2 2 2 2 2 2 2 2 2 2 2 2 2 2],5
fold_3/sample_789/image.png,"[0 0 0 0 0 0 0 0 0 0 2 2 2 2 2 2 2 2 2 2 2 2 2 2 2 2 2 2 2 2 2 2 2 2 2 2 2
 2 2 2 2 2 2]",5
fold_3/sample_790/image.png,"[2 2 2 2 2 2 2 2 2 2 2 2 2 2 2 2 2 2 2 2 2 2 2 2 2 2 2 2 2 2 2 2 2 2 2 2 2
 2 2 2 2 2 2 2 2]",5
fold_3/sample_791/image.png,[1 1 1 1 1 2 2 2 2 2 2],5
fold_3/sample_792/image.png,[1 1 1 1 1 2 2 2],5
fold_3/sample_793/image.png,[1 2 2 2 2 2],5
fold_3/sample_794/image.png,[1 1 1 1 1 1 1 2 2 2 2 2 2 2 2 2 2],5
fold_3/sample_795/image.png,[2 2 2],5
fold_3/sample_796/image.png,[1 1 1 1 1 1 2 2 2 2],5
fold_3/sample_797/image.png,[1 1 1 1 2 2 2 2 2 2 2 2 2 2 2 2 2 2],5
fold_3/sample_798/image.png,[0 0 0 0 1 2 2 2 2],5
fold_3/sample_799/image.png,[1 1 1 1 1 1 1 1 1 1 1 1 1 1 1 1 1 1 1 1 1 1 1 1 1 2 2 2 2 2 2 2 2 2 2 2 2],5
fold_3/sample_800/image.png,[1 1 1 1 1 1 1 2 2 2],5
fold_3/sample_801/image.png,[0 0 1 1 1 1 1 1 1 1 1 1 1 2 2 2 2],5
fold_3/sample_802/image.png,"[1 1 1 1 1 1 1 1 1 1 1 1 1 1 1 1 1 1 1 1 1 1 1 1 1 1 1 1 1 1 1 1 1 1 1 1 1
 1 1 1 1 1 1 1 1 1 1 1 1 1 1 1 1 1 1 1 1 1 1 1 1 1 1 1 1 1 1 1 1 1 1 1 1 1
 1 1 1 1 2 2 2 2]",5
fold_3/sample_803/image.png,"[1 1 1 1 1 1 1 1 1 1 1 1 1 1 1 1 1 1 1 1 1 1 1 1 1 1 1 1 1 1 1 1 1 1 1 1 1
 1 1 1 1 1 1 1 1 1 1 1 1 1 1 1 1 1 1 1 1 1 1 1 1 1 1 1 1 1 1 1 1 1 1 1 1 1
 1 1 1 1 1 1 1 1 1 1 1 1 2 2 2]",5
fold_3/sample_804/image.png,"[1 1 1 1 1 1 1 1 1 1 1 1 1 1 1 1 1 1 1 1 1 1 1 1 1 1 1 1 1 1 1 1 1 1 1 1 1
 1 1 1 1 1 1 1 1 1 1 1 1 1 1 1 1 1 1 1 1 1 1 1 1 1 1 1 1 1 1 1 1 1 1 1 1 1
 1 1 1 1 2 2 2]",5
fold_3/sample_805/image.png,"[1 1 1 1 1 1 1 1 1 1 1 1 1 1 1 1 1 1 1 1 1 1 1 1 1 1 1 1 1 1 1 1 1 1 1 1 1
 1 1 1 1 1 1 1 1 1 1 1 1 1 1 1 1 1 1 1 1 1 1 1 1 1 1 1 1 1 1 1 1 1 1 1 1 1
 1 1 1 2 2 2 2]",5
fold_3/sample_806/image.png,"[1 1 1 1 1 1 1 1 1 1 1 1 1 1 1 1 1 1 1 1 1 1 1 1 1 1 1 1 1 1 1 1 1 1 1 1 1
 1 1 1 1 1 1 1 1 1 1 1 1 1 1 1 1 1 1 1 1 1 1 1 1 1 1 1 1 1 1 1 1 1 1 1 1 1
 1 1 1 1 1 1 1 1 1 1 1 1 1 2 2 2 2]",5
fold_3/sample_807/image.png,[1 1 1 1 1 1 1 1 1 1 1 1 1 1 2 2 2 2 2 2 2 2 2 2 2 2 2 2 2 2 2 2 2 2],5
fold_3/sample_808/image.png,[1 1 1 2 2 2 2 2 2 2 2 2 2 2 2 2 2 2 2 2 2 2 2 2 2 2 2 2 2 2 2 2 2 2 2 2],5
fold_3/sample_809/image.png,[1 1 1 1 1 1 1 1 1 1 1 1 2 2 2 2 2 2 2 2 2 2 2 2 2],5
fold_3/sample_810/image.png,[0 0 0 0 0 0 0 0 1 1 1 1 1 1 1 2 2 2 2 2 2 2 2 2 2 2 2 2 2 2 2 2 2],5
fold_3/sample_811/image.png,"[0 0 0 0 0 0 0 0 0 0 0 0 0 0 0 0 0 0 0 0 0 0 0 0 0 0 0 0 0 0 0 0 0 0 0 0 0
 0 0 0 0 0 0 0 0 0 0 0 0 0 0 0 0 0 0 0 0 0 0 0 0 0 0 0 0 0 0 0 0 0 0 0 0 0
 1 1 1 2 2]",5
fold_3/sample_812/image.png,"[0 0 0 0 0 0 0 0 0 0 0 0 0 0 0 0 0 0 0 0 0 0 0 0 0 0 0 0 0 0 0 0 0 0 0 0 0
 0 0 0 0 0 0 0 0 0 0 0 0 0 0 0 0 0 0 0 0 0 1 1]",5
fold_3/sample_813/image.png,"[0 0 0 0 0 0 0 0 0 0 0 0 0 0 0 0 0 0 0 0 0 0 0 0 0 0 0 0 0 0 0 0 0 0 0 0 0
 0 0 0 0 0 0 0 0 0 0 0 1 1 2 2]",5
fold_3/sample_814/image.png,"[0 1 1 1 1 1 1 1 1 1 1 1 1 1 1 1 2 2 2 2 2 2 2 2 2 2 2 2 2 2 2 2 2 2 2 2 2
 2 2 2 2 2 2 2 2 2 2 2 2 2 2]",5
fold_3/sample_815/image.png,[0 0 0 0 0 0 0 0 0 0 0 0 0 0 0 0 0 0 0 0 0 0 0 0 0 0 1 1 1 1 1 1],5
fold_3/sample_816/image.png,[0 0 0 0 0 0 0 0 0 0 0 0 0 0 0 0 0 0 0 0 0 0 1 1 2 2 2 2 2 2 2 2 2 2],10
fold_3/sample_817/image.png,[0 0 0 0 0 0 0 0 0 0 0 0 0 0 0 0 0 0 0 0 0 0 0 0 0 0 0 0 0 0 0 2 2 2],10
fold_3/sample_818/image.png,[0 0 0 0 0 0 0 2 2 2 2 2 2 2 2 2 2 2 2 2],10
fold_3/sample_819/image.png,[0 0 0 0 0 0 0 0 0 0 0 0 0 0 0 0 0 0 1 1 2 2 2 2 2],10
fold_3/sample_820/image.png,[0 0 0 0 0 0 0 0 0 0 0 0 0 0 0 0 0 0 0 0 0 0 0 0 0 0 0 0 0 2],10
fold_3/sample_821/image.png,[0 0 0 0 0 0 0 0 0 0 0 0 0 0 1 2 2 2],10
fold_3/sample_822/image.png,[0 0 0 0 0 0 0 0 0 0 0 0 0 0 0 0 0 0 0 0 0 0 0 0 1 1 1 1 2 2],10
fold_3/sample_823/image.png,[0 0 0 0 0 0 0 0 0 0 0 0 0 1 1 1 2 2 2 2 2 2 2 2 2 2 2 2 2],10
fold_3/sample_824/image.png,[0 0 0 0 0 0 0 0 0 0 0 0 0 0 0 0 0 0 0 0 0 0 0 1 1 1 1 2 2 2],10
fold_3/sample_825/image.png,"[0 0 0 0 0 0 0 0 0 0 0 0 0 0 0 0 0 0 0 0 0 0 0 0 0 0 0 0 1 1 2 2 2 2 2 2 2
 2 2 2 2 2 2 2]",10
fold_3/sample_826/image.png,[0 0 0 0 0 0 0 0 0 0 0 0 0 0 0 0 0 0 0 0 0 1 1 1 1 1 1 1 1 1 1 2 2 2 2 2 2],10
fold_3/sample_827/image.png,"[0 0 0 0 0 0 0 0 0 0 1 1 1 1 1 1 1 1 1 1 1 1 1 1 1 1 1 1 1 1 1 1 1 2 2 2 2
 2 2 2 2 2 2 2 2 2 2 2 2 2]",10
fold_3/sample_828/image.png,[0 0 0 0 0 0 0 0 0 0 0 0 0 0 0 0 0 0 0 0 0 0 1 2 2 2 2 2 2 2 2 2 2 2],10
fold_3/sample_829/image.png,[0 0 0 0 0 0 0 0 0 0 0 0 0 0 0 0 0 0 0 0 0 0 0 1 2 2 2 2 2 2 2 2],10
fold_3/sample_830/image.png,"[0 0 0 0 0 0 0 0 0 0 0 0 0 0 0 0 0 0 0 0 0 0 0 0 0 0 0 0 0 0 0 0 0 0 2 2 2
 2]",10
fold_3/sample_831/image.png,[0 1 1 1 1 1 1 1 1 1 1 2 2 2 2 2 2 2 2 2 2 2 2],3
fold_3/sample_832/image.png,[0 1 1 1 1 1 1 1 1 1 1 1 1 1 1 1 2 2 2 2 2 2 2 2 2 2 2 2 2 2 2 2 2 2 2 2 2],3
fold_3/sample_833/image.png,[0 0 0 0 0 0 0 0 0 0 0 0 0 1 1 1 1 1 1 1 1 2 2 2 2 2 2 2 2],3
fold_3/sample_834/image.png,[0 0 0 0 0 0 0 0 0 0 0 0 0 0 0 0 0 0 0 0 0 0 0 0 1],3
fold_3/sample_835/image.png,"[0 0 0 0 0 0 0 0 0 0 0 0 0 0 0 0 0 0 0 0 0 0 0 0 0 0 0 0 0 0 0 0 0 0 0 0 0
 0 0 0 0 0 2]",3
fold_3/sample_836/image.png,"[0 0 0 0 0 0 0 0 0 0 0 0 0 0 0 0 0 0 0 0 0 0 0 0 0 0 0 0 0 0 0 0 0 0 0 0 0
 0 0 0 0 0 1 1 2]",3
fold_3/sample_837/image.png,[0 0 0 0 0 0 0 0 0 0 0 0 0 0 0 0 0 0 0 0 0 0 0 0 1 2 2],3
fold_3/sample_838/image.png,"[0 0 0 0 0 0 0 0 0 0 0 0 0 0 0 0 0 0 0 0 0 0 0 0 0 0 0 0 0 0 0 0 0 0 0 0 0
 0 0 0 0 0 0 1]",3
fold_3/sample_839/image.png,"[0 0 0 0 0 0 0 0 0 0 0 0 0 0 0 0 0 0 0 0 0 0 0 0 0 0 0 0 0 0 0 0 0 0 0 0 0
 0 0 0 0 0 0 0 0 0 0 0]",3
fold_3/sample_840/image.png,[0 0 0 0 0 0 0 0 0 0 0 0 0 0 0 0 0 0 0 0 0 0 0 0 0 0 0 0 0 0 0 0 0 0 0 0 2],3
fold_3/sample_841/image.png,[0 0 0 0 0 0 0 0 0 0 0 0 0 0 0 0 0 0 0 0 0 0 0 0 2],5
fold_3/sample_842/image.png,[0 0 0 0 0 0 0 0 0 0 0 0 0 0 0 0 0 0 0 0 0 0 0 0 0 0 0 0 0 0 0 2],5
fold_3/sample_843/image.png,[0 0 0 0 0 0 0 0 0 0 0 0 0 0 0 0 0 0 0 0 0 0 0 0],8
fold_3/sample_844/image.png,[0 0 0 0 0 0 0 0 0 0 0 0 0 0 0 0 0 0 0 0 0 2 2 2 2],8
fold_3/sample_845/image.png,[0 0 0 0 0 0 0 0 0 0 0 0 0 0 0 0 2 2 2 2 2 2 2 2 2 2],8
fold_3/sample_846/image.png,[0 0 0 0 0 0 0 0 0 0 0 1 2 2 2 2 2 2],8
fold_3/sample_847/image.png,[0 0 0 0 0 0 0 0 0 0 0 0 0 0 0 0 0 0 0 1 2 2 2 2 2 2 2],8
fold_3/sample_848/image.png,[0 0 0 0 0 0 0 0 0 0 0 0 0 0 0 0 0],13
fold_3/sample_849/image.png,[0 0 0 0 0 0 0 0 0 0 0 0 0 0],13
fold_3/sample_850/image.png,[0 0 0 0 0 0 0 0 0 0 0 0 0 0 0 0 0 2],13
fold_3/sample_851/image.png,[0 0 0 0 0 0 0 0 0 0 0 0 0 0 0 0 0 0],2
fold_3/sample_852/image.png,[0 0 0 0 0 0 0 0 0 0 0 0 0 0 0 0 0 0 0 2],2
fold_3/sample_853/image.png,[0 0 0 0 0 0 0 0 0 0 0 0 0 0 0 0 0 0 0 0 0],2
fold_3/sample_854/image.png,[0 0 0 0 0 0 0 0 0 0 1 1 1 1 1 2 2 2 2 2 2 2 2 2],3
fold_3/sample_855/image.png,[0 0 0 0 0 0 0 0 0 0 0 1 1 1 1 1 2 2],3
fold_3/sample_856/image.png,[0 0 0 0 0 0 0 0 0 0 0 0 0 0 0 0 0 0 0 0 0 0],3
fold_3/sample_857/image.png,[0 0 0 0 0 0 0 2 2 4 4 4 4 4 4 4],3
fold_3/sample_858/image.png,"[0 4 4 4 4 4 4 4 4 4 4 4 4 4 4 4 4 4 4 4 4 4 4 4 4 4 4 4 4 4 4 4 4 4 4 4 4
 4 4 4 4 4 4]",3
fold_3/sample_859/image.png,[0 2 2 2 2 2 2 2 2 2],3
fold_3/sample_860/image.png,[1 1 1 1 1 1 1 1 1 1 1 1 1 1 1 1 1 1 1 1 1 1 1 1 1 1 1 1 1 1 2 2 2 2 2 2 2],2
fold_3/sample_861/image.png,[0 0 0 0 0 0 0 0 0 0 0 0 0 0 0 0 0 0 2 2 2 4 4 4],2
fold_3/sample_862/image.png,[0 0 0 0 0 0 0 0 0 0 0 0 0 0 0 0 0 0 0 0],2
fold_3/sample_863/image.png,[0 0 0 0 0 0 0 0 0 0 0 0 0 0 0 0 0 0 0 0 0 0 0 0 0 0 0 2 2 2],13
fold_3/sample_864/image.png,[0 0 0 0 0 0 0 0 0 0 0 0 0 0 0 0 0 0 0 0 0 0 2 2 2 2 2 2 2 2 2 2 2],13
fold_3/sample_865/image.png,[0 0 0 0 0 0 0 0 0 0 0 0 0 0 0 0 0 0 0 0 0 0 0 0 0 0 0 0 0 2 2 2 2 2 2 2 2],13
fold_3/sample_866/image.png,"[0 0 0 0 0 0 0 0 0 0 0 0 0 0 0 0 0 0 0 0 0 0 0 0 0 0 0 0 0 0 0 0 0 0 0 0 0
 0 0 0 0 0 0 0 0 0 0 0 0 0 0 0 0 2 2 2]",13
fold_3/sample_867/image.png,[0 0 0 0 0 0 0 0 0 0 0 0 0 0 0 0 0 0 0 0 0 0 0 0 0 1 2 2 2 2 2 2],13
fold_3/sample_868/image.png,[0 0 0 0 0 0 0 0 0 0 0 0 0 0 0 0 0 0 0 0 0 0 0 0 0 0 0 0 0 0 2],13
fold_3/sample_869/image.png,[0 0 0 0 0 0 0 0 0 0 0 0 0 0 0 2 2],13
fold_3/sample_870/image.png,[0 0 0 0 0 0 0 0 0 0 0 0 0 0 0 0 1 2 2 2 2 2 2 2],13
fold_3/sample_871/image.png,[0 0 0 0 0 0 0 0 0 0 0 0 0 0 0 0 0 0 0 2 2 2 2 2 2],13
fold_3/sample_872/image.png,[0 0 0 0 0 0 0 0 0 0 0 0 0 0 0 0 0 0 0 0 0 0 0 0 0 0 0 2 2 2 2 2 2],13
fold_3/sample_873/image.png,[0 0 0 0 0 0 0 0 0 0 0 0 0 0 0 0 0 0 0 0 0 0 0 0 0 0 0 0 0 2 2 2 2],13
fold_3/sample_874/image.png,"[0 0 0 0 0 0 0 0 0 0 0 0 0 0 0 0 0 0 0 0 0 0 0 0 0 0 0 0 0 0 0 0 0 0 1 1 1
 1]",13
fold_3/sample_875/image.png,[0 0 0 0 0 0 0 0 0 0 0 0 0 0 1 2 2 2 2 2 2 2],13
fold_3/sample_876/image.png,[0 0 0 0 0 0 0 0 0 0 0 0 0 0 0 0 0 0 0 0 0 0 1 2 2 2 2 2 2 2],13
fold_3/sample_877/image.png,[0 0 0 0 0 0 0 0 0 0 0 0 0 0 0 0 0 0 0 0 0 0 0 0 2 2 2 2],13
fold_3/sample_878/image.png,"[0 0 0 0 0 0 0 0 0 0 0 0 0 0 0 0 0 0 0 0 0 0 0 0 0 0 0 0 0 0 0 0 0 0 0 0 2
 2 2]",13
fold_3/sample_879/image.png,"[0 0 0 0 0 0 0 0 0 0 0 0 0 0 0 0 0 0 0 0 0 0 0 0 0 0 0 0 0 0 0 0 0 0 0 0 0
 0 0 0 0 0 0 0 1 2]",13
fold_3/sample_880/image.png,[0 0 0 0 0 0 0 0 0 0 0 0 0 0 0 0 0 0 0 0 0 0 0 0 0 0 1 2 2 2],13
fold_3/sample_881/image.png,"[0 0 0 0 0 0 0 0 0 0 0 0 0 0 0 0 0 0 0 0 0 0 0 0 0 0 0 0 0 0 0 0 0 0 0 0 0
 0 0 0 0 0 0 2 2 2]",13
fold_3/sample_882/image.png,[0 0 0 0 0 0 0 0 0 0 2 2 2 2 2 2 2 2],13
fold_3/sample_883/image.png,[0 0 0 0 0 0 0 0 0 0 0 0 0 0 0 0 0 0 0 0 0 0 0 0 0 2 2 2],13
fold_3/sample_884/image.png,[0 0 0 0 0 0 0 0 0 0 0 0 0 0 0 0 0 0 0 0 0 0 0 0 0 0 0 0 0 0 0 0 0],13
fold_3/sample_885/image.png,"[0 0 0 0 0 0 0 0 0 0 0 0 0 0 0 0 0 0 0 0 0 0 0 0 0 0 0 0 0 0 0 0 0 0 0 0 0
 0 0 0 0 0 0 0 0 0 0 1 1 1 1 1 1 1 1 1 1 1 1 1 1 1 1 1 1 1 1 1 1 1 1 1 1 1
 1 1 1 1 2 2 2 2]",8
fold_3/sample_886/image.png,"[0 0 0 0 0 0 0 0 0 0 0 0 0 0 0 0 0 0 0 0 0 0 0 0 0 0 0 0 0 0 0 0 0 0 0 0 0
 0 0 0 0 0 0 0 0 0 0 0 0 0 0 0 0 0 0 0 0 0 0 0 0 0 0 0 0 0 0 0 0 0 0 0 0 0
 0 0 0 0 0 0 0 0 0 0 0 0 0 0 0 0 0 0 0 0 0 0 0 0 0 0 0 0 0 0 0 0 0 0 0 0 0]",8
fold_3/sample_887/image.png,"[0 0 0 0 0 0 0 0 0 0 0 0 0 0 0 0 0 0 0 0 0 0 0 0 0 0 0 0 0 0 0 0 0 0 0 0 0
 0 0 0 0 0 0 0 0 0 0 0 0 0 0 0 0 0 0 0 0 0 0 0 0 0 0 0 0 0 0 0 0 0 0 0 0 0
 0 0 0 0 0 0 0 0 0 0 0 0 0 0 0 0 0 0 0 0 0 0 0 0 0 0 0 0 0 0 0 0 0 0 0 0 0
 1]",8
fold_3/sample_888/image.png,"[0 0 0 0 0 0 0 0 0 0 0 0 0 0 0 0 0 0 0 0 0 0 0 0 0 0 0 0 1 1 1 1 1 1 1 1 1
 1 1 1 1 1 1 1 1 1 1 1 1 1 1 1 1 1 1 1 1 1 1 1 1 1 1 1 1 1 1 1 2 2 2 2 2 2
 2 2 2 2 2 2 2 2 2 2 2 2 2 2 2 2 2 2 2 2 2 2 2 2 2 2 2 2 2 2 2 2 2 2 2 2 2
 2 2 2 2 2 2 2 2 2 2 2 2 2 2 2 2 2 2 2 2 2 2]",8
fold_3/sample_889/image.png,"[0 0 0 0 0 0 0 0 0 0 1 1 1 1 1 1 1 1 1 1 1 1 1 1 1 1 1 1 1 1 1 1 1 1 1 1 1
 1 1 1 1 1 1 1 1 1 1 1 1 1 1 1 1 1 1 1 1 1 1 1 1 1 1 1 1 1 1 1 1 1 1 1 1 1
 1 1 1 2 2 2 2 2 2 2 2 2 2 2 2 2 2 2 2 2 2 2 2 2 2 2 2 2 2 2 2 2 2 2 2 2 2
 2 2 2 2 2 2 2 2 2 2 2 2 2 2 2 2 2 2 2 2 2 2 2 2 2 2 2 2 2 2 2 2 2 2 2 2 2
 2 2 2 2 2 2 2 2 2 2 2 2 2 2 2 2]",8
fold_3/sample_890/image.png,"[1 1 1 1 1 1 1 1 1 1 1 1 1 1 1 1 1 1 1 1 1 1 1 1 1 1 1 1 1 1 1 1 1 1 1 1 1
 1 1 1 1 1 1 1 1 1 1 1 1 1 1 1 1 1 1 1 1 1 1 1 1 1 1 1 1 1 1 1 1 1 1 1 1 1
 1 1 1 1 1 1 1 1 1 1 1 1 1 1 1 1 1 1 1 1 2]",15
fold_3/sample_891/image.png,"[1 1 1 1 1 1 1 1 1 1 1 1 1 1 1 1 1 1 1 1 1 1 1 1 1 1 1 1 1 1 1 1 1 1 1 1 1
 1 1 1 1 1 1 1 1 1 1 1 1 1 1 1 1 1 1 1 1 1 1 1 1 1 1 1 1 1 1 1 1 1 1 1 1 1
 1 1 1 1 1 1 1 1 1 1 1 1 1 1 1 1 1 1 1 1 1 1 1 2 2]",15
fold_3/sample_892/image.png,"[1 1 1 1 1 1 1 1 1 1 1 1 1 1 1 1 1 1 1 1 1 1 1 1 1 1 1 1 1 1 1 1 1 1 1 1 1
 1 1 1 1 1 1 1 1 1 1 1 1 1 1 1 1 1 1 1 1 1 1 1 1 1 1 1 1 1 1 1 1 1 1 1 1 1
 1 1 1 1 1 1 1 1 1 1 1 1 1 1 1 1 1 1 1 1 1 1 1 1 1 1 1 1 2]",15
fold_3/sample_893/image.png,"[1 1 1 1 1 1 1 1 1 1 1 1 1 1 1 1 1 1 1 1 1 1 1 1 1 1 1 1 1 1 1 1 1 1 1 1 1
 1 1 1 1 1 1 1 1 1 1 1 1 1 1 1 1 1 1 1 1 1 1 1 1 1 1 1 1 1 1 1 1 1 1 1 1 1
 1 1 1 1 1 1 1 1 1 1 1 1 1 1 1 1 1 1 1 1 2 2]",15
fold_3/sample_894/image.png,"[1 1 1 1 1 1 1 1 1 1 1 1 1 1 1 1 1 1 1 1 1 1 1 1 1 1 1 1 1 1 1 1 1 1 1 1 1
 1 1 1 1 1 1 1 1 1 1 1 1 1 1 1 1 1 1 1 1 1 1 1 1 1 1 1 1 1 1 1 1 1 1 1 1 1
 1 1 1 1 1 1 1 1 1 1 1 1 1 1 1 1 1 1 1 1 1 1 1 1 1 1 1 1 1 1 1 1 1 1 2 2]",15
fold_3/sample_895/image.png,[2 2 2 2 2 2 2 2 2 2 2 2 2 2 2 2 2 2 2 2 2 2 2],11
fold_3/sample_896/image.png,[0 2 2 2 2 2 2 2 2 2 2 2 2 2 2 2 2 2 2 2 2 2 2 2 2 2 2 2 2 2 2],11
fold_3/sample_897/image.png,[0 1 1 2 2 2 2 2 2 2 2 2 2 2 2 2 2 2 2 2],11
fold_3/sample_898/image.png,[0 0 0 0 0 0 0 0 1 1 1 2 2 2 2 2 2 2 2 2 2 2 2 2 2 2],11
fold_3/sample_899/image.png,"[0 0 0 0 0 0 0 0 0 0 0 0 0 0 0 0 0 0 0 0 0 0 0 0 0 0 0 0 0 0 0 0 0 0 0 0 0
 0 0 0 0 2]",6
fold_3/sample_900/image.png,[0 0 0 0 0 0 0 0 0 0 0 0 0 0 0 0 0 0 0 0 0 0 0 0 0 0 0 0 0 0 0 1],6
fold_3/sample_901/image.png,[0 0 0 0 0 0 0 0 0 0 0 0 0 0 0 0 0 0 0 0 0 0 0 0 0 0 2 2 2],6
fold_3/sample_902/image.png,"[0 0 0 0 0 0 0 0 0 0 0 0 0 0 0 0 0 0 0 0 0 0 0 0 0 0 0 0 0 0 0 0 0 0 0 0 0
 0 0 0 0 0 0 0 0 0 0 0 0 0]",6
fold_3/sample_903/image.png,"[0 0 0 0 0 0 0 0 0 0 0 0 0 0 0 0 0 0 0 0 0 0 0 0 0 0 0 0 0 0 0 0 0 0 0 0 0
 0 0 0]",6
fold_3/sample_904/image.png,"[0 0 0 0 0 0 0 0 0 0 0 0 0 0 0 0 0 0 0 0 0 0 0 0 0 0 0 0 0 0 0 0 0 0 0 0 0
 0 0 0 0]",6
fold_3/sample_905/image.png,"[0 0 0 0 0 0 0 0 0 0 0 0 0 0 0 0 0 0 0 0 0 0 0 0 0 0 0 0 0 0 0 0 0 0 0 0 0
 0 0 0 0 0 0 0 0 2 2]",6
fold_3/sample_906/image.png,"[0 0 0 0 0 0 0 0 0 0 0 0 0 0 0 0 0 0 0 0 0 0 0 0 0 0 0 0 0 0 0 0 0 0 0 0 0
 0 0 0 0 0]",6
fold_3/sample_907/image.png,"[0 0 0 0 0 0 0 0 0 0 0 0 0 0 0 0 0 0 0 0 0 0 0 0 0 0 0 0 0 0 0 0 0 0 0 0 0
 0 0 0 0 0 0 2]",6
fold_3/sample_908/image.png,"[0 0 0 0 0 0 0 0 0 0 0 0 0 0 0 0 0 0 0 0 0 0 0 0 0 0 0 0 0 0 0 0 0 0 0 0 0
 0 0 0 0 0 0 0 0 0]",6
fold_3/sample_909/image.png,"[0 0 0 0 0 0 0 0 0 0 0 0 0 0 0 0 0 0 0 0 0 0 0 0 0 0 0 0 0 0 0 0 0 0 0 0 0
 0 0 0 0 0 0 0 0 0 0 0 0 0 0 2]",6
fold_3/sample_910/image.png,"[0 0 0 0 0 0 0 0 0 0 0 0 0 0 0 0 0 0 0 0 0 0 0 0 0 0 0 0 0 0 0 0 0 0 0 0 0
 0 0 0 0 0 0 0 0 0 0 0 0]",6
fold_3/sample_911/image.png,"[0 0 0 0 0 0 0 0 0 0 0 0 0 0 0 0 0 0 0 0 0 0 0 0 0 0 0 0 0 0 0 0 0 0 0 0 0
 0 0 0 0 0 1]",6
fold_3/sample_912/image.png,"[0 0 0 0 0 0 0 0 0 0 0 0 0 0 0 0 0 0 0 0 0 0 0 0 0 0 0 0 0 0 0 0 0 0 0 0 0
 0 0 0 0 0 0 0 0 0 0 0 0]",6
fold_3/sample_913/image.png,"[0 0 0 0 0 0 0 0 0 0 0 0 0 0 0 0 0 0 0 0 0 0 0 0 0 0 0 0 0 0 0 0 0 0 0 0 0
 0 0 0 0 0 0 0 0]",6
fold_3/sample_914/image.png,"[0 0 0 0 0 0 0 0 0 0 0 0 0 0 0 0 0 0 0 0 0 0 0 0 0 0 0 0 0 0 0 0 0 0 0 0 0
 0 0 0 0 0 0 0 0 0 0 0]",6
fold_3/sample_915/image.png,"[0 0 0 0 0 0 0 0 0 0 0 0 0 0 0 0 0 0 0 0 0 0 0 0 0 0 0 0 0 0 0 0 0 0 0 0 0
 0 0 0 0 0 0]",6
fold_3/sample_916/image.png,"[0 0 0 0 0 0 0 0 0 0 0 0 0 0 0 0 0 0 0 0 0 0 0 0 0 0 0 0 0 0 0 0 0 0 0 0 0
 0 0 0]",6
fold_3/sample_917/image.png,"[0 0 0 0 0 0 0 0 0 0 0 0 0 0 0 0 0 0 0 0 0 0 0 0 0 0 0 0 0 0 0 0 0 0 0 0 0
 0 0 0 0 0 0 0 0 0]",6
fold_3/sample_918/image.png,[2 2 2],6
fold_3/sample_919/image.png,[2 2 2 2 2 2 2 2 2 2],6
fold_3/sample_920/image.png,[2 2],6
fold_3/sample_921/image.png,[2 2 2 2],6
fold_3/sample_922/image.png,[2 2 2 2 2 2 2],6
fold_3/sample_923/image.png,[2 2 2 2 2 2 2 2 2],6
fold_3/sample_924/image.png,[2 2],6
fold_3/sample_925/image.png,[2 2 2 2 2],6
fold_3/sample_926/image.png,[2 2 2],6
fold_3/sample_927/image.png,[2 2 2 2],6
fold_3/sample_928/image.png,[2 2 2],6
fold_3/sample_929/image.png,"[0 0 0 0 0 0 0 0 0 0 0 0 0 0 0 0 0 0 0 0 0 0 0 0 0 0 0 0 0 0 0 0 0 0 0 0 0
 0 0 0 0 0 0 0 0 0 0 0 0 0 1 2 3 3 3 3 3 3 3 3 3 3 3 3 3 3 3 3 3 3 3 3 3 3
 3 3 3 3 3]",10
fold_3/sample_930/image.png,"[0 0 0 0 0 0 0 0 0 0 0 0 0 0 0 0 0 0 0 0 0 0 0 0 0 0 0 0 0 0 0 0 0 0 0 0 0
 0 0 0 0 0 0 0 2 2 2 2 2 2 2 2 2 2 2 2 2 2 2 2 2 2 2 2 2 2 2 2 2 2 2 2 2 2
 2 2 2 3 3 3 3 3 3 3 3 3 3 3 3 3 3 3 3]",10
fold_3/sample_931/image.png,"[0 0 0 0 0 0 0 0 0 0 0 0 0 0 0 0 0 0 0 0 0 0 0 0 0 0 0 0 0 0 0 0 0 0 0 0 0
 0 0 0 0 0 0 0 0 0 0 0 0 0 0 0 0 0 0 0 0 0 2 2 2 2 2 2 2 2 3 3 3 3 3 3 3 3
 3 3 3 3 3 3 3 3 3 3 3]",10
fold_3/sample_932/image.png,"[0 0 0 0 0 0 0 0 0 0 0 0 0 0 0 0 0 0 0 0 0 0 0 0 0 0 0 0 0 0 0 0 2 2 2 2 2
 2 2 2 2 2 2 2 2 2 2 2 2 2 2 2 2 2 2 2 2 2 2 2 2 2 3 3 3 3 3 3 3 3 3 3 3 3
 3 3 3 3 3 3 3 3 3 3 3]",10
fold_3/sample_933/image.png,"[0 0 0 0 0 0 0 0 0 0 0 0 0 0 0 2 2 2 2 2 2 2 2 2 2 2 2 2 2 3 3 3 3 3 3 3 3
 3 3 3 3 3 3 3 3 3 3 3 3 3 3 3 3 3 3 3 3 3 3 3 3 3 3 3 3 3 3 3 3]",10
fold_3/sample_934/image.png,"[0 0 0 0 0 0 0 0 0 0 0 0 0 0 0 0 0 0 0 0 0 0 0 0 0 2 2 2 2 2 2 2 2 2 2 2 2
 2 3 3 3 3 3 3 3 3 3 3 3 3 3 3 3 3 3 3 3 3 3 3 3 3 3 3 3 3 3 3 3 3 3 3 3 3
 3 3 3]",10
fold_3/sample_935/image.png,"[0 0 0 0 0 0 0 0 0 0 0 0 0 0 0 0 0 0 0 0 0 0 0 0 0 0 0 0 2 2 2 2 2 2 3 3 3
 3 3 3 3 3 3 3 3 3 3 3 3 3 3 3 3 3 3 3 3 3 3 3 3 3 3 3 3 3 3 3 3 3 3 3 3 3
 3 3 3 3]",10
fold_3/sample_936/image.png,"[0 0 0 0 0 0 0 0 0 0 0 0 0 0 0 0 0 0 0 0 0 0 0 0 0 0 0 0 2 2 2 2 2 2 2 2 2
 2 2 2 2 2 2 2 2 2 2 3 3 3 3 3 3 3 3 3 3 3 3 3 3 3 3 3 3 3 3 3]",10
fold_3/sample_937/image.png,"[0 0 0 0 2 2 2 2 2 2 2 2 2 3 3 3 3 3 3 3 3 3 3 3 3 3 3 3 3 3 3 3 3 3 3 3 3
 3 3 3 3 3 3 3 3 3 3 3 3 3 3 3 3]",10
fold_3/sample_938/image.png,"[0 0 0 0 0 0 0 0 0 0 1 1 1 1 1 1 1 2 2 2 2 2 2 2 2 2 2 2 2 2 2 2 2 2 2 2 2
 2 2 2 2 2 2 2 3 3 3 3 3 3 3 3 3 3 3 3 3 3 3 3 3 3 3 3 3 3 3 3 3 3 3 3 3 3
 3 3 3 3 3]",10
fold_3/sample_939/image.png,"[0 0 0 0 0 0 0 0 0 0 0 0 0 0 0 0 0 0 0 0 0 0 0 0 1 1 1 1 2 2 2 2 2 2 2 2 2
 2 2 2 3 3 3 3 3 3 3 3 3 3 3 3 3 3 3 3 3 3 3 3 3 3 3 3 3 3 3 3 3 3 3 3 3 3
 3 3 3]",10
fold_3/sample_940/image.png,"[0 0 0 0 0 0 0 0 0 0 0 0 0 0 0 0 0 0 0 0 0 0 0 0 0 0 0 0 0 0 0 0 0 2 2 2 2
 2 2 2 2 3 3 3 3 3 3 3 3 3 3 3 3 3 3 3 3 3 3 3 3 3 3 3 3 3 3 3 3 3 3 3 3 3
 3]",10
fold_3/sample_941/image.png,"[0 0 0 0 0 0 0 0 0 0 0 0 0 0 0 0 0 0 0 0 0 0 0 0 0 0 0 2 2 2 2 2 2 2 2 2 2
 2 2 2 2 2 2 2 2 2 3 3 3 3 3 3 3 3 3 3 3 3 3 3 3 3 3 3 3 3 3 3 3 3 3]",10
fold_3/sample_942/image.png,"[0 0 0 0 0 0 0 0 0 0 1 1 1 1 2 2 2 2 2 2 2 2 2 2 2 2 3 3 3 3 3 3 3 3 3 3 3
 3 3 3 3 3 3 3 3 3 3 3 3 3 3 3 3 3 3 3 3 3 3 3 3 3 3 3 3 3 3 3 3 3 3 3 3 3
 3 3 3 3 3 3 3 3 3 3]",10
fold_3/sample_943/image.png,"[0 0 0 0 0 0 0 0 0 0 0 0 0 0 0 0 0 0 0 0 0 0 0 0 0 0 0 0 0 0 0 0 0 0 0 0 0
 0 0 0 0 0 0 0 0 0 0 0 0 0 0 0 0 0 0 0 0 0 0 0 0 0 0 0 1 1 1 2 2 2 2 2 2 2
 2 2 2 2 3 3 3 3]",10
fold_3/sample_944/image.png,[0 0 0 0 0 0 0 0 0 0 0 2 2 2 2 2 2 2 2 2 2 2],10
fold_3/sample_945/image.png,[0 0 0 0 0 0 0 0 0 0 0 0 0 0 0 0 0 0 0 0 2 2 2 2 2 2 2 2],10
fold_3/sample_946/image.png,[0 0 0 0 0 0 0 0 0 0 0 0 0 0 0 0 0 0 0 0 0 0 0 0 0 0 0 0 0 0 0 0 0 0],10
fold_3/sample_947/image.png,[0 0 0 0 0 0 0 0 0 0 0 0 0 0 0 0 0 0 0 0 0 0 0 0 0 0 0 0],10
fold_3/sample_948/image.png,[0 0 0 0 0 0 0 0 0 0 0 0 0 0 0 0 0 0 0 0],10
fold_3/sample_949/image.png,[0 0 0 2 2 2 2 2 2 2],10
fold_3/sample_950/image.png,[0 0 0 0 0 0 0 1 2 2 2 2 2 2 2 2 2 2 2 2 2 2 2 2 2 2 2 2],10
fold_3/sample_951/image.png,[0 0 0 0 0 0 0 0 0 0 0 0 0 0 0 0 0 0 0 2 2 2 2 2 2 2 2 2 2 2],10
fold_3/sample_952/image.png,[0 0 0 0 0 0 0 0 0 0 0 0 0 0 0 0 0 2 2 2 2 2 2 2 2],10
fold_3/sample_953/image.png,[0 0 0 0 0 0 0 0 0 0 0 0 1 2 2 2 2 2],10
fold_3/sample_954/image.png,[0 0 0 0 0 0 0 0 0 0 0 0 0 0 0 0 0 0 0 0 0 0 0 0 0 0 0 0],10
fold_3/sample_955/image.png,[0 0 0 0 0 0 0 0 0 0 0 0 0 0 0 0 0 0 0 0 0 0 0 0 0 0 2 2 2 2 2],10
fold_3/sample_956/image.png,"[0 0 0 0 0 0 0 0 0 0 0 0 0 0 0 0 0 0 0 0 0 0 0 0 0 0 0 0 0 0 0 0 0 0 0 0 0
 0 0 0 0 0 0 0 2]",18
fold_3/sample_957/image.png,"[0 0 0 0 0 0 0 0 0 0 1 1 1 1 2 2 2 2 2 2 2 2 2 2 2 2 2 2 2 2 2 2 2 2 2 2 2
 2 2 2 2 2 2 2 2 2 2 2 2]",18
fold_3/sample_958/image.png,"[0 0 0 0 0 0 0 0 0 0 0 0 0 0 0 0 0 0 0 0 0 1 1 1 1 1 1 1 1 1 1 2 2 2 2 2 2
 2 2 2 2 2 2 2 2 2 2 2 2 2 2 2 2 2 2 2 2 2 2 2]",18
fold_3/sample_959/image.png,"[0 0 0 0 0 0 0 0 0 0 0 0 0 0 0 0 0 0 0 0 0 0 0 0 0 0 0 0 0 0 0 0 0 0 0 0 0
 0 0 0 0 0 0 0 0 0 0 0 0 0 1 1 1 1 1 1 1 1 1 1 1 2 2 2 2 2 2 2 2]",18
fold_3/sample_960/image.png,"[0 0 0 0 0 0 0 0 0 0 0 0 0 0 0 0 0 0 0 0 0 0 0 0 0 0 0 0 0 0 0 0 0 0 0 0 0
 0 0 0 0 0 1]",18
fold_3/sample_961/image.png,[0 0 0 0 0 0 0 0 0 0 0 0 0 0 0 0 0 0 0 0 0 0 0 0 0 0 0 0 0 0 0 0 0 0 1],18
fold_3/sample_962/image.png,"[0 0 0 0 0 0 0 0 0 0 0 0 0 0 0 0 0 0 0 0 0 0 0 0 0 0 0 0 0 0 0 0 0 0 0 0 0
 0 0 0 0 0 0 0 0 0 0 0]",18
fold_3/sample_963/image.png,"[0 0 0 0 0 0 0 0 0 0 0 0 0 0 0 0 0 0 0 0 0 0 0 0 0 0 0 0 0 0 0 0 0 0 0 0 0
 0 0 0 0 0 0 0 0 0 0 0 0 0 0 0 0 0 0 0 0 0 1 1 1 1 1 1 1 1 1 1 1 2 2 2 2 2
 2 2 2 2 2 2]",18
fold_3/sample_964/image.png,"[0 0 0 0 0 0 0 0 0 0 0 0 0 0 0 0 0 0 0 0 0 0 0 0 0 0 0 1 1 1 1 1 1 2 2 2 2
 2 2 2 2 2 2 2 2 2 2 2 2 2 2 2 2 2 2 2 2 2 2 2 2 2 2 2 2 2 2 2 2 2 2 2 2]",18
fold_3/sample_965/image.png,"[0 0 0 0 0 0 0 0 0 0 0 0 0 0 0 0 0 0 0 0 0 0 0 0 0 0 0 0 0 0 0 0 0 0 0 0 1
 1 1 1 1 1 1 1 1 1 1 2 2 2 2 2 2 2 2 2 2 2 2 2 2 2 2 2 2 2 2]",18
fold_3/sample_966/image.png,"[0 0 0 0 0 0 0 0 0 0 0 0 0 0 0 0 0 0 0 0 0 0 0 0 0 0 0 0 0 0 0 0 0 1 1 1 1
 1 1 1 1 1 1 1 1 1 1 1 1 1 2 2 2 3 3 3 3 3 3 3 3 3]",18
fold_3/sample_967/image.png,[0 0 0 0 0 0 0 0 0 0 0 0 0 0 0 0 0 0 0 0 0 0 0 0 0 0 0 0 2 2 2],18
fold_3/sample_968/image.png,[0 0 0 0 0 0 0 0 0 0 0 0 0 0 0 0 0 0 0 0 0 0 0 0 0 0 0 0],18
fold_3/sample_969/image.png,"[0 0 0 0 0 0 0 0 0 0 0 0 0 0 0 0 0 0 0 0 0 0 0 2 2 2 2 2 2 2 2 2 2 2 2 2 2
 2 2 2]",18
fold_3/sample_970/image.png,"[0 0 0 0 0 0 0 0 0 0 0 0 0 0 0 0 0 0 0 0 0 0 0 0 0 0 0 0 0 0 0 0 0 0 0 0 0
 0 2 2 2 2 2 2 2 2 3]",18
fold_3/sample_971/image.png,"[0 0 0 0 0 0 0 0 0 0 0 0 0 0 0 0 0 0 0 0 0 0 0 0 0 0 0 0 0 0 0 0 0 0 0 0 0
 0 1 2 2 2 2 2 2 2 2 2 3]",18
fold_3/sample_972/image.png,"[0 0 0 0 0 0 0 0 0 0 0 0 0 0 0 0 0 0 0 0 0 0 0 0 0 0 0 0 0 0 0 0 0 0 0 0 0
 0 0 0 0 0 0 0 0 0 0 0 0 0 0 0 0 0 0 0 0 0 0 1 2]",18
fold_3/sample_973/image.png,[0 0 0 0 0 0 0 0 0 0 0 0 0 0 0 0 0 0 0 0 0 0 0 0 0 0 0 3 3 3 3 3],18
fold_3/sample_974/image.png,"[0 0 0 0 0 0 0 0 0 0 0 0 0 0 0 0 0 0 0 0 0 0 0 0 0 0 0 0 0 0 0 0 0 0 0 0 0
 0 0 0 0 0 0 1 1 1]",18
fold_3/sample_975/image.png,"[0 0 0 0 0 0 0 0 0 0 0 0 0 0 0 0 0 0 0 0 0 0 0 0 0 0 0 0 0 0 0 0 0 0 0 0 0
 0 0 0 0 0 0 0 0 0 0 1 1 1 1]",18
fold_3/sample_976/image.png,[0 0 0 0 0 0 0 0 0 0 0 0 0 0 0 0 0 0 0 0 0 0 0 0 0 0 0 0 0 0 0 1 2 2 3 3],18
fold_3/sample_977/image.png,[0 0 0 0 0 0 0 0 0 0 0 0 0 0 0 0 0 0 0 0 0 0 0 0 0 0 0 0 0 0 0 0 0],18
fold_3/sample_978/image.png,[0 0 0 0 0 0 0 0 0 0 0 0 0 0 0 0 0 0 0 0 0 0 0 0 0 2 3 3 3],18
fold_3/sample_979/image.png,"[0 0 0 0 0 0 0 0 0 0 0 0 0 0 0 0 0 0 0 0 0 0 0 0 0 0 0 0 0 0 0 0 0 0 0 0 0
 0 0 1 1 1 1 2 3 3 3]",18
fold_3/sample_980/image.png,"[0 0 0 0 0 0 0 0 0 0 0 0 0 0 0 0 0 0 0 0 0 0 0 0 0 0 0 0 0 0 0 0 0 0 0 0 0
 0 0 0 0 0 0 0 1 1 1 1 3 3 3]",18
fold_3/sample_981/image.png,"[0 0 0 0 0 0 0 0 0 0 0 0 0 0 0 0 0 0 0 0 0 0 0 0 0 0 0 0 0 0 0 0 0 0 0 0 0
 0 0 0 0 0 0 0 1 1]",18
fold_3/sample_982/image.png,[0 0 0 0 0 0 0 0 0 0 0 0 0 0 0 0 0 0 0 0 0 0 0 0 0 0 0 0 0 0 0 0 0 0 0 0],18
fold_3/sample_983/image.png,"[0 0 0 0 0 0 0 0 0 0 0 0 0 0 0 0 0 0 0 0 0 0 0 0 0 0 0 0 0 0 0 0 0 3 3 3 3
 3 3 3 3 3 3 3 3 3 3 3 3 3 3]",18
fold_3/sample_984/image.png,"[0 0 0 0 0 0 0 0 0 0 0 0 0 0 0 0 0 0 0 0 0 0 0 0 0 0 0 0 0 0 0 0 0 0 0 0 0
 0 0 0 0 0 0 0 0 0 0 0 1]",18
fold_3/sample_985/image.png,"[0 0 0 0 0 0 0 0 0 0 0 0 0 0 0 0 0 0 0 0 0 0 0 0 0 0 0 0 0 0 0 0 0 0 0 0 0
 0 0 0 2 3 3 3 3 3 3 3]",18
fold_3/sample_986/image.png,"[0 0 0 0 0 0 0 0 0 0 0 0 0 0 0 0 0 0 0 0 0 0 0 0 0 0 0 0 0 0 0 0 0 0 0 0 0
 0 0 3 3 3 3]",18
fold_3/sample_987/image.png,"[0 0 0 0 0 0 0 0 0 0 0 0 0 0 0 0 0 0 0 0 0 0 0 0 0 0 0 0 0 0 0 0 0 0 0 0 0
 0 0 0 0 0 0 0 0 0 0 0 1 1 1 2 3 3 3]",18
fold_3/sample_988/image.png,"[0 0 0 0 0 0 0 0 0 0 0 0 0 0 0 0 0 0 0 0 0 0 0 0 0 0 0 0 0 0 0 0 0 0 0 0 0
 3 3 3 3 3 3 3 3 3 3 3]",18
fold_3/sample_989/image.png,"[0 0 0 0 0 0 0 0 0 0 0 0 0 0 0 0 0 0 0 0 0 0 0 0 0 0 0 0 0 0 0 0 0 0 0 0 0
 0 0 0 0 1]",18
fold_3/sample_990/image.png,[0 0 0 0 0 0 0 0 0 0 0 0 0 0 0 0 0 0 0 0 0 0 0 0 0 0 0 0 0 0 0 3 3 3],18
fold_3/sample_991/image.png,"[0 0 0 0 0 0 0 0 0 0 0 0 0 0 0 0 0 0 0 0 0 0 0 0 0 0 0 0 0 0 0 0 0 0 0 1 1
 1]",18
fold_3/sample_992/image.png,"[0 0 0 0 0 0 0 0 0 0 0 0 0 0 0 0 0 0 0 0 0 0 0 0 0 0 0 0 0 0 0 0 0 0 0 0 0
 0 0 0 0 0 0 0 0 0 0 0 0 0 0 0 0 2 3 3 3 3 3]",18
fold_3/sample_993/image.png,"[0 0 0 0 0 0 0 0 0 0 0 0 0 0 0 0 0 0 0 0 0 0 0 0 0 0 0 0 0 0 0 0 0 0 0 0 0
 0 0 0 0 3 3 3 3 3 3 3]",18
fold_3/sample_994/image.png,"[0 0 0 0 0 0 0 0 0 0 0 0 3 3 3 3 3 3 3 3 3 3 3 3 3 3 3 3 3 3 3 3 3 3 3 3 3
 3 3 3 3 3 3]",18
fold_3/sample_995/image.png,"[0 0 0 0 0 0 0 0 0 0 0 0 0 0 0 0 0 0 0 0 0 0 0 0 0 1 1 1 3 3 3 3 3 3 3 3 3
 3 3]",18
fold_3/sample_996/image.png,[0 0 0 0 0 0 0 0 0 0 0 0 0 0 0 0 0 0 0 0 0 0 0 0 0 0 0 0 0 0 0 0 1 2],18
fold_3/sample_997/image.png,"[0 0 0 0 0 0 0 0 0 0 0 0 0 0 0 0 0 0 0 0 0 0 0 0 3 3 3 3 3 3 3 3 3 3 3 3 3
 3 3 3]",18
fold_3/sample_998/image.png,"[0 0 0 0 0 0 0 0 0 0 0 0 0 0 0 0 0 0 0 0 0 0 0 0 0 0 0 0 0 0 0 0 0 0 0 0 0
 0 0 0 1 1 1 1 1 3]",18
fold_3/sample_999/image.png,"[0 0 0 0 0 0 0 0 0 0 0 0 0 0 0 0 0 0 0 0 0 0 0 0 0 0 0 0 0 0 0 0 0 0 0 0 0
 0 0 0 0 0 0 0 0 0]",18
fold_3/sample_1000/image.png,"[0 0 0 0 0 0 0 0 0 0 0 0 0 0 0 0 0 0 0 0 0 0 0 0 3 3 3 3 3 3 3 3 3 3 3 3 3
 3 3]",18
fold_3/sample_1001/image.png,[0 0 0 0 0 0 0 0 0 0 0 0 0 0 0 0 0 0 0 0 0 0 0 0 0 0 0 0 0 0 0 0 0 0 0 3 3],18
fold_3/sample_1002/image.png,"[0 0 0 0 0 0 0 0 0 0 0 0 0 0 0 0 0 0 0 0 0 0 0 0 0 0 0 0 0 0 0 0 0 0 0 0 0
 0 0 0 0 0 0 1 1]",18
fold_3/sample_1003/image.png,[0 0 0 0 0 0 0 0 0 0 0 0 0 0 0 0 0 0 0 0 0 0 0 0 0 0 0 0 0 0 0 0 1 3],18
fold_3/sample_1004/image.png,"[0 0 0 0 0 0 0 0 0 0 0 0 0 0 0 0 0 0 0 0 0 0 0 0 0 0 0 0 0 0 0 0 0 0 0 0 0
 0 0 0 0 0 0 0 0 0 0 0 0 0 0 0 0 0 0 0 0 0 0 0 0 0 0 0 0 0 0 0 0 0 0 0 0 0
 0 0 0 0 0 0 0 0 0 0 0 0 0 0 0 0 0 0 0 0 0 0 0 0 0 0 0 0 0 0 0 0 0 0 0 0 0
 0 1 1 1 1 1 1 1 1 1 1 1 1 1 1 1 1 1 1 1 2 2 2 2 2 2 2 2 2]",18
fold_3/sample_1005/image.png,"[0 0 0 0 0 0 0 0 0 0 0 0 1 1 1 1 1 1 1 1 1 1 1 1 1 1 1 1 1 1 1 1 1 1 1 1 1
 1 1 1 1 1 1 1 1 1 1 1 1 1 1 1 1 1 1 1 1 1 1 1 1 1 1 1 1 1 1 1 1 1 1 1 1 1
 1 1 1 1 1 1 1 1 1 1 1 1 1 1 1 1 1 1 1 1 1 1 1 1 1 1 1 1 1 1 1 1 1 1 1 1 1
 1 1 1 1 1 1 1 1 1 1 1 1 1 1 1 1 1 1 1 1 1 1 1 1 1 1 1 1 1 1 1 1 1 1 1 1 1
 2 2 2 2 2 2 2 2 2 2 2 2 2 2 2 2 2 2 2 2 2 2 2 2 2 2 2 2 2 2 2 2 2 2 2 2 2
 2 2 2 2 2 2 2 2 2 2 2 2 2 2 2 2 2 2 2 2 2 2 2 2 2 2 2 2 2]",18
fold_3/sample_1006/image.png,"[0 0 0 0 0 0 0 0 0 0 0 0 0 0 0 0 0 0 0 0 0 0 0 0 0 0 0 0 0 0 0 0 0 0 0 0 0
 0 0 0 0 0 0 0 0 1 1 1 1 1 1 2 2 2 2 2 2 2 2 2 2 2 2 2 2 2 2 2 2 2 2 2 2 2
 2 2 2 2 2 2 2 2 2 2 2 2 2 2 2 2 2 2 2 2 2]",18
fold_3/sample_1007/image.png,"[1 1 1 1 1 1 1 1 1 1 1 1 1 1 1 1 1 1 1 1 1 1 1 1 1 1 1 1 1 1 1 1 1 1 1 1 1
 1 1 1 1 1 1 1 1 1 1 1 1 1 1 1 1 1 1 1 1 1 1 1 1 1 1 1 1 1 1 1 1 1 1 2 2 2
 2 2 2 2 2 2 2 2 2 2 2 2 2 2 2 2 2 2 2 2 2 2 2 2 2 2 2 2 2 2 2 2 2 2 2 2 2
 2 2 2 2 2 2 2 2 2 2 2 2 2 2 2 2 2 2 2 2 2 2 2 2 2 2 2 2 2 2 2 2 2 2 2 2 2
 2 2 2 2 2 2 2 2 2 2 2 2 2 2 2 2 2 2 2 2 2 2 2 2 2 2 2 2 2 4 4 4 4 4 4 4 4
 4]",18
fold_3/sample_1008/image.png,[0 1 1 1 1 1 1 1 1 1 1 1 1 1 1 1 1 1 1 1 1 1 1 1 1 1 1 1 1 2 2 2 2 2 2 2 2],17
fold_3/sample_1009/image.png,[0 0 0 0 0 0 0 0 0 0 0 0 0 0 0 0 0 0 0 0 2 2 2],17
fold_3/sample_1010/image.png,[0 1 1 1 2 2 2 2 2 2 2 2 2 2 2 2 2 2 2 2],17
fold_3/sample_1011/image.png,[0 0 1 1 1 1 1 1 1 1 1 1 1 2 2 2 2 2 2 2 2 2 2 2 2 2],17
fold_3/sample_1012/image.png,[1 1 1 1 1 1 2 2 2 2 2 2 2],17
fold_3/sample_1013/image.png,[1 1 1 1 1 1 1 1 1 2 2 2 2 2 2 2 2 2 2 2 2 2 2],17
fold_3/sample_1014/image.png,[0 1 1 1 1 1 1 1 1 2 2 2 2 2 2 2 2 2 2 2 2 2 2],17
fold_3/sample_1015/image.png,[1 1 1 2 2 2 2 2 2 2 2 2 2 2 2 2 2 2 2 2 2 2 2],17
fold_3/sample_1016/image.png,[],17
fold_3/sample_1017/image.png,[0 0 0 0 0 0 0 0 0 0 0 0 0 0 0 0 0 0 0 0 0 2 2],14
fold_3/sample_1018/image.png,"[1 1 1 1 1 1 1 1 1 1 1 1 1 1 1 1 1 1 1 1 1 1 1 1 1 1 1 1 1 1 1 1 1 1 1 1 1
 1 1 1 1 1 1 1 1 1 1 1 1 1 1 1 1 1 1 1 1 1 1 1 1 1 1 1 1 1 1 1 1 1 1 1 1 1
 1 1 2 2 2]",14
fold_3/sample_1019/image.png,"[1 1 1 1 1 1 1 1 1 1 1 1 1 1 1 1 1 1 1 1 1 1 1 1 1 1 1 1 1 1 1 1 1 1 1 1 1
 1 1 1 1 1 1 1 1 1 1 1 1 1 1 1 1 1 1 1 1 1 1 2 2 2 2 2 2]",14
fold_3/sample_1020/image.png,[2 2 2 2 2 2 2 2 2 2 2 4 4 4],14
fold_3/sample_1021/image.png,"[4 4 4 4 4 4 4 4 4 4 4 4 4 4 4 4 4 4 4 4 4 4 4 4 4 4 4 4 4 4 4 4 4 4 4 4 4
 4 4]",14
fold_3/sample_1022/image.png,[4 4 4 4 4 4 4 4 4 4 4 4 4 4 4 4 4 4 4 4 4],4
fold_3/sample_1023/image.png,[4],4
fold_3/sample_1024/image.png,[4 4 4 4],4
fold_3/sample_1025/image.png,[4 4 4 4 4 4 4],4
fold_3/sample_1026/image.png,"[1 2 2 2 2 2 2 2 2 2 2 2 4 4 4 4 4 4 4 4 4 4 4 4 4 4 4 4 4 4 4 4 4 4 4 4 4
 4 4]",4
fold_3/sample_1027/image.png,"[1 1 1 1 1 2 2 2 2 2 2 2 2 2 2 2 2 2 2 2 2 2 2 2 2 2 2 2 2 2 2 2 2 2 2 2 2
 2 2 2 2 2]",4
fold_3/sample_1028/image.png,"[1 1 1 1 1 1 1 2 2 2 2 2 2 2 2 2 2 2 2 2 2 2 2 2 2 2 2 2 2 2 2 2 2 2 2 2 2
 2 2 2 2 2 4 4 4 4 4 4 4 4 4 4 4]",4
fold_3/sample_1029/image.png,"[1 1 1 2 2 2 2 2 2 2 2 2 2 2 2 2 2 2 2 2 2 2 2 2 2 2 2 2 2 2 2 2 2 2 2 2 2
 2 2 2 2 2 2 2 2]",4
fold_3/sample_1030/image.png,[1 1 2 2 2 2 2 2 2 2 2 2],17
fold_3/sample_1031/image.png,[1 1 2 2 2 2],17
fold_3/sample_1032/image.png,[1 1 2 2 2 2 2 2 2 2],17
fold_3/sample_1033/image.png,[2 2 2 2 2 2 2],17
fold_3/sample_1034/image.png,[2 2 2 2 2 2 2 2 2],17
fold_3/sample_1035/image.png,[2 2 2 2 2 2],17
fold_3/sample_1036/image.png,[1 1 2 2 2 2 2],17
fold_3/sample_1037/image.png,[2 2 2],17
fold_3/sample_1038/image.png,[0 0 0 0 0 0 0 0 0 0 0 0 0 0 0 0 0 0 0 0 0 0 0 0 0 0 2 2 2 2 2 2 2 2 2 2],17
fold_3/sample_1039/image.png,[1 1 2 2 2 2 2],17
fold_3/sample_1040/image.png,[0 0 0 0 0 0 0 0 0 0 0 0 0 0 0 0 0 0 0 0 0 0 0 0 0 0 0 2 2],17
fold_3/sample_1041/image.png,[2 2 2],17
fold_3/sample_1042/image.png,[0 0 0 0 0 0 0 0 0 0 0 0 0 0 0 0 0 0 0 1 1 1 2 2 2 2 2 2],17
fold_3/sample_1043/image.png,[2 2 2 2 2],6
fold_3/sample_1044/image.png,[2 2 2 2 2 2 2 2 2 2 2 2 2 2],6
fold_3/sample_1045/image.png,[2 2 2 2 2 2 2 2 2 2],6
fold_3/sample_1046/image.png,[2 2 2 2 2 2 2 2 2 2 2 2 2 2 2 2 2],6
fold_3/sample_1047/image.png,[2 2 2 2 2 2 2 2 2 2 2 2],6
fold_3/sample_1048/image.png,[2 2 2 2 2 2 2 2 2 2 2],6
fold_3/sample_1049/image.png,[2 2 2 2 2 2 2 2 2 2 2 2],6
fold_3/sample_1050/image.png,[2 2 2 2 2 2 2 2 2 2 2 2 2 2],6
fold_3/sample_1051/image.png,[2 2 2 2 2],6
fold_3/sample_1052/image.png,[1 1 2 2 2 2 2 2 2 2 2 2 2 2 2 2 2 2],6
fold_3/sample_1053/image.png,[2 2 2 2 2 2 2 2 2 2 2 2 2 2 2 2],6
fold_3/sample_1054/image.png,[2 2 2 2 2 2 2 2 2 2 2 2],6
fold_3/sample_1055/image.png,[2 2 2 2 2 2 2 2 2 2 2 2 2 2],6
fold_3/sample_1056/image.png,[2 2 2 2 2 2 2 2 2 2 2],6
fold_3/sample_1057/image.png,[0 0 0 0 0 0 0 0 0 0 0 0 0 0 0 0 0 0 0 0 0 2 2 2 2],6
fold_3/sample_1058/image.png,[0 0 0 0 0 0 0 0 0 0 0 0 0 0 0 0 0 0 0 0 0 0 0 0 0 0 0 0 0 0 2 2 2],6
fold_3/sample_1059/image.png,[0 0 0 0 0 0 0 0 0 0 0 0 0 0 0 0 0 0 0 0 0 0 0 0 0 0 0 0 0 0 0 0 0],6
fold_3/sample_1060/image.png,[0 0 0 0 0 0 0 0 0 0 0 0 0 0 0 0 0 0 0 0 0 0 0 0 0 0 0 0 0 0 2 2],6
fold_3/sample_1061/image.png,[0 0 0 0 0 0 0 0 0 0 0 0 0 0 0 0 0 0 0 0 0 0 0 0 0 0 0 0 0 0 0 2],6
fold_3/sample_1062/image.png,"[0 0 0 0 0 0 0 0 0 0 0 0 0 0 0 0 0 0 0 0 0 0 0 1 1 2 2 2 2 2 2 2 3 3 3 3 3
 3 3 3 3 3 3]",6
fold_3/sample_1063/image.png,"[0 0 0 0 0 0 0 0 0 0 0 0 0 0 0 0 0 0 0 0 0 0 0 0 0 0 0 0 0 0 0 0 0 0 0 0 1
 2 2 2 2 2 2]",6
fold_3/sample_1064/image.png,[0 0 0 0 0 0 0 0 0 0 0 0 0 0 0 0 0 0 0 0 0 0 0 0 0 0 0 2 2],6
fold_3/sample_1065/image.png,[0 0 0 0 0 0 0 0 0 0 0 0 0 0 0 0 0 0 0 0 0 0 0 0 0 0 0 0 0],6
fold_3/sample_1066/image.png,"[0 0 0 0 0 0 0 0 0 0 0 0 0 0 0 0 0 0 0 0 0 0 0 0 0 0 0 0 0 0 0 0 0 0 0 0 2
 2]",6
fold_3/sample_1067/image.png,"[0 0 0 0 0 0 0 0 0 0 0 2 2 2 2 2 2 2 2 2 2 2 2 2 2 2 2 2 2 2 2 2 2 2 2 2 2
 2 2]",6
fold_3/sample_1068/image.png,[0 0 0 0 0 0 0 0 0 0 0 0 0 0 0 0 0 0 0 0 0 0 0 0 0 2 2 2 2 2 2 2 2],6
fold_3/sample_1069/image.png,[0 0 0 0 0 0 0 0 0 0 0 0 0 0 0 0 0 0 0 0 0 0 0 0 0 0 2 2],6
fold_3/sample_1070/image.png,[0 0 0 0 0 0 0 0 0 0 0 0 0 0 0 0 0 0 0 0 2 2 2 2 2 2 2 2],6
fold_3/sample_1071/image.png,"[0 0 0 0 0 0 0 0 0 0 0 0 0 0 2 2 2 2 2 2 2 2 2 2 2 2 2 2 2 2 2 2 2 2 2 2 2
 2 2]",6
fold_3/sample_1072/image.png,[0 0 0 0 0 0 0 0 0 0 0 0 0 0 0 0 1 1 2 2 2 2 2 2 2 2 2 2 2 2 3 3 3 3],6
fold_3/sample_1073/image.png,"[0 0 0 0 0 0 0 0 0 0 0 0 0 0 0 0 0 0 0 0 0 0 0 0 0 0 0 0 0 0 2 2 2 2 2 2 2
 2 2 2 2 2 2 2 2 2 2 2]",6
fold_3/sample_1074/image.png,[0 0 0 0 0 0 0 0 0 0 0 0 0 2 2 2 2 3 3 3 3 3 3 3 3 3],6
fold_3/sample_1075/image.png,[0 0 0 0 0 0 0 0 0 0 0 0 0 0 0 0 0 0 0 1 2 2 2 2 2 2 2],6
fold_3/sample_1076/image.png,[],4
fold_3/sample_1077/image.png,[1],4
fold_3/sample_1078/image.png,[],4
fold_3/sample_1079/image.png,[],4
fold_3/sample_1080/image.png,[1 1 1],4
fold_3/sample_1081/image.png,[1],4
fold_3/sample_1082/image.png,[1],4
fold_3/sample_1083/image.png,[],4
fold_3/sample_1084/image.png,[1],4
fold_3/sample_1085/image.png,[],4
fold_3/sample_1086/image.png,[1 1 1],4
fold_3/sample_1087/image.png,[1 1 1 1 1 1 2],4
fold_3/sample_1088/image.png,[],4
fold_3/sample_1089/image.png,[1],4
fold_3/sample_1090/image.png,[1],4
fold_3/sample_1091/image.png,[1 2],4
fold_3/sample_1092/image.png,[1],4
fold_3/sample_1093/image.png,[0 0 0 0 0 0 0 0 0 0 0 0 0 0 0 0 0 0 0 0 2 2 2],0
fold_3/sample_1094/image.png,[0 0 0 0 0 0 0 0 0 0 0 0 0 0 0 0 0 0 0 0 0 0 0 0 1 2 2 2 2],0
fold_3/sample_1095/image.png,[0 0 0 0 0 0 0 0 0 0 0 0 0 0 0 0 0 0 0 0 0 0 0 0 0 1 1 1 1 2 2 2 2 2 2],0
fold_3/sample_1096/image.png,[0 0 0 0 0 0 0 0 0 0 0 0 0 0 0 0 0 0 0 0 0 0 0 0 0 0 0 0 0 2],0
fold_3/sample_1097/image.png,[0 0 0 0 0 0 0 0 0 0 0 0 0 0 0 0 0 0 0 0 0 0 0 2 2],0
fold_3/sample_1098/image.png,[0 0 0 0 0 0 0 0 0 0 0 0 0 0 0 0 0 1 2 2 2 2 2 2],0
fold_3/sample_1099/image.png,[0 0 0 0 0 0 0 0 0 0 0 0 0 0 0 1 2 2 2],0
fold_3/sample_1100/image.png,[0 0 0 0 0 0 0 0 0 0 0 0 2 2 2],0
fold_3/sample_1101/image.png,[0 0 0 0 0 0 0 0 0 0 0 0 0 0 0 0 0 0 0 0 0 0 0 0 0 2 2 2],0
fold_3/sample_1102/image.png,[0 0 2 2],0
fold_3/sample_1103/image.png,[0 0 0 0 0 0 0 0 0 0 0 0 0 0 0 0 0 0 0 0 0 0 0 0 0 0 1 2 2 2],0
fold_3/sample_1104/image.png,[0 0 0 0 0 0 0 0 0 0 0 0 0 0 0 0 0 0 0 0 0 0 2],0
fold_3/sample_1105/image.png,[0 0 0 0 0 2],0
fold_3/sample_1106/image.png,[0 0 0 0 0 0 0 0 1],0
fold_3/sample_1107/image.png,[0 0 0 0 0 0 0 0 0 0 0 0 1 2 2 2],0
fold_3/sample_1108/image.png,[0 0 0 0 0 0 0 0 0 0 0 2 2 2],0
fold_3/sample_1109/image.png,[0 0 0 0 0 0 0 0 0 0 0 0 0 0 2],0
fold_3/sample_1110/image.png,[0 0 0 0 0 0 0 0 0 0 2 2],0
fold_3/sample_1111/image.png,[0 0 0 0 0 0 0 0 0 0 0 2 2 2],0
fold_3/sample_1112/image.png,[0 0 0 0 0 0 0 0 0 0 1],0
fold_3/sample_1113/image.png,[0 0 0 0 0 0 0 0 0 0 0 0 2],0
fold_3/sample_1114/image.png,[0 0 0 0 0 0 0 0 0 0 0 0 0 0 0 0 2],0
fold_3/sample_1115/image.png,[0 0 0 0 0 0 0 0 0 0 2 2 2],0
fold_3/sample_1116/image.png,[0 0 0 0 0 0 2 2 2 2],0
fold_3/sample_1117/image.png,[0 0 0 0 0 0 0 0 2 2],0
fold_3/sample_1118/image.png,[0 0 0 0 0 0 0 0 0 0 2 2 2 2],0
fold_3/sample_1119/image.png,[0 0 0 0 0 0 0 0 0 2 2 2 2],0
fold_3/sample_1120/image.png,[0 0 0 0 0 0 0 0 0 0 1 1 2 2],0
fold_3/sample_1121/image.png,[0 0 0 0 0 0 0 0 0 0 0 2],0
fold_3/sample_1122/image.png,[0 0 0 0 0 0 0 0 2],0
fold_3/sample_1123/image.png,[0 0 0 0 0 0 2 2 2 2 2],0
fold_3/sample_1124/image.png,[0 0 0 0 0 0 0 0 0 0 0],0
fold_3/sample_1125/image.png,[0 0 0 0 0 0 0 0 0 0 0 0 0 2 2],0
fold_3/sample_1126/image.png,[0 0 0 0 0 0 0 0 0 0 0 0 0 0 0 0 0],0
fold_3/sample_1127/image.png,[0 0 0 0 0 0 0 0 0 0 0 0 0 0 0],0
fold_3/sample_1128/image.png,[0 0 0 0 0 0 0 0 0 0 0 2],0
fold_3/sample_1129/image.png,[0 0 0 0 0 0 0 0 0 0 0 0 0 0 0 0 0 0 0],0
fold_3/sample_1130/image.png,[0 0 0 0 0 0 0 0 0 0 0 0 0 0 0 0 0 0 0],0
fold_3/sample_1131/image.png,[0 0 0 0 0 0 0 0 0 0 0 0 0 0 0 2],0
fold_3/sample_1132/image.png,[0 0 0 0 0 0 0 0 0 0 0 0],0
fold_3/sample_1133/image.png,[0 0 0 0 0 0 0 0 0 0 0 0 0 0 2],0
fold_3/sample_1134/image.png,[0 0 0 0 0 0 0 0 0 0 0 0 0 0 0 0 0 0 2 2],0
fold_3/sample_1135/image.png,[0 0 0 0 0 0 2],0
fold_3/sample_1136/image.png,[0 0 0 0 0 0 0 0 0 0 2],0
fold_3/sample_1137/image.png,[0 0 0 0 0 0 0 0 0 0 2],0
fold_3/sample_1138/image.png,[0 0 0 0 0 0 0 0 0 0 0],0
fold_3/sample_1139/image.png,[0 0 0 0 0 0 0 2 2 2],0
fold_3/sample_1140/image.png,[0 0 0 0 0 0 0 2],0
fold_3/sample_1141/image.png,[0 0 0 0 0 0 0 0 0 0 0 0 0 0 0 0 0],0
fold_3/sample_1142/image.png,[0 0 0 0 0 0 0 0 0 0 0 0 0 0 0 0 2 2],0
fold_3/sample_1143/image.png,[0 0 0 0 0 0 0 0 0 0 0 0 0 0 0 1],0
fold_3/sample_1144/image.png,[0 0 0 0 0 0 0 0 0 0 0 0 0 0 0],0
fold_3/sample_1145/image.png,[0 0 0 0 0 0 0 0 0 0 0 0 0 2 2],0
fold_3/sample_1146/image.png,[0 0 0 0 0 0 0 0 0 0 0 0 0 0],0
fold_3/sample_1147/image.png,[0 0 0 0 0 0 0 0 0 0 0 0],0
fold_3/sample_1148/image.png,[0 0 0 0 0 0 0 0 0 0 0],6
fold_3/sample_1149/image.png,[0 0 0 0 0 0 0 0 0 0 0 0 0 0 0 0 0 0 2 2],6
fold_3/sample_1150/image.png,[0 0 0 0 0 0 0 0 0 0 0 0 1],6
fold_3/sample_1151/image.png,[0 0 0 0 0 0 0 0 0 0 0 0 0 0 0 0 2],6
fold_3/sample_1152/image.png,[0 0 0 0 0 0 0 0],6
fold_3/sample_1153/image.png,[0 0 0 0 0 0 0 0 0 0 0 0 2],6
fold_3/sample_1154/image.png,[0 0 0 0 0 0 0 0 1 2 2 2],6
fold_3/sample_1155/image.png,[0 0 0 0 0 0 0 0 0 0 0 0 0],6
fold_3/sample_1156/image.png,[0 0 0 0 0 0 0 0 2 2 2 2 2 2 2],6
fold_3/sample_1157/image.png,[0 0 0 0 0 0 0 0 0 0 0 0 0 0 0 0],6
fold_3/sample_1158/image.png,[0 0 0 0 0 0 0 0 0 0 1],6
fold_3/sample_1159/image.png,[0 0 0 0 0 0 0 0 0 0 0 2 2],6
fold_3/sample_1160/image.png,[0 0 0 0 0 0 0 0 0 0 0 0 0 0 0 0 2 2 2 2 2],6
fold_3/sample_1161/image.png,[0 0 0 0 0 0 0 0 0 0 0 1],6
fold_3/sample_1162/image.png,[0 0 0 0 0 0 0 0 0 0 0 0 0 0],6
fold_3/sample_1163/image.png,[2 2 2 2 2 2 2 2 2],6
fold_3/sample_1164/image.png,[2 2 2 2 2 2 2 2 2],6
fold_3/sample_1165/image.png,[1 1 1 2 2 2 2 2 4 4 4 4 4 4 4 4 4],6
fold_3/sample_1166/image.png,"[1 1 1 1 1 1 1 1 1 1 1 1 1 2 2 2 2 2 2 2 2 2 2 2 2 4 4 4 4 4 4 4 4 4 4 4 4
 4 4 4 4]",6
fold_3/sample_1167/image.png,"[1 1 1 1 1 1 1 1 1 1 1 1 1 1 1 1 1 1 1 1 1 2 2 2 2 2 2 4 4 4 4 4 4 4 4 4 4
 4 4 4 4 4 4]",6
fold_3/sample_1168/image.png,[1 2 2 4 4 4 4 4 4 4 4 4 4 4 4 4],6
fold_3/sample_1169/image.png,[2 2 4 4 4 4 4 4 4 4 4 4 4 4 4 4],6
fold_3/sample_1170/image.png,[2 2 2 2 2 2],6
fold_3/sample_1171/image.png,[0 0 0 0 0 0 0 0 0 0 0 0 0 0 0 0 0 0 0 0 0 0 0 0 0 2],6
fold_3/sample_1172/image.png,[0 0 0 0 0 0 0 2 2 2 2 2 2 2 2],6
fold_3/sample_1173/image.png,[0 0 0 0 0 0 0 0 0 0 0 0 0],6
fold_3/sample_1174/image.png,[0 0 0 0 0 0 0 0 0 0 0 0 0 0 0 0 0 0 0 0 0 0 0 0 0 0],6
fold_3/sample_1175/image.png,[0 0 0 0 0 0 0 0 0 0 0 0 0 0 0 0 0 0 0 0 0 0 0 0 0 0],6
fold_3/sample_1176/image.png,[0 0 0 0 0 0 0 0 0 0 0 0 0 0 2 2 2 2 2 2],6
fold_3/sample_1177/image.png,[0 0 0 0 0 0 0 0 0 0 0 0 0 0 0 0 0 0 0 0 0 0 0],6
fold_3/sample_1178/image.png,[0 0 0 0 2 2 2 2 2 2],6
fold_3/sample_1179/image.png,[0 0 0 0 0 0 0 0 0 0 0 0 0 1 2 2 2 2 2 2 2],6
fold_3/sample_1180/image.png,[0 0 0 0 0 2 2 2 2 2 2 2 2],6
fold_3/sample_1181/image.png,[0 0 2 2 2 2 2 2 2 2 2 2 2 2 2 2],6
fold_3/sample_1182/image.png,[0 0 0 0 0 0 0 0 0 0 0 0 0 0 0 0 0 0 0 0 0 0 0 2 2 2 2 2],6
fold_3/sample_1183/image.png,[0 0 0 0 0 0 0 0 0 0 0 0 0 0 0 1 2],6
fold_3/sample_1184/image.png,[0 0 0 0 0 0 0 0 0 0 0 2 2],6
fold_3/sample_1185/image.png,[0 0 0 0 0 0 0 0 0 0 0 0 0 0 0 0 0 0 0 0 0 0 0 0 0 0 0 0 0 0 0 0],6
fold_3/sample_1186/image.png,[2 2 2 2 2 2 2 4 4 4 4 4 4 4],0
fold_3/sample_1187/image.png,[1 2 2 2 2 2 4 4 4 4 4 4 4 4],0
fold_3/sample_1188/image.png,[2 2 2 4 4 4 4 4 4 4 4 4 4 4],0
fold_3/sample_1189/image.png,[1 2 2 2 2 4 4 4 4 4 4 4 4 4 4 4 4 4 4 4 4],0
fold_3/sample_1190/image.png,[2 2 2 4 4 4 4 4 4 4 4 4 4 4 4],0
fold_3/sample_1191/image.png,[2 2 2 2 4 4 4 4 4 4 4 4 4 4 4 4 4 4 4 4 4 4 4],0
fold_3/sample_1192/image.png,[1 2 2 2 2 4 4 4 4 4 4 4 4 4 4 4 4 4 4 4 4 4 4],0
fold_3/sample_1193/image.png,[2 4 4 4 4 4 4 4 4 4 4 4 4 4 4 4 4 4 4 4 4 4 4 4 4 4],0
fold_3/sample_1194/image.png,[2 2 2 4 4 4 4 4 4 4 4 4 4 4 4 4 4 4],0
fold_3/sample_1195/image.png,[1 2 2 2 4 4 4 4 4 4 4 4 4 4 4 4 4 4 4 4 4 4 4 4 4],0
fold_3/sample_1196/image.png,[2 2 2 4 4 4 4 4 4 4 4 4 4 4],0
fold_3/sample_1197/image.png,[2 2 2 4 4 4 4 4 4 4 4 4 4 4 4 4 4 4 4 4 4 4 4 4 4 4 4 4 4 4 4],0
fold_3/sample_1198/image.png,[2 2 2 2 2 4 4 4 4 4 4 4 4 4 4 4 4 4 4 4 4 4 4 4 4 4 4],0
fold_3/sample_1199/image.png,[2 2 2 2 2 2 4 4 4 4 4 4 4 4 4 4 4],0
fold_3/sample_1200/image.png,[1 2 2 2 4 4 4 4 4 4 4 4 4 4 4 4 4 4 4 4 4 4 4 4 4 4 4 4 4 4 4 4 4 4],0
fold_3/sample_1201/image.png,[1 1 2 2 2 2 2 2 2 2 2 2 2 2 2 4 4 4 4 4 4 4 4 4 4 4 4 4 4 4 4],0
fold_3/sample_1202/image.png,[1 2 2 2 2 2 2 2 2 2 2 2 2 2 4 4 4 4 4 4 4 4 4 4 4 4 4 4 4 4 4 4 4 4],0
fold_3/sample_1203/image.png,[1 1 2 2 2 2 2 4 4 4 4 4 4 4 4 4 4 4 4 4 4 4 4],0
fold_3/sample_1204/image.png,"[1 1 1 1 1 1 1 1 1 1 1 1 2 2 2 2 2 2 4 4 4 4 4 4 4 4 4 4 4 4 4 4 4 4 4 4 4
 4 4 4 4 4 4 4]",12
fold_3/sample_1205/image.png,"[1 1 1 1 1 1 1 1 1 1 1 1 1 1 1 1 1 1 1 1 1 1 1 1 1 1 2 2 2 2 2 2 2 2 2 2 2
 2 2 2 2 4 4 4 4 4 4 4 4 4 4]",12
fold_3/sample_1206/image.png,"[1 1 1 1 1 1 1 1 1 1 2 2 2 2 2 2 2 2 2 2 2 2 2 2 2 2 2 2 2 2 2 2 2 2 2 2 2
 2 2 2 4 4 4 4 4]",12
fold_3/sample_1207/image.png,[1 1 2 2 2 2 2 2 2 2 2 2 2 2],12
fold_3/sample_1208/image.png,[1 2 2 2 2 2 2 2 2 2 2 2 2 2 2 2 2 2 2 2],12
fold_3/sample_1209/image.png,[2 2 2 2 2 2 2 2 2 2 2 2 2 2 2 2],12
fold_3/sample_1210/image.png,[1 1 2 2 2 2 2 2 2 2 2 2 2 2 2 2 2 2],12
fold_3/sample_1211/image.png,[0 0 0 0 0 0 0 0 0 0 0 1 2 2 2 2 2 2 2 2 2],12
fold_3/sample_1212/image.png,[0 0 0 0 0 0 0 0 0 0 1 1 2],0
fold_3/sample_1213/image.png,[0 0 0 0 0 0 0 0 0 0 0 0 0 0 0 0 0 0 1 2 2],0
fold_3/sample_1214/image.png,[0 0 0 0 0 0 0 0 0 0],0
fold_3/sample_1215/image.png,[0 0 0 0 0 0 0 0 0 0 0 0 0 0 0 1 1],0
fold_3/sample_1216/image.png,[0 0 0 0 0 0 0 0 0 0 0 0 0 0 0 1 1 2 2 2 2 2 2 2],0
fold_3/sample_1217/image.png,[0 0 0 0 0 0 0 0 0 0 0 0 0 1 1],0
fold_3/sample_1218/image.png,[0 0 0 0 0 0 0 0 0 2],0
fold_3/sample_1219/image.png,[0 0 0 0 0 0 0 0 0 0 0 0 0 0 0 0 2],0
fold_3/sample_1220/image.png,[0 0 0 0 0 0 0 0 0 0 0],0
fold_3/sample_1221/image.png,[0 0 0 0 0 0 0 0 0 0 0 0 0 1 2 2 2],0
fold_3/sample_1222/image.png,[0 0 0 0 0 0 0 0 0 0 0 0 0 0 0 0 0 0 0 0 0],0
fold_3/sample_1223/image.png,[0 0 0 0 0 0 0 0 0 0 0 0 0 0 0 0 0 1],0
fold_3/sample_1224/image.png,[0 0 0 0 0 0 0 0 0 0 0 0 0 0 0 0 0 1 1],4
fold_3/sample_1225/image.png,[0 0 0 0 0 0 0 0 0 0 0 0 0 1 1 1 1 1 1],4
fold_3/sample_1226/image.png,[0 0 0 0 0 0 0 0 0 0 0 0 0 0 0 0 0 1 1 1 1 1 1 1],4
fold_3/sample_1227/image.png,[0 0 0 0 0 0 0 0 0 0 0 0 0 0 0 1 1 1 2],4
fold_3/sample_1228/image.png,[0 0 0 0 0 0 0 0 0 0 0 0 0 0 0 0 0 1 1 1 1 1 2 2 2 2 2 2 2 2 2 2 2],4
fold_3/sample_1229/image.png,[0 0 0 0 0 0 0 0 0 0 0 0 0 0 0 0 0 0 1 1 1 1 1 1 1 1 2],4
fold_3/sample_1230/image.png,[0 0 0 0 0 0 0 0 0 0 0 0 0 0 0 0 0 0 0 0 0 1 1 1 1 1 1 1 1],4
fold_3/sample_1231/image.png,[0 0 0 0 0 0 1 1 1 1 1 1 1 1 1 1 1 1 1 1 2 2 2 2 2 2],4
fold_3/sample_1232/image.png,[0 0 0 0 0 0 0 0 0 0 0 0 0 0 0 0 1 1 1 1 1 1 1 1 1 1 2],4
fold_3/sample_1233/image.png,[0 0 0 0 0 0 0 0 0 0 0 0 0 0 0 0 0 0 0 0 0 0 0 1 1 1 2],4
fold_3/sample_1234/image.png,[0 0 0 0 0 0 0 0 0 0 1 1 1 1 1 1 1 1 1 1 1 1 1 1 2 2 2 2 2 2 2 2 2 2 2],4
fold_3/sample_1235/image.png,[0 0 0 0 0 0 0 0 0 0 0 1 1 1 1 1 1 1 1 1 1 1 1 1 1 2 2 2],4
fold_3/sample_1236/image.png,[0 0 0 0 0 0 0 0 0 0 0 0 0 0 0 0 0 0 0 0 0 0 0 0 0 0 0 0 0 0 0 0 0 0 0 0],4
fold_3/sample_1237/image.png,"[0 0 0 0 0 0 0 0 0 0 0 0 0 0 0 0 0 0 0 0 0 0 0 0 0 0 0 0 0 0 0 0 0 0 0 0 0
 0 0 0 0 0 0 0 0 0 0 0 0 0 0 0 0 0 0 0 0 0 0 0 0 0 0 0 0]",4
fold_3/sample_1238/image.png,"[0 0 0 0 0 0 0 0 0 0 0 0 0 0 0 0 0 0 0 0 0 0 0 0 0 0 0 0 0 0 0 0 0 0 0 0 0
 0 0 0 0 0 0 0 0 0 0 0 0 0 0 0 2 2 2 3]",4
fold_3/sample_1239/image.png,[1 1 1 1 1 1 1 1 1 1 1 1 1 1 1 1 1 2],4
fold_3/sample_1240/image.png,[0 0 0 0 0 0 0 0 0 0 0 1 1 1 1 1 1 1 1 1 1 2 2 2],4
fold_3/sample_1241/image.png,"[0 0 0 0 0 0 0 0 0 0 0 0 0 0 0 0 0 0 0 0 0 0 0 0 0 0 0 0 0 0 0 0 0 0 0 0 0
 0 0 0 0 0 0 0 0 0 0 0 0 0 0 0 0 0 0 0 0 0 0 0 0 0 0 0 0 0 0 0 0 3 3 3 3 3]",4
fold_3/sample_1242/image.png,"[0 0 0 0 0 0 0 0 0 0 0 0 0 0 0 0 0 0 0 0 0 0 0 0 0 0 0 0 0 0 0 0 0 0 0 0 0
 0 0 0 0 0 0 0 0 0 0 0 2 3]",4
fold_3/sample_1243/image.png,[0 0 1 1 1 1 1 1 1 1 2 2 2 2 2 2],4
fold_3/sample_1244/image.png,"[0 0 0 0 0 0 0 0 0 0 0 0 0 0 0 0 0 0 0 0 0 0 0 0 0 0 0 0 0 0 0 0 0 0 0 0 0
 0 0 0 0 0 0 0 0 0 0 0 0 0 0 0 0 0 0 0 2 2]",4
fold_3/sample_1245/image.png,[1 1 1 1 1 1 1 1 1 1 1 1 1 1 1 1 1 1 1 1 2 2 2 2 2 2],4
fold_3/sample_1246/image.png,[0 0 0 0 0 0 0 0 0 0 0 0 0 0 0 1 1 1 1 1 1 1 1 1 1 1 1 2],4
fold_3/sample_1247/image.png,[0 1 1 1 1 1 1 1 1 1 1 1 1 1 1 1 1 1 1 1 1 2 2 2 2],4
fold_3/sample_1248/image.png,[0 0 0 0 0 0 0 0 1 2 2 2 2 2 2 2 2],1
fold_3/sample_1249/image.png,[0 0 0 0 1 1 1 2 2 2 2 2 2 2 2 2 2],1
fold_3/sample_1250/image.png,[0 0 0 0 0 0 0 0 0 0 0 0 1 2 2],1
fold_3/sample_1251/image.png,[0 0 0 0 0 0 0 2],1
fold_3/sample_1252/image.png,[0 0 0 0 0 0 0 0 1 1 1 1 2],1
fold_3/sample_1253/image.png,[0 0 0 0 0 0 0 0 0 0 0 0 0 2 2],1
fold_3/sample_1254/image.png,[0 0 0 0 0 0 0 0 0 0 2 2 2 2],1
fold_3/sample_1255/image.png,[0 0 0 0 1 1 1 2 2 2 2 2 2],1
fold_3/sample_1256/image.png,[0 0 0 0 0 0 0 0 0 1 2 2],1
fold_3/sample_1257/image.png,[0 0 0 0 0 0 0 0 0 0 0 0 0 1 1 1 1 2 2 2 2],1
fold_3/sample_1258/image.png,[0 0 0 0 0 0 0 0 0 0 1 2 2 2 2 2 2 2 2],1
fold_3/sample_1259/image.png,[0 0 0 0 0 0 0 0 0 0 0 0 0 0 0 1 1 1 2 2 2],1
fold_3/sample_1260/image.png,[0 0 0 0 0 0 0 0 0 0 1 2 2 2],1
fold_3/sample_1261/image.png,[0 0 0 0 0 0 0 0 1 1 2 2 2 2],1
fold_3/sample_1262/image.png,[0 0 0 0 0 0 0 0 0 1 1 1 2 2 2 2 2 2 2],1
fold_3/sample_1263/image.png,[0 0 0 1 1 2 2 2 2 2 2],1
fold_3/sample_1264/image.png,[0 0 0 0 0 0 1 2 2 2 2 2 2 2],1
fold_3/sample_1265/image.png,[0 0 0 0 0 1 1 2 2 2 2],1
fold_3/sample_1266/image.png,[2 2],1
fold_3/sample_1267/image.png,[0 1 1 1 2 2 2 2],1
fold_3/sample_1268/image.png,[0 0 0 1 1 1 2 2 2 2 2 2 2 2 2 2],1
fold_3/sample_1269/image.png,[0 0 0 0 0 0 0 0 0 0 0 0 0 0 0 0 0 1 1 1 1 1 2 2 2 2 2],1
fold_3/sample_1270/image.png,[0 0 0 0 0 0 0 0 0 0 0 0 0 0 0 0 0 0],1
fold_3/sample_1271/image.png,[0 0 0 0 0 0 0 0 0 0 0 0 0 0 2],1
fold_3/sample_1272/image.png,[0 0 0 0 0 0 0 0 0 0 0 0 0 0 0 0 0],1
fold_3/sample_1273/image.png,[0 0 0 0 0 0 0 0 0 0 0 0 0],1
fold_3/sample_1274/image.png,[0 0 0 0 0 0 0 0 0 0 2],1
fold_3/sample_1275/image.png,[0 0 0 0 0 0 0 0 0 0 0 0 0 0 0 0 0 0 0 2],1
fold_3/sample_1276/image.png,[0 0 0 0 0 0 0 0 2],1
fold_3/sample_1277/image.png,[0 0 0 0 0 0 0 0 0 0 0 0 0 0 0 0 0 0 0 0 2 2 2],1
fold_3/sample_1278/image.png,[0 0 0 0 0 0 0 0 0 0 0 0 0 0 0 0 0 0 0 0 0],1
fold_3/sample_1279/image.png,[0 0 0 0 0 0 0 0 0 0 0 0 0 0 0 0],1
fold_3/sample_1280/image.png,[0 0 0 0 0 0 0 0 0 2],1
fold_3/sample_1281/image.png,[0 0 0 0 0 0 0 0 0 0 0 0 0 0 0 0 0 0 0 0],1
fold_3/sample_1282/image.png,[0 0 0 0 0 0 0 0 0 0 0 0 0],1
fold_3/sample_1283/image.png,[0 0 0 0 0 0 0 0 0 0 0 0 0 0 0 0 0 0 2],1
fold_3/sample_1284/image.png,[0 0 0 0 0 0 0 0 0 0 0 0 0 0 0 0 0 2 2],1
fold_3/sample_1285/image.png,[0 0 0 0 0 0 0 0 0 0 0 0 0 0 2],1
fold_3/sample_1286/image.png,[0 0 0 0 0 0 0 0 0 0 0 0 0 0 0 0],16
fold_3/sample_1287/image.png,[0 0 0 0 0 0 0 0 0 0 0 0 0 0 0 0 0 1 1 2 2 2 2 2 2 2 2],16
fold_3/sample_1288/image.png,[0 0 0 0 0 0 0 0 0 0 0 0 0 0 0 0 0 0 1 1],16
fold_3/sample_1289/image.png,[1 1 1 1 1 1 1 1 2 2 2 2 2 2],16
fold_3/sample_1290/image.png,[0 0 0 0 0 0 0 0 0 0 0 0 0 0 0 0 0 0 0 0 0 0 0 0 0 0 1 1 1 2],16
fold_3/sample_1291/image.png,[2 2 2 2 2 2 2 2 2 2 2 2],16
fold_3/sample_1292/image.png,[1 2 2 2 2 2 2 2 2],16
fold_3/sample_1293/image.png,[1 1 1 1 1 2 2 2 2 2 2 2 2 2 2 2 2 2 2 2 2 2],16
fold_3/sample_1294/image.png,[0 0 0 0 0 1 1 1 1 1 1 2 2 2 2 2 2 2 2 2 2 2 2 2 2],16
fold_3/sample_1295/image.png,[1 1 1 1 1 1 1 2 2 2 2 2 2 2],16
fold_3/sample_1296/image.png,[1 1 1 2 2 2 2 2 2 2 2 2 2 2 2 2 2 2 2],16
fold_3/sample_1297/image.png,[1 2 2 2 2 2 4 4 4 4 4 4 4 4 4 4 4 4 4 4 4 4 4 4],16
fold_3/sample_1298/image.png,[2 2 2 4 4 4 4 4 4 4 4 4 4 4 4 4 4 4 4 4 4 4 4 4 4],16
fold_3/sample_1299/image.png,"[1 2 2 2 2 2 2 2 4 4 4 4 4 4 4 4 4 4 4 4 4 4 4 4 4 4 4 4 4 4 4 4 4 4 4 4 4
 4 4 4 4 4 4 4 4 4 4 4 4 4 4 4 4 4 4 4 4 4 4 4]",16
fold_3/sample_1300/image.png,[2 4 4 4 4 4],16
fold_3/sample_1301/image.png,[1 2 2 2 2 2 2 2 2 4 4 4 4 4 4 4 4 4 4 4 4 4 4],16
fold_3/sample_1302/image.png,[1 1 1 1 2 2 2 2 2 2 2 2 2 2 2 2 2 2 2 2 2 2 2 2 2 2 2 2 2 4 4 4 4 4 4 4],16
fold_3/sample_1303/image.png,[1 1 1 4 4 4 4 4 4],16
fold_3/sample_1304/image.png,[1 1 1 1 2 2 2 2 2 2 2 2 2 2 2 2 2 2 2 2 4 4 4 4 4 4 4 4 4 4 4 4 4 4 4 4],16
fold_3/sample_1305/image.png,[1 1 1 1 1 1 2 2 2 2 2 2 2 2 2 2 2 2 2 2 2 2 2 2 2],16
fold_3/sample_1306/image.png,[1 2 2 2 2 2 2 2 2 4 4 4 4 4 4 4 4 4 4 4 4 4 4 4],16
fold_3/sample_1307/image.png,[],16
fold_3/sample_1308/image.png,[1 2 2 2 2 2 4 4 4 4 4 4 4 4 4 4 4 4 4 4 4 4 4 4 4 4 4 4 4 4 4 4 4],16
fold_3/sample_1309/image.png,[2 2 2 2 2 2 2 2 2 2 2 4 4 4 4 4 4 4 4 4 4 4 4 4 4 4 4 4 4 4 4 4 4 4 4],16
fold_3/sample_1310/image.png,[1 1 1 1 2 2 2 2 2 2 2 2 2 2 2 2 2 4 4 4 4 4 4 4 4 4 4 4 4 4 4 4 4],16
fold_3/sample_1311/image.png,[1 1 1 1 1 1 1 1 1 2 2 2 2 2 2 2 2 2 2 2 2 2 2 2 2 2 2 2 2 2 2 2 2],16
fold_3/sample_1312/image.png,[4 4 4 4 4 4 4 4 4 4 4 4 4 4 4],16
fold_3/sample_1313/image.png,[1 1 2 2 2 2 2],16
fold_3/sample_1314/image.png,[1 1 2 2 2 2 2 2 2 2 2 2 2 2 2 2 2 2 2 2 2 2 4 4 4 4 4 4 4 4 4 4 4 4 4 4 4],16
fold_3/sample_1315/image.png,[0 0 0 0 0 0 0 0 0 1 2 2 2 2 2 2 2 2 2 2],1
fold_3/sample_1316/image.png,[0 0 2 2 2 2 2 2 2 2 2 2 2 2 2],1
fold_3/sample_1317/image.png,[0 0 0 0 0 0 0 0 0 0 0 0 0 0 0 0 0 1 1 2 2 2 2 2 2 2 2 2 2],1
fold_3/sample_1318/image.png,[0 0 0 1 1 1 2 2 2 2 2 2 2 2 2 2],1
fold_3/sample_1319/image.png,[0 0 0 1 1 1 2 2 2 2 2 2 2 2 2 2 2 2 2 2 2],1
fold_3/sample_1320/image.png,[0 0 0 0 2 2 2 2 2 2 2 2],1
fold_3/sample_1321/image.png,[2 2 2 2 2 2],1
fold_3/sample_1322/image.png,[0 0 0 0 0 0 0 0 0 0 0 0 2 2 2 2 2 2 2 2 2 2 2],1
fold_3/sample_1323/image.png,[0 0 0 0 0 0 0 0 0 2 2 2 2 2 2 2 2 2 2 2 2 2 2],1
fold_3/sample_1324/image.png,"[0 0 0 0 0 0 0 0 0 0 0 0 0 0 0 0 0 0 0 0 0 0 0 0 0 0 0 0 0 0 0 0 0 0 0 0 0
 0 0 0 0 0 0 0 0 0 0]",1
fold_3/sample_1325/image.png,"[0 0 0 0 0 0 0 0 0 0 0 0 0 0 0 0 0 0 0 0 0 0 0 0 0 0 0 0 0 0 0 0 0 0 0 0 0
 0 0 0 0 0 0 0 0 0 0 2 2 2]",1
fold_3/sample_1326/image.png,"[0 0 0 0 0 0 0 0 0 0 0 0 0 0 0 0 0 0 0 0 0 0 0 0 0 0 0 0 0 0 0 0 0 0 0 0 0
 0 2 2]",1
fold_3/sample_1327/image.png,"[0 0 0 0 0 0 0 0 0 0 0 0 0 0 0 0 0 0 0 0 0 0 0 0 0 0 0 0 0 0 0 0 0 0 0 0 0
 0 0 0 0 0 0 0 0 0 0 0 0 2 2]",1
fold_3/sample_1328/image.png,"[0 0 0 0 0 0 0 0 0 0 0 0 0 0 0 0 0 0 0 0 0 0 0 0 0 0 0 0 0 0 0 0 0 0 0 0 0
 0 2 2 2 2 2 2 2 2]",1
fold_3/sample_1329/image.png,[0 0 0 0 0 1 2 2 2 2 2 2 2 2],1
fold_3/sample_1330/image.png,[0 0 0 0 0 0 0 0 0 0 2 2 2 2 2 2 2 2 2 2 2 2 2],1
fold_3/sample_1331/image.png,[0 0 0 0 0 0 0 0 2 2 2 2 2 2 2 2 2 2 2],1
fold_3/sample_1332/image.png,[0 0 0 1 1 1 1 1 1 1 1 1 2 2 2 2 2 2 2 2 2 2 2 2 2 2 2],1
fold_3/sample_1333/image.png,[0 0 0 0 0 0 0 0 0 0 0 0 0 0 0 0 0 0 0 0 0 1 1 1 1 1 1 1 1 1 2 2 2 2 2],1
fold_3/sample_1334/image.png,[1 1 1 2 2 2 2 2 2 2 2 2 2 2 2 2 2 2 2 2 2 2 2 2 2],1
fold_3/sample_1335/image.png,"[0 0 0 0 0 0 0 0 0 0 0 0 0 0 0 0 0 0 0 0 0 0 0 0 0 0 0 0 0 0 0 0 0 0 0 0 0
 0 0 2 2]",1
fold_3/sample_1336/image.png,"[0 0 0 0 0 0 0 0 0 0 0 0 0 0 0 0 0 0 0 0 0 0 0 0 0 0 0 0 0 0 0 0 0 0 0 1 1
 1 1 1 1 2 2]",1
fold_3/sample_1337/image.png,"[1 1 1 1 1 1 1 1 1 1 1 1 1 1 1 1 1 1 1 1 1 1 1 1 1 1 1 2 2 2 2 2 2 2 2 2 2
 2 2 2 2 2 2 2]",1
fold_3/sample_1338/image.png,[0 0 0 0 0 0 0 0 0 0 0 0 0 0 0 0 0 0 0 0 0 0 0 0 1 1 1 1 1 1 2 2 2 2 2],1
fold_3/sample_1339/image.png,"[0 0 0 0 0 0 0 0 0 0 0 0 0 0 0 0 0 0 0 0 0 0 0 0 0 0 0 0 0 0 0 0 0 0 0 0 0
 0 0 1 1]",1
fold_3/sample_1340/image.png,"[0 0 0 0 0 0 0 0 0 0 0 0 0 0 0 0 0 0 0 1 1 1 1 1 1 1 1 1 1 1 1 1 1 1 1 1 1
 1 1 1 1 1 1 2 2 2 2 2 2]",1
fold_3/sample_1341/image.png,"[1 1 1 1 1 1 1 1 1 1 1 1 1 1 1 1 1 1 1 1 1 1 1 1 1 1 1 1 2 2 2 2 2 2 2 2 2
 2 2 2 2 2 2 2 2 2 2 2 2]",1
fold_3/sample_1342/image.png,[1 1 1 2 2 2 2 2 2 2 2 2 2 2 2 2 2 2 2 2 2 2 2 2 2 2 2 2 2 2 2 2 2],1
fold_3/sample_1343/image.png,[0 0 0 0 0 0 0 0 0 0 0 0 0 0 0 0 0 0 0 0 0 0 0 0 0 0 0 0 0 0 0 0 0 0 0 0],1
fold_3/sample_1344/image.png,"[1 1 1 1 1 1 1 1 1 1 1 1 1 1 1 1 1 1 1 1 1 1 1 1 1 1 1 1 1 1 1 1 1 1 1 1 1
 1 1 1 1 1 1 1 1 1 1 1 1 2 2 2 2 2 2 2 2 2]",1
fold_3/sample_1345/image.png,[0 0 0 0 0 0 0 1 1 2 2 2 2 2 2 2 2 2 2 2 2 2 2 2 2 2],1
fold_3/sample_1346/image.png,[0 0 0 0 0 0 1 1 1 1 1 1 1 2 2 2 2 2 2 2 2 2 2 2 2 2 2],1
fold_3/sample_1347/image.png,[0 0 0 0 0 0 0 0 0 0 0 0 0 0 0 0 0 1 1 1 1 2 2 2 2 2 2 2 2 2],1
fold_3/sample_1348/image.png,[0 0 0 0 0 0 0 0 0 0 0 0 0 0 0 0 0 0 0 0 0 0 0 0 0 0 0 0 0 0 0 0 0 0 1 2 2],1
fold_3/sample_1349/image.png,[0 0 0 0 0 0 1 1 1 1 1 2 2 2 2 2 2 2 2 2],1
fold_3/sample_1350/image.png,"[1 1 1 1 1 1 1 1 1 1 1 1 1 1 1 1 1 1 1 1 2 2 2 2 2 2 2 2 2 2 2 2 2 2 2 2 2
 2 2 2 2 4 4 4 4 4 4 4 4 4 4 4 4 4 4 4 4 4 4 4 4 4 4 4 4 4 4 4 4 4 4 4 4 4
 4 4 4]",5
fold_3/sample_1351/image.png,"[1 1 1 1 1 1 2 2 2 2 2 2 2 2 2 2 2 2 2 2 2 2 4 4 4 4 4 4 4 4 4 4 4 4 4 4 4
 4 4 4 4 4 4 4 4 4 4 4 4 4 4 4 4 4 4 4 4 4 4 4]",5
fold_3/sample_1352/image.png,"[1 1 1 1 1 1 1 1 1 1 1 1 1 1 1 1 1 1 1 1 1 1 1 1 1 1 1 1 1 1 1 1 1 1 1 1 1
 1 1 1 1 1 1 1 1 1 1 1 1 1 1 1 2 2 2 2 2 2 2 2 2 2 2 2 2 2 2 2 2 2 2 2 2 2
 2 2 2 2 2 2 2 2 4 4 4 4 4 4 4 4 4 4 4 4]",5
fold_3/sample_1353/image.png,"[1 1 1 1 1 1 1 1 1 1 1 1 1 1 1 1 1 1 1 1 2 2 2 2 2 2 2 2 2 2 2 2 2 2 2 2 2
 4 4 4 4 4 4 4 4 4 4 4 4 4 4 4 4 4 4 4 4 4 4 4 4 4 4 4 4 4]",5
fold_3/sample_1354/image.png,[1 2 2 2 2 4 4 4 4 4 4 4 4],5
fold_3/sample_1355/image.png,"[0 0 0 0 0 0 0 0 0 0 0 0 0 0 0 0 0 0 0 0 0 0 0 0 0 0 0 0 0 0 0 0 0 0 0 0 0
 0 0 0 0 0 0 0 0 0 0 0 0 0 0 0 0 0 0 0 0 0 0 0 0 0 0 0 0 0 0 0 0 0 0 0 0 0
 0 0 0 0 0 0 0 0 0 0 0 0 0 0 0 0 0 0 0 0 0 0 0 0 0 0 0 0 0 0 0 0]",5
fold_3/sample_1356/image.png,"[0 0 0 0 0 0 0 0 0 0 0 0 0 0 0 0 0 0 0 0 0 0 0 0 0 0 0 0 0 0 0 0 0 0 0 0 0
 0 0 0 0 1 1 1 2 2 2 2]",5
fold_3/sample_1357/image.png,"[0 0 0 0 0 0 0 0 0 0 0 0 0 0 0 0 0 0 0 0 0 0 0 0 0 0 0 0 0 0 0 0 0 0 0 0 0
 0 1 3 3 3 3 3 3 3 3 3 3 3 3 3 3 3 3 3 3 3 3 3 3 3 3 3 3 3 3 3 3 3 3 3 3 3
 3 3 3 3 3 3 3 3 3 3 3 3 3 3 3 3 3 3 3 3 3 3 3 3 3 3 3 3 3 3 3 3 3 3 3 3 3
 3 3 3]",5
fold_3/sample_1358/image.png,"[0 0 0 0 0 0 0 0 0 0 0 0 0 0 0 0 0 0 0 0 0 0 0 0 0 0 0 0 0 0 3 3 3 3 3 3 3
 3 3 3 3 3 3 3 3 3 3 3 3 3 3 3 3 3 3 3 3 3 3 3 3 3 3 3 3 3 3 3 3 3 3 3 3 3
 3 3 3 3 3 3 3 3 3 3 3 3 3]",5
fold_3/sample_1359/image.png,[4 4 4 4 4],5
fold_3/sample_1360/image.png,"[1 1 1 1 1 1 1 1 1 1 1 1 1 1 1 1 1 1 1 1 1 1 1 1 1 1 1 1 2 2 2 2 2 2 2 2 2
 2 2 2 2 2 2 2 2 2 2 2 2 2 2 2 2 2 2 2 4 4 4 4 4 4 4 4 4 4 4 4 4 4 4 4 4 4
 4]",5
fold_3/sample_1361/image.png,[4 4 4],5
fold_3/sample_1362/image.png,"[1 1 1 1 1 1 1 1 2 2 2 2 2 2 2 2 2 2 2 2 2 2 2 2 2 2 2 2 4 4 4 4 4 4 4 4 4
 4 4 4 4]",5
fold_3/sample_1363/image.png,[1 1 1 1 1 1 1 1 1 1 1 2 2 2 2 2 2 2 2 2 2 2 2 2 4 4 4 4 4 4 4 4 4 4 4 4],5
fold_3/sample_1364/image.png,[1 1 2 2],5
fold_3/sample_1365/image.png,"[1 1 1 1 1 1 1 1 1 1 1 1 1 1 1 1 1 1 1 1 1 1 1 1 1 1 1 1 1 1 1 1 1 1 1 1 1
 1 1 1 1 1 1 1 1 1 1 1 1 1 1 1 1 1 1 1 1 1 1 1 1 2 2 2 2 2 2 2 2 2 2 2 2 2
 2 2 2 2 2 2 2 2 2 2 2 2 2 2 2 2 2 2 2 2 2 2 2 2 2 2 2 2 2 2 2 2 2 2 2 2 2
 2 2 2 2 2 2 2 2 2 2 2 2 2 2 2 2 2 2 2 2 2 2 2 2 2 2 2 2 2 2 2 2 2 2 2 2]",5
fold_3/sample_1366/image.png,"[0 0 0 0 0 0 0 0 0 0 0 0 0 0 0 0 0 0 0 0 0 0 0 0 0 0 0 0 0 0 0 0 0 0 0 0 0
 2 2 2 2 2]",5
fold_3/sample_1367/image.png,"[0 0 0 0 0 0 0 0 0 0 0 0 0 0 0 0 0 0 0 0 0 0 0 0 0 0 0 0 0 0 0 0 0 0 0 0 0
 0 0 0 0 0 0 1 2]",5
fold_3/sample_1368/image.png,"[0 0 0 0 0 0 0 0 0 0 0 0 0 0 0 0 0 0 0 0 0 0 0 0 0 0 0 0 0 0 0 0 0 0 0 0 0
 0 0 0 0 0 0 0 0 0 0 0 0 0 0 1 2 2 2 2 2 2 2 2 2 2 2 2 2 2 2 2 2 2 2 2 2 2
 2 2 2 2 2 2 2 2 2]",5
fold_3/sample_1369/image.png,"[0 0 0 0 0 0 0 0 0 0 0 0 0 0 0 0 0 0 0 0 0 0 0 0 0 0 0 1 1 1 1 1 1 1 1 1 1
 2 2 2 2 2 2 2 2 2 2 2 2 2 2 2 2 2 2 2 2 2 2 2 2 2 2 2 2 2 2 2 2 2 2 2 2 2
 2 2]",5
fold_3/sample_1370/image.png,"[0 0 0 0 0 0 0 0 0 0 0 0 0 0 0 0 0 0 0 0 0 0 0 0 0 0 0 0 0 0 0 0 0 0 0 0 0
 0 0 0 0 0 0 0 0 0 0 0 0 0 0 0 0 0 0 0 0 0 0 1 1 1 1 1 1 1 1 1 1 1 2 2 2 2
 2 2 2 2 2 2 2 2 2 2 2 2 2 2 2 2 2 2 2 2 2 2 2 2]",5
fold_3/sample_1371/image.png,"[0 0 0 0 0 0 0 0 0 0 0 0 0 0 0 0 1 1 1 2 2 2 2 2 2 2 2 2 2 2 2 2 2 2 2 2 2
 2 2 2 2 2 2 2 2 2 2 2 2 2 2 2 2 2 2 2]",5
fold_3/sample_1372/image.png,[1 1 1 1 2 2 2 2 2 2 2 2 2 2 2 2 2 2 2 2 2 2 2 2 2 2 2 2],5
fold_3/sample_1373/image.png,[1 1 2 2 2 2 2 2 2 2 2 2 2 2 2 2 2 2 2 2 2 2],5
fold_3/sample_1374/image.png,[1 2 2 2 2 2 2 2 2 2 2 2 2 2 2 2 2 2 2 2],5
fold_3/sample_1375/image.png,[0 0 0 0 0 0 0 0 0 0 0 0 0 0 3 3 3 3 3 3 3 3 3],5
fold_3/sample_1376/image.png,[0 0 0 0 0 0 0 0 0 0 0 2 2 2 2 2 2 2 2 2 2 2 2 2 2 2 2 2 2],5
fold_3/sample_1377/image.png,[0 0 0 0 0 0 0 0 0 0 0 0 0 0 0 0 0 0 0 0 0 0 0 2 2 3 3 3],5
fold_3/sample_1378/image.png,"[0 0 0 0 0 0 0 0 0 0 0 0 0 0 0 0 0 0 0 0 0 0 0 0 0 0 0 0 0 0 0 0 2 2 3 3 3
 3 3]",5
fold_3/sample_1379/image.png,[0 0 0 0 0 0 0 0 0 0 0 0 0 0 0 0 0 0 0 0 0 0 0 2 3 3],5
fold_3/sample_1380/image.png,[0 0 0 0 0 0 0 0 0 0 0 0 0 0 0 0 0 0 0 0 0 0 0 0 0 0 0 0 3 3],5
fold_3/sample_1381/image.png,[0 0 0 0 0 0 0 0 0 0 0 0 0 0 0 0 0 0 0 0 0 0 0 0 3 3 3 3 3 3 3],5
fold_3/sample_1382/image.png,"[0 0 0 0 0 0 0 0 0 0 1 1 1 1 1 1 1 1 1 1 1 1 1 1 1 1 1 1 1 1 1 1 2 2 2 2 2
 2 2 2 2 2 2 2 2 2 2 2 2 2 2 2 2 2 2 2 2 2 2 2 2 2 2 2 2 2 2 2 2 2]",5
fold_3/sample_1383/image.png,"[0 0 0 0 0 0 0 0 0 0 0 0 0 0 0 0 0 0 0 0 0 0 0 1 1 1 1 1 1 1 1 1 1 1 1 1 1
 1 1 1 2 2 2 2 2 2 2 2 2 2 2 2 2 2 2 2 2 2 2 2 2 2 2 2 2 2 2 2 2 2 2 2]",5
fold_3/sample_1384/image.png,"[0 0 0 0 0 0 0 0 0 0 0 0 0 1 1 1 2 2 2 2 2 2 2 2 2 2 2 2 2 2 2 2 2 2 2 2 2
 2 2 2 2 2 2 2 2 2 2 2 2 2]",5
fold_3/sample_1385/image.png,[1 1 1 1 1 1 1 1 1 1 1 1 1 1 1 1 1 1 1 1 1 1 1 1 1 2 2 2 2],5
fold_3/sample_1386/image.png,[1 1 1 1 1 1 1 1 1 1 2 2 2 2 2 2 2 2 2 2 2 2 2 2],5
fold_3/sample_1387/image.png,[1 1 1 1 1 2 2 2 2 2 2 2 2 2 2 2 2 2 2 2 2 2 2 2 2 2 2 2 2 2 2],5
fold_3/sample_1388/image.png,[1 1 1 1 2 2 2 2 2 2 2 2 2 2 2 2 2],5
fold_3/sample_1389/image.png,[1 1 1 1 2 2 2 2 2 2 2 2 2],5
fold_3/sample_1390/image.png,[1 1 1 1 1 1 1 2 2 2 2 2 2 2 2 2 2 2 2 2 2 2 2 2 2 2],5
fold_3/sample_1391/image.png,[1 1 1 1 1 1 1 1 1],5
fold_3/sample_1392/image.png,[2 2 2 2 2],5
fold_3/sample_1393/image.png,[0 0 0 0 0 0 0 0 0 0 0 0 0 0 0 0 0 0 0 0 0 0 0 0 0],5
fold_3/sample_1394/image.png,[1 1 1 1 1 1 1 1 2 2 2 2 2 2 2 2 2 2 2],5
fold_3/sample_1395/image.png,[1 1 1 1 1 2 2 2 2 2 2 2 2 2 2 2 2 2 2 2 2 2],5
fold_3/sample_1396/image.png,"[1 1 1 1 1 1 1 1 1 2 2 2 2 2 2 2 2 2 2 2 2 2 2 2 2 2 2 2 2 2 2 2 2 2 2 2 2
 2 2 2 2 2 2 2 2 2]",5
fold_3/sample_1397/image.png,[1 1 1 1 1 1 1 2 2 2 2 2 2 2 2 2 2 2 2 2 2 2 2 2 2 2 2 2],5
fold_3/sample_1398/image.png,[0 0 0 0 0 0 0 0 0 0 0 0 0 0 0 0 0 0 0 0 0 0 0 0 0 0 0 0 0],0
fold_3/sample_1399/image.png,[0 0 0 0 0 0 0 0 0 0 0 0 0 0 0 0 0 0 0 0 0 0 0 0 0 0 0 0 2],0
fold_3/sample_1400/image.png,"[0 0 0 0 0 0 0 0 0 0 0 0 0 0 0 0 0 0 0 0 0 0 0 0 0 0 0 0 0 0 0 0 1 1 2 2 2
 2 2]",0
fold_3/sample_1401/image.png,[0 0 0 0 0 0 0 0 0 0 0 0 0 0 0 0 0 0 0 0 0 0 0 0 0 1 2 2],0
fold_3/sample_1402/image.png,[0 0 0 0 0 0 0 0 0 0 0 0 0 0 0 0 0 0 0 0 0 0 0 0 0 0 1 1 1 1],0
fold_3/sample_1403/image.png,[1 1 1 2 2 2],0
fold_3/sample_1404/image.png,[1 1 1 2 2 2 2 2 2 2 2 2 2 2 2 2 2],0
fold_3/sample_1405/image.png,[1],0
fold_3/sample_1406/image.png,[2 2 2 2 2 2 2 2 2 2 2 2 2 2 2 2 2],0
fold_3/sample_1407/image.png,[1 2 2],0
fold_3/sample_1408/image.png,[0 0 0 0 0 0 0 0 0 0 0 0 0 0 0],0
fold_3/sample_1409/image.png,[0 0 0 0 0 0 0 0 0 0 0 0 0 0],0
fold_3/sample_1410/image.png,[0 0 0 0 0 0 0 0 0 0 0 0 0 1 1 1 2 2],0
fold_3/sample_1411/image.png,[0 0 0 0 0 0 0 0 0 0 0 0 0 0 0 0],0
fold_3/sample_1412/image.png,[0 0 0 0 0 0],0
fold_3/sample_1413/image.png,[0 0 0 0 0 0 0 0],0
fold_3/sample_1414/image.png,[0 0 0 0 0 0 0 0 0],0
fold_3/sample_1415/image.png,[0 0 0 0 0 0 0 0 0 0 0 0 0 0 0 0 0 0 0 0 0 0 0 0],0
fold_3/sample_1416/image.png,[0 0 0 0 0 0 0 0 0 0 0 0 0 0 0 0 0 0 1],0
fold_3/sample_1417/image.png,[0 0 0 0 0 0 0 0 0 0 0 0 0 0 0 0 0 0 0 0 0 0 2],0
fold_3/sample_1418/image.png,[0 0 0 0 0 0 0 0 0 0 0 0 0 0 0 0 0],0
fold_3/sample_1419/image.png,[0 0 0 0 0 0 0 0 0 0 0 0 0 0 0 0],0
fold_3/sample_1420/image.png,[4 4 4],0
fold_3/sample_1421/image.png,[4 4 4 4 4],0
fold_3/sample_1422/image.png,[4 4 4 4],0
fold_3/sample_1423/image.png,[4 4 4 4 4 4],0
fold_3/sample_1424/image.png,[2 2 4 4 4 4 4],0
fold_3/sample_1425/image.png,[4 4 4 4 4 4],0
fold_3/sample_1426/image.png,[2 2 4 4],0
fold_3/sample_1427/image.png,[2 4],0
fold_3/sample_1428/image.png,[2 4 4],0
fold_3/sample_1429/image.png,[2 2 2 2 2 2 2],0
fold_3/sample_1430/image.png,[2 2],0
fold_3/sample_1431/image.png,[1 1 2 2 2 2 2 2 2 2],0
fold_3/sample_1432/image.png,[2 2 2 2],0
fold_3/sample_1433/image.png,[0 0 0 0 0 0 0 0 0 0 0],0
fold_3/sample_1434/image.png,[0 0 0 0 0 0 0 0],0
fold_3/sample_1435/image.png,[0 0 0 0 0 0 0 0 0],0
fold_3/sample_1436/image.png,[0 0 0 0 0 0 0 0 0 0 0 0 0 0 0 0 0 1 2],0
fold_3/sample_1437/image.png,[0 2 2 2],0
fold_3/sample_1438/image.png,[],0
fold_3/sample_1439/image.png,[0 0 0 0 0 0 0 0 0 0 0 0 0 0 0 0 2],0
fold_3/sample_1440/image.png,[0 0 0 0 0 0 0 0 0 0 0 0 0 0 0 0 0 0 0 0 0 0 0 0 1 2],0
fold_3/sample_1441/image.png,[0 0 0 0 0 0 0 0 0 2 2 2 2 2],0
fold_3/sample_1442/image.png,[0 0 0 2 2 2 2 2],0
fold_3/sample_1443/image.png,[0 0 0 0 0 0 0 0 0 0 0 0 0 0 0 0 1 1],0
fold_3/sample_1444/image.png,[0 0 0 0 0 1 1 1],0
fold_3/sample_1445/image.png,[0 0 0 1 1 1 1 1 2 2 2 2],0
fold_3/sample_1446/image.png,[0 0 0 0 0 0 1 1 1 1 1 1 2 2 2 2],0
fold_3/sample_1447/image.png,[0 0 0 0 0 0 0 0 0 1 1 1 1 1 2 2 2],0
fold_3/sample_1448/image.png,[0 0 0 0 0 0 0 0 0 0 0 0 0 0 0 0 2 2 2 2 2 2 2],0
fold_3/sample_1449/image.png,[0 0 0 0 0 0 0 0 0 0 0 0 0 1 2 2 2 2 2 2],0
fold_3/sample_1450/image.png,[0 0 0 0 0 0 0 0 0 0 0 0 0 0 0 0 0 0 0 0 0 0 0 0 1 2 2 2 2],0
fold_3/sample_1451/image.png,[0 0 0 0 0 0 0 0 0 0 0 0 0 0 2 2],0
fold_3/sample_1452/image.png,[0 0 0 0 0 0 0 0 0 2 2 2 2 2 2],0
fold_3/sample_1453/image.png,[0 0 0 0 0 0 0 0 0 0 0 1 1 2 2 2 2 2],0
fold_3/sample_1454/image.png,[0 0 0 0 0 0 0 0 0 0 0 0 0 0 0 0 0 0 0 0 0 2 2 2],0
fold_3/sample_1455/image.png,[0 1 1 1 1 1 1 2 2 2 2 2],0
fold_3/sample_1456/image.png,[1 1 1 1 1 1 1 1 1 1 2 2 2],0
fold_3/sample_1457/image.png,[1 1 2 2],0
fold_3/sample_1458/image.png,[1 1 1 1 1 1 1 1 1 1 1 1 2 2 2 3 3 3 3 3],0
fold_3/sample_1459/image.png,[1 1 2 2 2 2 2 2 2 2 2],0
fold_3/sample_1460/image.png,[1],0
fold_3/sample_1461/image.png,[0],0
fold_3/sample_1462/image.png,[1 2],0
fold_3/sample_1463/image.png,[0 1 1 1 2 2 2 2 2],0
fold_3/sample_1464/image.png,[0 1 2 2 2 2 2 2 2 2 2 2 2],0
fold_3/sample_1465/image.png,[0 0 0 1 1 2 2 2 2 2],0
fold_3/sample_1466/image.png,[0],0
fold_3/sample_1467/image.png,[0 0 0 0 0 0 0 0 0 0 0 0 1 2 2 2 2 2],0
fold_3/sample_1468/image.png,[2 2 2],1
fold_3/sample_1469/image.png,[2 2],1
fold_3/sample_1470/image.png,[2 2 2 2 2],1
fold_3/sample_1471/image.png,[2 2],1
fold_3/sample_1472/image.png,[2 2],1
fold_3/sample_1473/image.png,[1 1 1 1 1 1 1 2 2 2 2 2 2 2 2 2 2 2 2 2 2 2 2 2 2 2 2 2 2 2 2 2 4 4],1
fold_3/sample_1474/image.png,"[1 1 1 1 1 1 1 1 1 1 1 1 1 1 2 2 2 2 2 2 2 2 2 2 2 2 2 2 2 2 2 2 2 2 2 2 2
 2]",1
fold_3/sample_1475/image.png,[1 1 1 1 1 1 1 2 2 2 2 2 2 2 2 2 2 2 2 2 2 2 2 2 2 2 2 4 4 4 4 4 4],1
fold_3/sample_1476/image.png,[2 2 2 2 2 2],1
fold_3/sample_1477/image.png,[2 2 2 2 2 2 2 2 2 2],1
fold_3/sample_1478/image.png,[0 1 2 2 2 2 2 2 2 2],1
fold_3/sample_1479/image.png,[0 0 0 0 1 1 1 2 2 2 2 2 2 2 2 2 2 2 2 2 2 2],1
fold_3/sample_1480/image.png,[2 2 2 2],1
fold_3/sample_1481/image.png,[0 0 1 1 1 1 2 2 2 2 2 2 2 2 2 2 2 2],1
fold_3/sample_1482/image.png,[0 0 0 0 0 0 0 0 0 0 0 0 0 0 0 2],1
fold_3/sample_1483/image.png,[0 0 0 2 2 2 2 2],1
fold_3/sample_1484/image.png,[0 0 0 1 1 2 2 2 2 2 2 2 2 2 2 2 2 2 2 2 2 2 2 2],1
fold_3/sample_1485/image.png,[2 2 2 2 2 2 2 2 2 2 2 2 2 2 2 2 2 2 2 2 2 2 2],1
fold_3/sample_1486/image.png,[0 0 0 0 0 1 1 1 1 2 2 2 2 2 2 2 2 2 2 2 2 2],1
fold_3/sample_1487/image.png,[1 2 2 2 2 2 2 2],1
fold_3/sample_1488/image.png,[2 2 2 2 2 2 2 2 2 2 2 2 2],1
fold_3/sample_1489/image.png,[1 2 2 2 4 4 4 4 4 4 4],1
fold_3/sample_1490/image.png,[1 1 1 1 2 2 4 4 4 4 4 4],1
fold_3/sample_1491/image.png,[1 1 1 2 2 4 4 4 4 4 4 4 4 4 4 4 4 4 4 4 4],1
fold_3/sample_1492/image.png,[1 2 4 4 4 4 4 4 4 4 4 4 4 4 4],1
fold_3/sample_1493/image.png,[1 1 1 1 2 2 2 2 2 2 2 4 4 4 4 4 4 4 4 4],1
fold_3/sample_1494/image.png,[1 1 1 1 1 1 1 1 1 1 1 1 2 2 2 2 2],1
fold_3/sample_1495/image.png,[2 2 2 2 2],1
fold_3/sample_1496/image.png,[2 2 2 2],1
fold_3/sample_1497/image.png,[2 2 2 2 2 2 2 2 2],1
fold_3/sample_1498/image.png,[2 2 2 2],1
fold_3/sample_1499/image.png,[2 2 2 2 2 2 2 2 2 2],1
fold_3/sample_1500/image.png,[1 1 1 2 2 2 2 2 2],1
fold_3/sample_1501/image.png,"[0 0 0 0 0 0 0 0 0 0 0 0 0 0 0 0 1 2 2 2 2 2 2 2 2 2 2 2 2 2 2 2 2 2 2 2 2
 2]",1
fold_3/sample_1502/image.png,"[0 0 0 0 0 0 0 0 0 0 0 0 0 0 0 0 0 0 0 0 0 0 0 0 0 0 0 0 0 0 0 0 2 2 2 2 2
 2 2 2 2]",1
fold_3/sample_1503/image.png,[0 0 0 0 0 0 0 0 0 0 0 0 0 0 0 0 0 0 0 0 1 2 2 2 2 2 2 2 2],1
fold_3/sample_1504/image.png,"[0 0 0 0 0 0 0 0 0 0 0 0 0 0 0 0 0 0 0 0 0 0 0 0 0 0 0 0 0 0 0 0 0 2 2 2 2
 2]",1
fold_3/sample_1505/image.png,[0 0 0 0 0 0 0 0 0 0 0 0 0 0 0 0 0 0 0 0 0 0 0 0 0 0 0 0 0 0 0 0 2 2 2 2],1
fold_3/sample_1506/image.png,[],1
fold_3/sample_1507/image.png,[],1
fold_3/sample_1508/image.png,[],1
fold_3/sample_1509/image.png,[],1
fold_3/sample_1510/image.png,[],1
fold_3/sample_1511/image.png,[],1
fold_3/sample_1512/image.png,[0 0 0 0 0 0 0 0 0 0 0 0 1 1 1 1 1 1 1 1 1 1 1 1 1 1 1 1 1 1 2 2 2 2 2 2 2],1
fold_3/sample_1513/image.png,[0 0 0 0 0 0 0 0 0 1 1 1 1 1 1 1 1 1 1 1 1 1 2 2 2 2 2 2 2 2 2 2 2 2 2 2],1
fold_3/sample_1514/image.png,"[0 0 1 1 1 1 1 1 1 1 1 1 1 1 1 1 1 1 2 2 2 2 2 2 2 2 2 2 2 2 2 2 2 2 2 2 2
 2 2 2]",1
fold_3/sample_1515/image.png,[0 0 0 0 0 0 0 0 0 0 0 0 0 0 0 0 0 0 0 0 0 0 0 0 0 0 0 1 1 1 2],1
fold_3/sample_1516/image.png,[0 0 0 0 0 0 0 0 0 0 0 0 0 0 0 0 0 1 1 1 1 1 1 1 1 2 2 2 2 2 2 2],1
fold_3/sample_1517/image.png,[0 0 0 0 0 0 0 0 0 0 0 0 0 0 0 0 0 0 0 0 0 0 0 2 2 2 2 2],1
fold_3/sample_1518/image.png,[],1
fold_3/sample_1519/image.png,[],1
fold_3/sample_1520/image.png,[1 1 1 1 1 1 1 1 1 1 1 1 1 2 2 2 2 2 2 2 2 2 2 2 2 2 2 2 2 2 2 2 2],1
fold_3/sample_1521/image.png,[2 2],1
fold_3/sample_1522/image.png,[2 2],1
fold_3/sample_1523/image.png,[],1
fold_3/sample_1524/image.png,[0 0 0 0 0 0 0 0 0 0 0 0 1 1 1 2 2],1
fold_3/sample_1525/image.png,[1 1 1 1 1 1 1 1 1 1 1 1 1 1 1 1 1 1 1 1 1 1 1 1 1 1 2 2 2 2 2 2 2 2 2 2],1
fold_3/sample_1526/image.png,[0 0 0 0 0 0 0 0 0 0 0 2],1
fold_3/sample_1527/image.png,"[1 1 1 1 1 1 1 1 1 1 1 1 1 1 1 1 1 1 1 1 1 1 1 1 1 1 1 1 1 1 1 1 1 1 1 1 1
 1 1 1 2 2 2 2 2 2 2 2 2 2 2 2 2 2 2 2 2]",1
fold_3/sample_1528/image.png,"[0 0 0 0 1 1 1 1 1 1 1 1 1 1 1 1 1 1 1 1 1 1 1 1 1 1 1 1 1 1 1 1 1 1 1 1 1
 1 1 1 1 1 1 1 1 1 1 1 1 1 1 1 1 1 2 2 2 2 2 2 2 2 2 2 2 2 2 2 2 2 2]",1
fold_3/sample_1529/image.png,"[1 1 1 1 1 1 1 1 1 1 1 1 1 1 1 1 1 1 1 1 1 1 1 1 1 1 1 1 1 1 1 1 1 1 1 1 1
 1 1 1 1 1 1 1 1 1 1 1 1 1 1 1 1 1 1 1 1 1 1 2 2 2 2 2 2 2 2 2 2]",1
fold_3/sample_1530/image.png,"[1 1 1 1 1 1 1 1 1 1 1 1 1 1 1 1 1 1 1 1 1 1 1 1 1 1 1 1 1 1 1 1 1 1 1 1 1
 2 2 2 2 2 2 2 2 2 2 2 2 2 2 2 2 2 2 2 2 2 2 2]",1
fold_3/sample_1531/image.png,"[1 1 1 1 1 1 1 1 1 1 1 1 1 1 1 1 1 1 1 1 1 1 1 1 1 1 1 1 1 1 1 1 1 1 1 1 1
 1 2 2 2 2 2 2 2 2 2 2 2 2]",1
fold_3/sample_1532/image.png,[0 0 0 0 0 0 0 0 0 0 0 0 0 0 0 2 2 2],1
fold_3/sample_1533/image.png,[0 0 0 0 0 0 0 0 0 0 0 0 0 0 0 0 0 0 0 0 0 2 2 2],1
fold_3/sample_1534/image.png,[0 0 0 0 0 0 0 0 0 0 0 0 1 1 1 1 2 2 2 2],1
fold_3/sample_1535/image.png,[0 0 0 0 0 0 0 0 0 1 1 2 2 2 2 2 2 2],1
fold_3/sample_1536/image.png,[0 1 1 1 1 1 2 2 2 2 2 2 2 2 2 2 2 2 2],1
fold_3/sample_1537/image.png,[1 1 1 1 1 1 1 2 2 2 2 2 2 2 2 2 2 2 2 2 2 2],1
fold_3/sample_1538/image.png,[0 1 1 1 1 1 1 1 1 1 1 1 1 1 1 1 1 1 2 2 2 2 2 2 2 2 2 2 2 2],1
fold_3/sample_1539/image.png,[1 1 1 1 1 1 1 1 1 1 1 1 1 1 1 1 1 1 1 2 2 2 2 2 2 2 2 2 2 2 2 2 2 2 2],1
fold_3/sample_1540/image.png,"[1 1 1 1 1 1 1 1 1 1 1 1 1 1 1 1 1 1 1 1 1 1 2 2 2 2 2 2 2 2 2 2 2 2 2 2 2
 2 2 2 2 2 2 2 2 2 2]",1
fold_3/sample_1541/image.png,"[1 1 1 1 1 1 1 1 1 1 1 1 1 1 1 1 1 2 2 2 2 2 2 2 2 2 2 2 2 2 2 2 2 2 2 2 2
 2 2 2 2 2 2 2]",1
fold_3/sample_1542/image.png,"[1 1 1 1 1 1 1 1 1 1 1 1 1 1 1 1 1 1 1 1 1 1 1 1 1 1 1 1 1 1 1 1 1 1 1 1 1
 1 1 1 1 1 1 1 1 1 1 1 2 2 2 2 2 2 2 2 2 2 2 2 2 2 2 2 2 2]",1
fold_3/sample_1543/image.png,[0 1 1 1 1 1 1 1 1 1 1 1 1 1 1 1 1 1 1 1 2 2 2 2 2 2 2 2 2 2 2 2 2 2],1
fold_3/sample_1544/image.png,[1 1 1 1 1 1 1 1 1 1 1 1 1 1 1 1 2 2 2 2 2 2 2 2 2 2 2 2 2 2 2 2 2 2 2],1
fold_3/sample_1545/image.png,[0 1 1 1 1 1 1 1 1 2 2 2 2 2 2 2 2 2 2 2 2 2 2 2 2 2 2],1
fold_3/sample_1546/image.png,"[0 0 0 1 1 1 1 1 1 1 1 1 1 1 1 1 1 1 1 1 1 1 1 1 1 1 1 1 1 2 2 2 2 2 2 2 2
 2 2 2 2]",1
fold_3/sample_1547/image.png,[1 1 1 1 1 1 2 2 2 2 2 2 2 2 2 2 2 2 2 2 2 2],1
fold_3/sample_1548/image.png,[1 1 1 1 1 1 1 1 1 1 1 2 2 2 2 2 2 2 2 2 2 2],1
fold_3/sample_1549/image.png,[1 1 1 1 2 2 2 2 2 2 2 2],1
fold_3/sample_1550/image.png,[2 2 2 2 2 2 2 2 4 4 4 4 4 4 4 4 4 4 4 4 4 4 4],1
fold_3/sample_1551/image.png,[2 2 2 2 4 4 4 4 4 4 4 4 4 4 4 4 4 4 4 4 4 4],1
fold_3/sample_1552/image.png,[1 2 2 2 2 2 2 2 2 2 2 2 2],1
fold_3/sample_1553/image.png,[0 0 0 0 0 0 0 0 0 0 0 0 0 2 2 2 2 2 2],2
fold_3/sample_1554/image.png,[0 0 0 0 0 0 0 0 0 0 0 0 0 0 0 0 0 0 0 0 2 2 2 2 2 2 2 2 2 2],2
fold_3/sample_1555/image.png,[0 0 0 0 0 0 0 0 2 2 2 2 2 2 2 2 2 2 2 2 2 2 2 2 2 2 2 2 2 2],2
fold_3/sample_1556/image.png,[0 0 0 0 0 0 0 0 0 0 0 0 0 0 0 0 0 0 0 0 0 2 2 2],2
fold_3/sample_1557/image.png,[0 0 0 0 0 0 0 0 0 0 0 0 0 0 0 0 0 1 2 2 2 2 2 2],2
fold_3/sample_1558/image.png,[0 0 0 0 0 0 0 0 0 0 0 0 0 0 0 1 1 2 2 2 2 2],2
fold_3/sample_1559/image.png,[0 0 0 0 0 0 0 0 0 0 2 2 2],2
fold_3/sample_1560/image.png,[0 0 0 0 0 0 0 0 0 0 1 2 2 2 2 2 2 2 2 2 2 2 2 2 2 2 2 2 2 2 2 2 2 2 2 2],2
fold_3/sample_1561/image.png,"[0 0 1 1 1 1 1 2 2 2 2 2 2 2 2 2 2 2 2 2 2 2 2 2 2 2 2 2 2 2 2 2 2 2 2 2 2
 2]",2
fold_3/sample_1562/image.png,[0 0 0 0 0 0 0 0 0 0 0 0 1 1 1 1 2 2 2 2 2 2 2 2 2 2 2 2 2 2 2 2 2 2 2 2 2],2
fold_3/sample_1563/image.png,[1 2 2 2 2 2 2 2 2 2 2],2
fold_3/sample_1564/image.png,[1 1 1 1 1 1 2 2 2 2],2
fold_3/sample_1565/image.png,[0 0 1 1 1 1 1 1 2 2 2 2 2 2 2 2 2 2 2 2 2 2],2
fold_3/sample_1566/image.png,[],2
fold_3/sample_1567/image.png,[],2
fold_3/sample_1568/image.png,[],2
fold_3/sample_1569/image.png,[],2
fold_3/sample_1570/image.png,[],2
fold_3/sample_1571/image.png,[],2
fold_3/sample_1572/image.png,[],2
fold_3/sample_1573/image.png,[1 1 2 2 2 2 2 2 2 2 2 2 2 2 2 2 2 2 2 2 2 2 2 2 2 2 2 2 2 2 2],2
fold_3/sample_1574/image.png,[2 2 2 2 2 2 2 2 2 2 2 2 2 2],2
fold_3/sample_1575/image.png,[2 2 2 2 2 2 2 2 2 2 2 2 2 2 2 2 2 2 2 2 2 2],2
fold_3/sample_1576/image.png,[2 2 2 2 2 2 2 2 2 2 2 2 2 2 2 2 2 2 2 2],2
fold_3/sample_1577/image.png,[1 2 2 2 2 2 2 2 2 2 2 2 2 2 2 2 2 2 2 2 2 2 2],2
fold_3/sample_1578/image.png,[2 2 2 2 2 2 2 2 2 2 2 2 2 2 2 2 2 2 2 2 2 2 2 2 2 2],2
fold_3/sample_1579/image.png,[2 2 2 2 2 2 2 2 2 2 2 2 2 2 2 2],2
fold_3/sample_1580/image.png,[0 0 0 0 0 0 0 0 0 0 0 0 0 0 0 0 0 0 0 0 0 0 0 0 0 0 0 0 0 0 0],2
fold_3/sample_1581/image.png,[0 0 0 0 0 0 0 0 0 0 0 0 0 0 0 0 0 0 0 0 0 0 0 0 0 0 0 0 2],2
fold_3/sample_1582/image.png,[0 0 0 0 0 0 0 0 0 0 0 0 1 2 2 2 2 2 2 2 2 2 2],2
fold_3/sample_1583/image.png,[0 0 0 0 0 0 0 0 0 0 0 0 0 0 0 0 0 0 0 0 0 0 0 0 0 2],2
fold_3/sample_1584/image.png,[0 0 0 0 0 0 0 0 0 0 0 0 0 0 0 0 0 0 0 0 0 0 0 0 0 0 0 0 0],2
fold_3/sample_1585/image.png,[0 0 0 0 0 0 0 0 0 0 0 0 0 0 0 0 0 0 0 0 0 0 0],2
fold_3/sample_1586/image.png,[0 0 0 0 0 0 0 0 0 0 0 0 0 0 0 0 0 0 0 0 0 0 0 0 0 0 1 2 2],2
fold_3/sample_1587/image.png,[0 0 0 0 0 0 0 0 0 0 0 0 0 0 0 0 0 0 0 0 0 0 0 0 0 0 0 0 0 0 0 2],2
fold_3/sample_1588/image.png,[0 0 0 0 0 0 0 0 0 0 0 0 0 0 0 0 0 0 0 0 0 1 1 2 2 2 2 2 2 2 2 2 2 2 2 2],2
fold_3/sample_1589/image.png,[0 0 0 0 0 0 0 0 0 0 0 0 0 0 0 0 0 0 0 0 0 0 0 2 2 2 2 2 2],2
fold_3/sample_1590/image.png,[0 0 0 0 0 0 0 0 0 0 0 0 0 0 0 0 0 0 0 0 0 0 0 0 0 0 0 0 0 0 1],2
fold_3/sample_1591/image.png,[0 0 0 0 0 0 0 0 0 0 0 0 0 0 0 0 0 0 0 0 0 0 0 0 0 0 0 0 0 0 0 0],2
fold_3/sample_1592/image.png,[0 0 0 0 0 0 0 0 0 0 0 0 0 0 0 0 0 0 0 0 0 0 0 0 0 0 0 0 0],2
fold_3/sample_1593/image.png,[0 0 0 0 0 0 0 0 0 0 0 0 0 0 0 0 0 0 0 0 0 0 0 0 0 0 0],2
fold_3/sample_1594/image.png,[0 0 0 0 0 0 0 0 0 0 0 0 0 0 0 0 0 0 0 0 0 0 0 0 0 0 0 0 0 0 0 1],2
fold_3/sample_1595/image.png,[2 2 2 2 2 2 2 2 2 2 2 2 2 2 2 2 2 2],2
fold_3/sample_1596/image.png,[1 2 2 2 2 2 2 2 2 2 2 2],2
fold_3/sample_1597/image.png,[1 2 2 2 2 2 2 2 2 2 2 2 2 2 2],2
fold_3/sample_1598/image.png,[2 2 2 2 2 2 2 2 2 2 2 2 2 2],2
fold_3/sample_1599/image.png,[2 2 2 2 2 2 2 2 2 2 2 2 2 2 2 2 2 2 2 2 2],2
fold_3/sample_1600/image.png,[2 2 2 2 2 2 2 2 2 2 2 2 2 2 2 2 2 2],2
fold_3/sample_1601/image.png,[2 2 2 2 2 2 2 2 2 2 2 2 2],2
fold_3/sample_1602/image.png,[1 1 2 2 2 2 2 2 2 2 2 2 2 2 2 2 2 2],2
fold_3/sample_1603/image.png,[2 2 2 2 2 2 2 2 2 2 2 2 2],2
fold_3/sample_1604/image.png,[2 2 2 2 2 2 2 2 2],2
fold_3/sample_1605/image.png,[2 2 2 2 2 2 2 2 2],2
fold_3/sample_1606/image.png,[2 2 2 2 2 2 2 2 2 2],2
fold_3/sample_1607/image.png,[2 2 2],2
fold_3/sample_1608/image.png,[2 2 2 2 2 2],2
fold_3/sample_1609/image.png,[2 2 2 2 2],2
fold_3/sample_1610/image.png,[2 2 2 2 2 2 2 2 2 2 2 2],2
fold_3/sample_1611/image.png,[],3
fold_3/sample_1612/image.png,[2],3
fold_3/sample_1613/image.png,[1 2 2 2 2 2 2 4 4 4 4 4 4 4 4],3
fold_3/sample_1614/image.png,[2 2 2 2 4 4 4 4 4 4 4 4 4 4 4 4 4 4 4 4 4 4 4 4 4 4 4 4 4 4 4 4 4 4 4 4],3
fold_3/sample_1615/image.png,[1 2 2 2 2],3
fold_3/sample_1616/image.png,[2 2 2 2 2 2 2 4],3
fold_3/sample_1617/image.png,[2 2 2 2 2 2 2],3
fold_3/sample_1618/image.png,[0 0 0 0 0 0 0 0 0 0 1 2 2 2 2 2 2 2 2 2],3
fold_3/sample_1619/image.png,[0 0 0 0 0 0 0 1 1 1 2 2 2 2 2 2 2 2 2 2 2 2 2 2 2 2 2],3
fold_3/sample_1620/image.png,[1 1 1 1 1 2 2 2 2 2 2 2 2 2 2 2 2 2 2 2 2 2],3
fold_3/sample_1621/image.png,[2 2 2 2 2 2 2 2 2 2 2 2],3
fold_3/sample_1622/image.png,"[0 0 0 0 0 0 0 0 0 0 0 0 0 0 0 0 0 0 0 0 0 0 0 0 0 0 0 0 0 0 0 0 0 0 0 0 0
 0 0 0 0 0 0 0 0]",3
fold_3/sample_1623/image.png,[0 0 0 0 0 0 0 0 0 0 0 0 0 0 0 0 0 0 1 2 2 2 2 2 2 2 2],3
fold_3/sample_1624/image.png,[0 0 0 0 0 0 0 0 0 0 0 0 0 0 0 0 0 0 0 0 0 0 0 0 0 0 2 2 2 2 2 2 2 2 2 2],3
fold_3/sample_1625/image.png,"[0 0 0 0 0 0 0 0 0 0 0 0 0 0 0 0 0 0 0 0 0 0 0 0 0 0 0 0 0 0 0 0 0 0 0 0 0
 0 0 0 0 0 2]",3
fold_3/sample_1626/image.png,[0 0 0 0 0 0 0 0 0 0 0 0 0 1 1 1 1 1 1 1 2 2 2 2 2 2 2 2 2 2],3
fold_3/sample_1627/image.png,[0 0 0 1 1 1 1 1 2 2 2 2 2 2 2 2 2 2 2 2 2 2 2 2 2],3
fold_3/sample_1628/image.png,[0 0 0 0 0 0 0 0 0 0 0 0 0 0 0 0 0 0],3
fold_3/sample_1629/image.png,[0 0 0 0 0 0 0 0 0 0 0 0 0 0 0 0 0 0 0 0],3
fold_3/sample_1630/image.png,[0 0 0 0 0 0 0 0 0 0 0 0 0 0 0 0 0 0 0 0 0 0 0 0 0],3
fold_3/sample_1631/image.png,[0 0 0 0 0 0 0 0 0 0 0 0 0 0 0 1],3
fold_3/sample_1632/image.png,[0 0 0 0 0 0 0 0 0 0 0 0 0 0 0 0],3
fold_3/sample_1633/image.png,[0 0 0 0 0 0 0 0 0 0 0 0 0 0 0 0 0 0 0 0 0 0 0 0 0 0],3
fold_3/sample_1634/image.png,[0 0 0 0 0 0 0 0 0 0 0 0 0 0 0 0 0 0 0 0 0 0 0 0 0 2],3
fold_3/sample_1635/image.png,[],3
fold_3/sample_1636/image.png,[],3
fold_3/sample_1637/image.png,[0 0 0 0 0 0 0 0 0 0 0 0 0 0 0 0 0 0 0 0 0],3
fold_3/sample_1638/image.png,[0 0 0 0 0 0 0 0 0 0 0 0 0 0 0 0],3
fold_3/sample_1639/image.png,[0 0 0 0 0 0 0 0 0 0 0 0 0 0 0 0 0 0 0 0 2 2 2],3
fold_3/sample_1640/image.png,[1 2 2 2 2 2 2],3
fold_3/sample_1641/image.png,[2 2 2],3
fold_3/sample_1642/image.png,[1 2 2 2 2 2 2 2 2 2 2 2],3
fold_3/sample_1643/image.png,[1 2 2 2 2 2 2],3
fold_3/sample_1644/image.png,[1 2 2 2 2 2 2 2 2 2],3
fold_3/sample_1645/image.png,[],3
fold_3/sample_1646/image.png,[],3
fold_3/sample_1647/image.png,[],3
fold_3/sample_1648/image.png,[],3
fold_3/sample_1649/image.png,"[0 0 0 0 0 0 0 0 0 0 0 0 0 0 0 0 0 0 0 0 0 0 0 0 0 0 0 0 0 0 0 0 0 0 0 0 0
 0 0 0 0 0 0 0 0 0 0 0 0 0 0 0 0 0 0 0 0 0 0 0 0 0 0 0 0 0 0 0 0 0 0 0 0 0
 0 0 0 0 0 0 1 2 2 2 2 2 2 2]",3
fold_3/sample_1650/image.png,"[0 0 0 0 0 0 0 0 0 0 0 0 0 0 0 0 0 0 0 0 0 0 0 0 0 0 0 0 0 0 0 0 0 0 0 0 0
 0 0 0 0 0 0 0 0 0 0 0 0 0 0 0 0 0 0 0 0 0 0 0 0 0 0 0 0 0 0 0 0 0 0 2 2 2
 2 2 2 2 2 2 2]",3
fold_3/sample_1651/image.png,"[0 0 0 0 0 0 0 0 0 0 0 0 0 0 0 0 0 0 0 0 0 0 0 0 0 0 0 0 0 0 0 0 0 0 0 0 0
 0 0 0 0 0 0 0 0 0 0 0 0 0 0 0 0 0 0 0 0 0 0 0 0 0 0 0 0 0 0 0 0 0 0 0 0 0
 0 0 0 0 0 0 0 0 0 0 0 2 2 2 2 2 2]",3
fold_3/sample_1652/image.png,[0 0 0 0 0 0 0 0 0 0 0 0 0 0 0 0 0 0 0 0 0 2 2 2 2 2 2],3
fold_3/sample_1653/image.png,"[0 0 0 0 0 0 0 0 0 0 0 0 0 0 0 0 0 0 2 2 2 2 2 2 2 2 2 2 2 2 2 2 2 2 2 2 2
 2]",3
fold_3/sample_1654/image.png,[0 0 0 0 0 0 0 0 0 0 0 0 0 0 0 1 2 2 2 2 2 2 2 2 2 2 2 2 2 2 2 2 2 2 2 2 2],3
fold_3/sample_1655/image.png,[0 0 0 0 0 0 0 0 0 0 0 0 0 0 0 0 0 0 0 0 1 1 2 2 2 2 2 2 2 2],3
fold_3/sample_1656/image.png,[0 0 0 0 0 0 0 1 2 2 2 2 2 2 2 2 2 2 2 2 2 2 2 2 2 2 2 2 2 2 2 2 2],3
fold_3/sample_1657/image.png,"[0 0 0 0 0 0 0 0 0 0 0 0 0 0 0 0 0 0 0 0 0 0 0 0 1 2 2 2 2 2 2 2 2 2 2 2 2
 2 2 2]",3
fold_3/sample_1658/image.png,[0 0 0 0 0 0 0 0 0 0 0 0 0 2 2 2 2 2 2 2 2 2 2 2 2 2 2 2],3
fold_3/sample_1659/image.png,[0 0 0 0 0 0 0 0 0 0 0 0 0 1 1 1 2 2 2 2 2 2 2 2],3
fold_3/sample_1660/image.png,"[0 0 0 0 0 0 0 0 0 0 0 0 0 0 0 0 0 0 0 0 0 0 0 0 0 0 0 0 0 0 0 1 2 2 2 2 2
 2 2]",3
fold_3/sample_1661/image.png,[0 0 0 0 0 0 0 0 0 2 2 2 2 2 2 2 2 2 2],3
fold_3/sample_1662/image.png,[0 0 0 0 0 0 0 0 0 0 0 0 0 0 0 0 0 0 0 0 0 0 0 0 2 2 2 2 2],3
fold_3/sample_1663/image.png,[0 0 0 0 0 0 0 0 0 0 0 0 0 0 0 0 0 0 0 0 0 0 0 0 0 1 2 2 2],3
fold_3/sample_1664/image.png,[],4
fold_3/sample_1665/image.png,[],4
fold_3/sample_1666/image.png,[],4
fold_3/sample_1667/image.png,[],4
fold_3/sample_1668/image.png,[],4
fold_3/sample_1669/image.png,[],4
fold_3/sample_1670/image.png,[],4
fold_3/sample_1671/image.png,"[0 0 0 0 0 0 0 0 0 0 0 0 0 0 0 0 0 0 0 0 0 0 0 0 0 0 0 0 0 0 0 0 0 0 0 0 0
 0]",4
fold_3/sample_1672/image.png,"[0 0 0 0 0 0 0 0 0 0 0 0 0 0 0 0 0 0 0 0 0 0 0 0 0 0 0 0 0 0 0 0 0 0 0 0 0
 0 0 0 0 0 0 0 0 1]",4
fold_3/sample_1673/image.png,"[0 0 0 0 0 0 0 0 0 0 0 0 0 0 0 0 0 0 0 0 0 0 0 0 0 0 0 0 0 0 0 0 0 0 0 0 0
 0 0 0 0 0 0 0 0 0 0 0 0 0 0 0 0 0 0 0 0 0 0 0 0 0 0 0 0 0 0 0 1]",4
fold_3/sample_1674/image.png,"[0 0 0 0 0 0 0 0 0 0 0 0 0 0 0 0 0 0 0 0 0 0 0 0 0 0 0 0 0 0 0 0 0 0 0 0 0
 0 1 1 2 2 2 2 2 2 2 2 2 2 2 2 2]",4
fold_3/sample_1675/image.png,[0 0 0 0 0 0 0 0 0 0 0 0 0 0 0 0 0 1 1 1 1 1 1 1 1 1 1 1 2 2 2 2 2 2 2 2 2],4
fold_3/sample_1676/image.png,[0 0 0 0 0 0 0 0 0 0 0 0 0 0 0 0 0 0 0 1 2 2 2 2 2 2 2 2 2 2 2 2 2 2 2 2],4
fold_3/sample_1677/image.png,[0 0 1 1 1 1 1 2 2 2 2 2 2 2 2 2 2 2 2 2 2 2 2 2 2 2 2 2 2 2 2 2 2 2 2 2 2],4
fold_3/sample_1678/image.png,[0 0 0 0 0 0 0 0 0 0 0 0 0 0 0 0 0 0 0 0 0 0 0 0 0 0 0 0 0 0 0 0 0 0 0 0 1],4
fold_3/sample_1679/image.png,[2 2 2 2 2 2 2 2 2 2 2 2 2 2],4
fold_3/sample_1680/image.png,[2 2 2],4
fold_3/sample_1681/image.png,[0 0 0 0 0 0 0 0 0 0 0 0 0 0 0 0 0 0 0 0 0 0 1],4
fold_3/sample_1682/image.png,"[0 0 0 0 0 0 0 0 0 0 0 0 0 0 0 0 0 0 0 0 0 0 0 0 0 0 0 0 0 0 0 0 0 0 0 0 0
 0 0 1]",4
fold_3/sample_1683/image.png,[0 0 0 0 0 0 0 0 0 0 0 0 0 0 0 0 0 0 0 0 0 0 0 0 0 0 0 0 0 0],4
fold_3/sample_1684/image.png,[0 0 0 0 0 0 0 0 0 0 0 0 0 0 0 0 0 0 0 0 0 0 0 0 0 0 0 0 1 1 1 1 1 1 1 1],4
fold_3/sample_1685/image.png,"[0 0 0 0 0 0 0 0 0 0 0 0 0 0 0 0 0 0 0 0 0 0 0 0 0 0 0 1 1 1 1 1 1 1 1 1 1
 1 1 1 1 2 2 2]",4
fold_3/sample_1686/image.png,[0 0 0 0 0 0 0 0 0 0 0 0 0 0 0 0 0 0 0 0 0 0 0 0 0 0 0 0 0 1 2],4
fold_3/sample_1687/image.png,"[0 0 0 0 0 0 0 0 0 0 0 0 0 0 0 0 0 0 0 0 0 0 0 0 0 0 0 0 0 0 0 0 0 1 1 1 1
 1 1 1 1 2 2]",4
fold_3/sample_1688/image.png,[0 0 0 0 0 0 0 0 0 0 0 0 0 0 0 0 0 0 0 0 0 0 0 0 0 0 0 0 0 0 0 0 1 1 2],4
fold_3/sample_1689/image.png,[0 0 0 0 0 0 0 0 0 0 0 0 0 0 0 0 0 0 0 0 0 0 0 0 0 0 1 1 1 1 2 2],4
fold_3/sample_1690/image.png,"[0 0 0 0 0 0 0 0 0 0 0 0 0 0 0 0 0 0 0 0 0 0 0 0 1 1 1 1 1 1 1 1 1 1 1 2 2
 2 2]",4
fold_3/sample_1691/image.png,"[0 0 0 0 0 0 0 0 0 0 0 0 0 0 0 0 0 0 0 0 0 0 0 0 0 0 0 0 0 0 0 1 1 1 1 1 2
 2 2]",4
fold_3/sample_1692/image.png,"[1 1 1 1 1 1 1 1 1 1 1 1 1 1 1 1 1 1 1 1 1 1 1 1 1 2 2 2 2 2 2 2 2 2 2 2 2
 2 2 2 2 2 2 2 2 2 2 2]",4
fold_3/sample_1693/image.png,[2 2 2 2 2 2 2 2 2 2 2 2 2 2 2 2 2 2 2 2 2 2 2 2 2 2 2 2 2 2],4
fold_3/sample_1694/image.png,"[1 1 1 1 1 1 1 1 1 1 1 1 1 1 1 1 1 1 1 1 1 1 1 1 1 1 1 1 1 1 1 1 1 1 1 1 1
 1 1 1 1 1 1 1 1 1 1 1 1 1 1 1 1 1 1 1 2 2 2 2 2 2 2 2 2 2]",4
fold_3/sample_1695/image.png,"[0 0 0 1 1 1 1 1 1 1 1 1 1 1 1 1 1 1 1 1 1 1 1 1 1 1 1 1 1 1 1 1 1 1 1 1 1
 1 1 1 1 1 1 1 1 1 1 1 1 1 1 1 1 1 1 1 1 1 1 1 1 1 2 2 2 2 2 2 2 2 2 2 2 2
 2 2 2 2]",4
fold_3/sample_1696/image.png,"[0 0 0 0 0 0 0 0 0 0 0 0 0 0 0 0 0 0 0 0 0 0 0 0 0 0 0 0 0 0 0 0 0 0 0 0 0
 0 0 0 0]",4
fold_3/sample_1697/image.png,"[0 0 0 0 0 0 0 0 0 0 0 0 0 0 0 0 0 0 0 0 0 0 0 0 0 0 0 0 0 0 0 0 0 0 0 0 0
 0 0 0 0 0 0 0 0 0 0 0 0 0 0 0 0]",4
fold_3/sample_1698/image.png,"[0 0 0 0 0 0 0 0 0 0 0 0 0 0 0 0 0 0 0 0 0 0 0 0 0 0 0 0 0 0 0 0 0 0 0 0 0
 0 0 0 0 0 0 0 0 0 0 0 0 0 0 0 0]",4
fold_3/sample_1699/image.png,"[0 0 0 0 0 0 0 0 0 0 0 0 0 0 0 0 0 0 0 0 0 0 0 0 0 0 0 0 0 0 0 0 0 0 0 0 0
 0 0 0 0 0]",4
fold_3/sample_1700/image.png,"[0 0 0 0 0 0 0 0 0 0 0 0 0 0 0 0 0 0 0 0 0 0 0 0 0 0 0 0 0 0 0 0 0 0 0 0 0
 0]",4
fold_3/sample_1701/image.png,[4 4 4 4 4 4 4],5
fold_3/sample_1702/image.png,[1 1 1 1 1 2 2 2 2 4 4 4 4 4 4 4 4 4 4 4 4],5
fold_3/sample_1703/image.png,[1 1 2 2 2 2 2 4 4 4 4 4 4 4 4 4 4 4 4],5
fold_3/sample_1704/image.png,[1 1 2 2 4 4 4 4 4 4 4 4 4 4 4 4],5
fold_3/sample_1705/image.png,[2 2 2 4 4 4 4 4 4 4 4 4 4 4 4 4 4 4 4 4 4 4],5
fold_3/sample_1706/image.png,[2 2 4 4 4 4 4 4 4 4 4],5
fold_3/sample_1707/image.png,[1 1 1 1 2 2 2 2 4 4 4 4 4 4 4 4 4 4 4 4 4 4 4 4 4 4 4 4 4 4],5
fold_3/sample_1708/image.png,[2 4 4 4 4 4 4 4 4 4 4 4],5
fold_3/sample_1709/image.png,[1 1 1 1 1 1 1 2 2 2 2 2 2 2 4 4 4],5
fold_3/sample_1710/image.png,[1 1 1 1 1 1 1 2 2 2 4 4 4 4 4 4 4 4 4],5
fold_3/sample_1711/image.png,[1 1 1 1 1 1 1 1 1 1 2 2 2 2 2 2 2 4 4 4 4 4 4 4],5
fold_3/sample_1712/image.png,[1 1 1 1 1 1 2 2 2 4 4 4 4 4 4 4 4 4 4 4],5
fold_3/sample_1713/image.png,[1 1 1 1 1 1 1 1 1 1 2 2 2 4 4 4 4 4 4 4 4 4 4 4],5
fold_3/sample_1714/image.png,[4 4 4 4 4 4 4 4],5
fold_3/sample_1715/image.png,[1 1 1 1 1 1 2 2 2 2 2 4 4 4 4 4 4 4 4 4 4],5
fold_3/sample_1716/image.png,[1 1 1 1 1 1 1 1 1 1 2 2 2 2 2 4 4 4 4 4 4],5
fold_3/sample_1717/image.png,[2 4 4 4 4 4 4 4 4 4],5
fold_3/sample_1718/image.png,[1 1 1 1 2 2 2 2 4 4 4 4 4 4 4 4 4],5
fold_3/sample_1719/image.png,[2 4 4 4 4 4 4 4],5
fold_3/sample_1720/image.png,[1 1 1 1 2 2 2 2 2 4 4 4 4 4 4 4 4 4 4],5
fold_3/sample_1721/image.png,[1 1 1 1 2 2 2 2 2 2 2 4 4 4 4 4 4 4 4 4 4],5
fold_3/sample_1722/image.png,[1 1 1 1 1 1 1 1 1 1 1 1 1 1 1 1 1 2 2 2 4 4 4 4 4],5
fold_3/sample_1723/image.png,[2 2 2 2 2 2 4 4 4 4 4 4 4 4 4 4 4],5
fold_3/sample_1724/image.png,[2 2 2 2 2 2 2 2 2 2 4 4 4 4 4 4 4 4 4 4 4 4],5
fold_3/sample_1725/image.png,[0 1 1 1 1 1 1 1 1 1 1 1 1 2 2 2 2 2 2 2 2 4],5
fold_3/sample_1726/image.png,[1 1 1 1 1 1 1 1 1 1 1 1 1 1 2 2 2 2 2 2 2 2 2 2 2],5
fold_3/sample_1727/image.png,[1 1 1 1 1 1 1 1 1 1 1 1 1 1 1 2 2 2 2 2 2 2 2 2 2 2 4 4],5
fold_3/sample_1728/image.png,[1 1 1 1 1 1 1 1 1 1 1 1 1 1 1 1 2 2 2 2 2 2 2],5
fold_3/sample_1729/image.png,[4 4],5
fold_3/sample_1730/image.png,[0 0 0 0 0 0 0 0 0 0 0 0 1 1 1 1 1 1 1 2 2 2 2 2 2 3 4 4],5
fold_3/sample_1731/image.png,[0 0 0 0 0 0 0 0 0 0 0 0 0 0 0 0 0 0 0 0 0 0 0 0 0 0 0 0 0 0 0 0 0 0 0],5
fold_3/sample_1732/image.png,[1 1 1 1 1 1 1 1 1 1 1 1 1 1 1 1 1 1 1 1 2 2 2],5
fold_3/sample_1733/image.png,[1 1 1 1 1 1 1 1 1 1 1 1 1 1 1 2 2 2],5
fold_3/sample_1734/image.png,[1 2 4 4 4 4 4 4 4 4 4 4 4 4 4 4 4 4 4 4 4 4 4],5
fold_3/sample_1735/image.png,[1 1 1 1 1 1 1 1 1 2 2 2 2 2 2 2 2 2 2 2 2 2 2 2 2 4 4],5
fold_3/sample_1736/image.png,[1 1 1 1 1 2 2 2 4 4 4 4 4 4 4],5
fold_3/sample_1737/image.png,[2 2 2 2 2 4 4 4 4 4 4 4 4 4 4 4 4 4 4 4 4 4],5
fold_3/sample_1738/image.png,[1 1 1 1 1 2 2 2 2 2 2 2 2 2 2 2 2 2 2 4 4 4 4 4 4],5
fold_3/sample_1739/image.png,[4 4 4 4 4 4 4 4 4 4 4 4 4],5
fold_3/sample_1740/image.png,[1 1 1 1 1 1 2 2 2 2 2 4 4 4 4 4 4 4],5
fold_3/sample_1741/image.png,[2 4 4 4 4 4 4 4 4 4 4],5
fold_3/sample_1742/image.png,[4 4 4 4 4 4 4 4 4 4 4 4 4 4 4 4 4 4 4 4 4],5
fold_3/sample_1743/image.png,[],5
fold_3/sample_1744/image.png,[0],5
fold_3/sample_1745/image.png,[0 0 0 0 0 0 0 1 2 2],5
fold_3/sample_1746/image.png,[0 0 1 2 2 4 4 4 4 4 4 4 4 4 4 4],5
fold_3/sample_1747/image.png,[2 4 4 4 4],5
fold_3/sample_1748/image.png,[2 2 2 2 4 4 4 4 4 4 4 4 4 4],5
fold_3/sample_1749/image.png,[1 2 2 2 2 2 2 2],5
fold_3/sample_1750/image.png,[2 2 2 2 2 2 2 2 2],5
fold_3/sample_1751/image.png,[2 2],5
fold_3/sample_1752/image.png,[2],5
fold_3/sample_1753/image.png,[2 2],5
fold_3/sample_1754/image.png,[2 2 2 2 2 2 2 2],5
fold_3/sample_1755/image.png,[2 2 2],5
fold_3/sample_1756/image.png,[2 2 2 4 4 4 4 4 4 4 4 4],5
fold_3/sample_1757/image.png,[],5
fold_3/sample_1758/image.png,[4 4 4 4 4 4 4],5
fold_3/sample_1759/image.png,[2 2 2 2 2 2 2],5
fold_3/sample_1760/image.png,[0 0 0 0 0 0 0 0 0],5
fold_3/sample_1761/image.png,[4 4 4 4 4 4 4 4 4 4 4],5
fold_3/sample_1762/image.png,[1 1 1 2 2 2 2 4 4 4 4 4 4 4 4 4 4 4 4 4 4 4 4 4 4],5
fold_3/sample_1763/image.png,[2 4 4 4 4 4 4 4 4 4 4 4 4 4 4 4 4 4 4 4 4],5
fold_3/sample_1764/image.png,[1 1 1 1 1 1 1 1 1 1 2 2 2 2 2 2 2 2 2 4 4 4 4 4],5
fold_3/sample_1765/image.png,[1 2 2 2 2 4 4 4 4 4 4 4 4 4],5
fold_3/sample_1766/image.png,[1 1 1 2 2 2 2 4 4 4 4 4 4 4 4],5
fold_3/sample_1767/image.png,[1 1 1 1 1 1 2 2 2 2 2 4 4 4 4 4 4 4],5
fold_3/sample_1768/image.png,[1 1 1 1 1 1 1 1 1 1 1 1 1 2 2 2 2 4 4 4 4 4 4 4],5
fold_3/sample_1769/image.png,[2 2 2 2 4 4 4],5
fold_3/sample_1770/image.png,[1 1 1 2 2 2 2 2 2 4 4 4 4 4 4 4 4 4 4],5
fold_3/sample_1771/image.png,[1 1 2 2 2 2 2 4 4 4 4 4 4 4 4 4 4 4 4 4 4 4 4 4 4 4 4 4],5
fold_3/sample_1772/image.png,[2 2 2 4 4 4 4 4 4 4 4 4 4 4 4 4 4 4 4 4 4],5
fold_3/sample_1773/image.png,[2 4 4 4 4 4 4 4 4 4 4 4 4 4 4 4],5
fold_3/sample_1774/image.png,[1 1 2 2 2 2 4 4 4 4 4 4 4 4 4 4],5
fold_3/sample_1775/image.png,[4 4 4 4 4 4 4 4 4],5
fold_3/sample_1776/image.png,[4 4 4 4 4 4],5
fold_3/sample_1777/image.png,[],5
fold_3/sample_1778/image.png,[2 2 2 2],5
fold_3/sample_1779/image.png,[],5
fold_3/sample_1780/image.png,[],5
fold_3/sample_1781/image.png,[2 2 2 2 2 2 2 2],5
fold_3/sample_1782/image.png,[4 4 4 4 4 4 4 4 4 4 4 4 4 4 4 4 4 4 4 4 4 4 4 4],5
fold_3/sample_1783/image.png,"[1 4 4 4 4 4 4 4 4 4 4 4 4 4 4 4 4 4 4 4 4 4 4 4 4 4 4 4 4 4 4 4 4 4 4 4 4
 4 4 4 4 4 4 4 4 4 4 4 4 4 4]",5
fold_3/sample_1784/image.png,[4 4],5
fold_3/sample_1785/image.png,[1 2 2 2 2 2 2 2 2 2 2 2 2 2 4 4 4 4],5
fold_3/sample_1786/image.png,[1 1 2 2 2 4 4 4 4 4 4 4 4 4 4 4 4 4 4],5
fold_3/sample_1787/image.png,[1 1 1 1 1 2 2 2 2 2 2 2 2 2 2 2 4 4 4 4 4 4 4 4 4 4 4 4 4 4 4 4 4 4 4 4],5
fold_3/sample_1788/image.png,[1 1 1 1 2 2 2 2 2 2 2 2 2 2 2 2 2 2 2 4 4 4 4 4],5
fold_3/sample_1789/image.png,[1 2 2 2 2 2 2 2 2 2 2 2 2 2 2 4 4 4 4 4 4 4],5
fold_3/sample_1790/image.png,[2 2 2 2 2 2 2 2 2 2 4 4 4 4 4 4 4 4 4 4],5
fold_3/sample_1791/image.png,[1 4 4 4 4 4 4 4 4],5
fold_3/sample_1792/image.png,[1 1 2 2 2 2 2 2 2 2 2 2 4 4 4 4 4 4 4 4 4 4 4],5
fold_3/sample_1793/image.png,[4 4 4 4 4 4 4 4 4 4 4 4 4 4 4 4 4 4 4 4 4 4 4 4 4 4 4 4 4],5
fold_3/sample_1794/image.png,[1 1 2 2 2 2 2 2 2 2 2 2 2 2 2 2 2 2 2 2 2 2 2 2 2 2 4 4 4 4],5
fold_3/sample_1795/image.png,[2 2 2 2 2 2 2 4 4 4 4 4 4 4 4 4 4 4 4 4 4 4 4 4 4 4 4],5
fold_3/sample_1796/image.png,[2 2 2 4 4 4 4 4 4 4],5
fold_3/sample_1797/image.png,[],5
fold_3/sample_1798/image.png,[1 1 1 2 2 2 2 2 2 2 2 2 2 2 2 2 2 2 2 2 2 2 4 4 4],5
fold_3/sample_1799/image.png,[1 1 1 1 1 1 2 2 2 2 2 2 2 2 2 2 2],5
fold_3/sample_1800/image.png,[2 2 4 4 4 4 4 4 4],5
fold_3/sample_1801/image.png,[1 2 2 2 2 2 2 2 2 2 2 2 2 2 2 2],5
fold_3/sample_1802/image.png,[1 1 1 1 2 2 2 2 2 2 2 2 2 2 2 2 4 4 4 4 4 4 4 4 4 4 4],5
fold_3/sample_1803/image.png,[],5
fold_3/sample_1804/image.png,[],5
fold_3/sample_1805/image.png,[],5
fold_3/sample_1806/image.png,[1 1 2 2 2 4 4 4 4 4 4 4],5
fold_3/sample_1807/image.png,[1 1 1 1 1 1 1 1 1 1 1 1 1 1 2 2 4 4 4 4 4 4 4 4],5
fold_3/sample_1808/image.png,[1 1 1 1 1 1 1 1 1 2 2 2 2 2 4 4 4 4 4 4 4 4 4 4],5
fold_3/sample_1809/image.png,[4],5
fold_3/sample_1810/image.png,[1 1 1 1 1 2 4 4 4 4 4 4 4 4 4 4 4],5
fold_3/sample_1811/image.png,[1 1 1 1 1 1 1 1 1 1 1 1 2 4 4 4 4 4 4 4 4 4 4 4 4 4 4 4 4 4],5
fold_3/sample_1812/image.png,[1 1 2 2 2 2 2 2 2 4 4 4 4 4 4 4 4],5
fold_3/sample_1813/image.png,[1 1 1 1 1 1 1 2 2 2 2 4 4 4 4 4 4 4 4 4 4],5
fold_3/sample_1814/image.png,[2 2 2 2 4 4 4 4 4 4 4 4 4 4 4 4 4 4 4 4 4],5
fold_3/sample_1815/image.png,[1 1 1 1 1 1 1 1 1 1 1 2 2 2 4 4 4 4 4 4 4 4],5
fold_3/sample_1816/image.png,[1 1 1 1 1 1 1 1 2 2 4 4 4 4 4 4 4 4 4 4 4 4],5
fold_3/sample_1817/image.png,[1 1 1 1 1 1 1 2 2 2 2 4 4 4 4 4 4 4 4 4 4 4 4],5
fold_3/sample_1818/image.png,[1 1 1 1 1 1 1 1 1 1 1 2 2 2 4 4 4 4 4 4 4 4],5
fold_3/sample_1819/image.png,[1 1 1 1 1 1 1 1 1 1 1 1 1 1 1 2 2 2 2 2 4 4 4 4],5
fold_3/sample_1820/image.png,[1 1 1 1 1 1 1 1 2 2 2 2 2 2 2 4 4 4 4 4 4],5
fold_3/sample_1821/image.png,[1 1 1 1 1 1 1 1 2 4 4 4 4 4 4 4],5
fold_3/sample_1822/image.png,[1 1 1 1 1 2 2 4 4 4 4 4 4 4 4 4 4 4],5
fold_3/sample_1823/image.png,[4 4],5
fold_3/sample_1824/image.png,[4 4 4 4 4],5
fold_3/sample_1825/image.png,[1 1 1 1 1 1 1 1 1 2 2 2 4 4 4 4],5
fold_3/sample_1826/image.png,[1 1 1 1 1 1 1 1 1 1 1 1 1 1 1 4 4],5
fold_3/sample_1827/image.png,[1 1 1 1 1 1 1 1 1 1 1 2 2 2 4 4 4 4 4 4 4 4 4 4 4 4 4 4],5
fold_3/sample_1828/image.png,[1 1 1 1 1 1 1 1 1 1 1 2 2 2 2 4 4 4 4 4 4 4 4],5
fold_3/sample_1829/image.png,[1 1 2 2 2 2 2 2 2 4 4 4 4 4 4],5
fold_3/sample_1830/image.png,[2 2 4 4 4 4 4 4 4 4 4 4 4 4],5
fold_3/sample_1831/image.png,[1 4 4 4 4 4 4 4 4 4],5
fold_3/sample_1832/image.png,[],5
fold_3/sample_1833/image.png,[],5
fold_3/sample_1834/image.png,[],5
fold_3/sample_1835/image.png,[],5
fold_3/sample_1836/image.png,[],5
fold_3/sample_1837/image.png,[],5
fold_3/sample_1838/image.png,[],5
fold_3/sample_1839/image.png,[],5
fold_3/sample_1840/image.png,[],5
fold_3/sample_1841/image.png,[],5
fold_3/sample_1842/image.png,[],5
fold_3/sample_1843/image.png,[],5
fold_3/sample_1844/image.png,[],5
fold_3/sample_1845/image.png,[],5
fold_3/sample_1846/image.png,[],5
fold_3/sample_1847/image.png,[],5
fold_3/sample_1848/image.png,[],5
fold_3/sample_1849/image.png,[],5
fold_3/sample_1850/image.png,[],5
fold_3/sample_1851/image.png,[],5
fold_3/sample_1852/image.png,[],5
fold_3/sample_1853/image.png,[],5
fold_3/sample_1854/image.png,[],5
fold_3/sample_1855/image.png,[],5
fold_3/sample_1856/image.png,[],5
fold_3/sample_1857/image.png,[],5
fold_3/sample_1858/image.png,[],5
fold_3/sample_1859/image.png,[],5
fold_3/sample_1860/image.png,[],5
fold_3/sample_1861/image.png,[],5
fold_3/sample_1862/image.png,[],5
fold_3/sample_1863/image.png,[0 0 0 1 1 1 1 1 1 1 1 1 1 1 1 2 4 4 4 4 4 4 4 4],5
fold_3/sample_1864/image.png,[1 1 1 1 1 1 1 1 1 1 1 1 1 1 2 4 4 4 4 4 4 4 4 4 4 4 4],5
fold_3/sample_1865/image.png,[1 1 1 1 4 4 4 4 4],5
fold_3/sample_1866/image.png,[1 1 1 1 1 1 1 1 1 2 2 2 2 2 4 4 4 4],5
fold_3/sample_1867/image.png,[1 1 1 1 1 1 1 1 1 1 1 1 1 1 1 1 1 2 2 2 4 4 4 4 4],5
fold_3/sample_1868/image.png,[1 1 1 1 2 2 4 4 4 4 4 4 4 4 4 4 4 4 4 4 4],5
fold_3/sample_1869/image.png,[1 1 1 1 1 1 1 1 1 1 1 1 1 1 1 2 2 2 2 2 2 2 4 4],5
fold_3/sample_1870/image.png,[1 1 2 4 4 4 4 4 4 4],5
fold_3/sample_1871/image.png,[1 1 1 1 1 1 1 1 1 4 4 4 4 4 4 4 4 4 4 4 4],5
fold_3/sample_1872/image.png,[1 1 1 1 1 1 1 1 1 1 1 1 1 1 1 1 1 1 1 1 1 1 1 1 1 1 1 1 1 1 1 1 2 2 4 4],5
fold_3/sample_1873/image.png,[1 1 1 1 1 1 1 1 1 1 1 1 1 1 1 1 1 1 1 1 1 1 1 1 4 4 4 4 4 4 4 4 4 4],5
fold_3/sample_1874/image.png,[1 1 1 1 1 1 1 1 1 1 1 1 1 1 1 1 1 1 1 1 1 1 1 2 2 4 4 4 4 4 4 4 4 4],5
fold_3/sample_1875/image.png,[1 1 1 1 1 1 1 1 1 1 1 1 1 1 2 2 2 2],5
fold_3/sample_1876/image.png,[1 1 1 1 1 1 1 1 1 1 1 1 1 1 1 4 4 4 4 4 4 4 4 4 4 4 4],5
fold_3/sample_1877/image.png,[1 1 1 1 1 1 1 1 1 1 1 1 1 1 1 1 1 4 4 4 4 4 4 4 4 4 4 4 4],5
fold_3/sample_1878/image.png,[1 4],5
fold_3/sample_1879/image.png,[1 1 1 1 1 1 1 1 1 1 1 1 1 1 1 1 1 1 1 2],5
fold_3/sample_1880/image.png,[1 1 1 1 1 1 1 1 1 1 1 1 1 2 2 2 2 2 2 2 2 2 2 2 2 2 4 4],5
fold_3/sample_1881/image.png,[1 1 1 1 1 1 2 2 2 2 2 2 4 4 4],5
fold_3/sample_1882/image.png,[1 1 2 2 2 2 2 2 2 2 4 4 4 4 4 4 4],5
fold_3/sample_1883/image.png,[1 1 1 1 1 1 1 1 1 1 1 2 2 2 2 2 2 2 2 2 2 2],5
fold_3/sample_1884/image.png,[4 4 4 4 4 4 4 4 4 4 4 4 4],5
fold_3/sample_1885/image.png,[4 4 4 4],5
fold_3/sample_1886/image.png,[1 2 2 4 4 4 4 4 4 4 4 4 4 4],5
fold_3/sample_1887/image.png,[1 1 1 1 1 1 2 2 2 2 2 2 2 2 2 2 2],5
fold_3/sample_1888/image.png,[2 2 2 4 4 4 4 4 4 4 4],5
fold_3/sample_1889/image.png,[4 4 4 4 4 4 4],5
fold_3/sample_1890/image.png,[1 1 1 1 1 2 2 2 2 2 2 2 2 2 2 4 4],5
fold_3/sample_1891/image.png,[1 2 4 4 4 4 4 4 4 4 4 4 4],5
fold_3/sample_1892/image.png,[1 4 4 4 4 4 4 4 4 4 4],5
fold_3/sample_1893/image.png,[4 4 4 4 4 4 4 4 4 4 4 4 4],5
fold_3/sample_1894/image.png,[],5
fold_3/sample_1895/image.png,[1 1 1 1 2 2 2 2 2 2 2 4 4 4 4 4 4 4],5
fold_3/sample_1896/image.png,[],5
fold_3/sample_1897/image.png,[],5
fold_3/sample_1898/image.png,[1 2 2 2 2 2 2 2 2 2 2 2 2 2 2 2 2],5
fold_3/sample_1899/image.png,[1 1 1 1 2 2 2 2 2 2 2 2 2 2 2 2 2 2 2 2 2 2 2 2 2 2 2 2 2],5
fold_3/sample_1900/image.png,[2 2 2 2],5
fold_3/sample_1901/image.png,[2 2 2 2 2 2],5
fold_3/sample_1902/image.png,[2 2 2 2 2 2 2 2 2 2 2 2 2 2],5
fold_3/sample_1903/image.png,[2 2 2 2 2 2 2 2 2 2 2],5
fold_3/sample_1904/image.png,[2 2 2 2 2 2 2 2 2 2 2 2],5
fold_3/sample_1905/image.png,[2 2 2 2 2 2 2 2 2 2],5
fold_3/sample_1906/image.png,[2 2 2 2 2 2],5
fold_3/sample_1907/image.png,[2 2 2 2 2 2 2 2],5
fold_3/sample_1908/image.png,[1 1 1 1 2 2 2 2 2 2 2 2 2 2],5
fold_3/sample_1909/image.png,[1 2 2 2 2 2 2 2 2 2 2 2 2],5
fold_3/sample_1910/image.png,[2 2 2 2 2 2 2 2],5
fold_3/sample_1911/image.png,[2 2 2 2 2 2 2 2],5
fold_3/sample_1912/image.png,[2 2 2 2 2 2 2 2 2 2 2 2 2 2 2 2],5
fold_3/sample_1913/image.png,[2 2 2 2 2 2 2 2 2 2 2 2 2 2 2 2 2 2 2 2 2],5
fold_3/sample_1914/image.png,[2 2 2 2 2 2 2 2 2 2 2 2 2 2 2 2 2 2 2 2 2 2 2 2 2],5
fold_3/sample_1915/image.png,[1 1 1 2 2 2 2 2 2 2 2 2 2],5
fold_3/sample_1916/image.png,[2 2 2 2 2 2 2 2 2 2 2 2 2 2 2],5
fold_3/sample_1917/image.png,[2 2 2 2 2 2 2 2 2 2 2 2 2 2 2 2],5
fold_3/sample_1918/image.png,[2 4 4 4 4 4 4 4 4],5
fold_3/sample_1919/image.png,[2 2 4 4 4 4 4 4 4 4 4],5
fold_3/sample_1920/image.png,[2 2 2 2 2 2 2 2 2 4 4 4 4 4 4 4 4 4 4 4],5
fold_3/sample_1921/image.png,[1 1 2 2 2 2 4 4 4 4 4 4 4 4],5
fold_3/sample_1922/image.png,[4 4 4 4 4 4 4 4 4 4 4 4 4],5
fold_3/sample_1923/image.png,[1 2 2 2 2 2 4 4 4 4 4 4 4 4 4 4 4 4],5
fold_3/sample_1924/image.png,[1 2 2 2 2 2 2 2 2 2 2 2 2 2 2 2 2 2 2 4 4],5
fold_3/sample_1925/image.png,[1 1 2 2 2 2 2 2 2 2 2 2 2 2 2],5
fold_3/sample_1926/image.png,[1 1 2 2 2 2 2 2 2 2 2 2 2 2 2 2 2 2],5
fold_3/sample_1927/image.png,[2 2 2 2 2 2 2 2 2 2 2 2 2 2 2 2 2 4 4 4 4 4 4],5
fold_3/sample_1928/image.png,[2 2 2 2 2 2 2 2 4 4 4 4 4 4 4 4],5
fold_3/sample_1929/image.png,[4 4 4 4 4 4],5
fold_3/sample_1930/image.png,[2 2 4 4 4 4 4 4 4 4 4 4 4 4 4 4 4 4 4 4 4 4 4 4 4],5
fold_3/sample_1931/image.png,[1 2 2 2 2 2 2 2 2 2 2 2 2 4 4 4 4 4 4 4 4 4 4 4],5
fold_3/sample_1932/image.png,[2 4 4 4 4 4 4 4 4 4 4 4 4 4 4 4 4 4 4 4 4],5
fold_3/sample_1933/image.png,[2 2 2 2 2 2 2 2 4 4 4 4 4 4 4 4 4 4 4 4 4 4 4 4 4],5
fold_3/sample_1934/image.png,[1 2 2 2 2 4 4 4 4 4 4 4 4 4 4 4 4 4 4],5
fold_3/sample_1935/image.png,[1 2 2 2 2 2 2 2 2 2 2 2 2 4 4 4 4 4 4 4 4],5
fold_3/sample_1936/image.png,[1 2 2 2 2 2 2 2 2 2 2 2 2 4],5
fold_3/sample_1937/image.png,[2 2 2 4 4 4 4 4],5
fold_3/sample_1938/image.png,[2 2 2 4],5
fold_3/sample_1939/image.png,[0 0 0 0 0 0 0 0 0 0 0 0 0 0 0 0 0 0 0 0 0 0 0 0 0 0 1],5
fold_3/sample_1940/image.png,[0 0 0 0 0 0 0 0 0 0 0 0 0 0 0 0 0 0 0 0 0 0 0 0 0 0 0],5
fold_3/sample_1941/image.png,[0 0 0 0 0 0 0 0 0 0 0 0 0 0 0 0 0 0 0 0 0 0 0 0 0 0 0 0 0 0 0 0],5
fold_3/sample_1942/image.png,[0 0 0 0 3 3 3 3 3 3 3 3 3 3 3 3 3 3 3 3 3 3],5
fold_3/sample_1943/image.png,[0 0 0 0 0 0 0 0 0 0 0 0 0 0 0 0 0 0],5
fold_3/sample_1944/image.png,[0 0 0 1 3 3 3 3 3 3 3 3 3 3 3 3 3 3 3 3 3 3 3 3 3 3 3 3],5
fold_3/sample_1945/image.png,[0 0 0 0 0 0 0 0 0 0 0 0 0 0 0 0 0 0 0 0 0 0 0 0 0 0 0 0 1 1 1 1 1 1],5
fold_3/sample_1946/image.png,[0 0 0 0 0 0 0 0 0 0 0 0 0 0 0 0 0 0],5
fold_3/sample_1947/image.png,[0 0 0 0 0 1 1 1 1 1 1 1 1 1 1 1 1 1 1 1 2 2 2 2 2 2 2 2 2 2 2 2 2 2 2 2 2],6
fold_3/sample_1948/image.png,[0 0 0 0 0 0 0 0 0 0 0 0 0 0 1 1 2 2 2 2 2 2 2 2 2],6
fold_3/sample_1949/image.png,[0 0 0 0 0 0 0 0 1 2 2 2 2 2 2 2 2 2 2],6
fold_3/sample_1950/image.png,[0 0 0 1 1 1 2 2 2 2 2 2 2],6
fold_3/sample_1951/image.png,[0 0 0 0 0 0 0 0 0 0 0 0 0 0 0 0 0 0 0 0 0 0 0 0 0 0 0 0 0 0 0 1 1],6
fold_3/sample_1952/image.png,[0 0 0 0 0 0 0 0 0 0 0 0 0 0 0 0 0 0 0 0 0 0 0 0 0 0 1],6
fold_3/sample_1953/image.png,[0 0 0 0 0 0 0 0 0 0 0 0 0 0 0 0 0 0 0 0 0 1 1 1 2],6
fold_3/sample_1954/image.png,[0 0 0 0 0 0 0 0 0 0 0 0 0 0 0 0 0 0 0 0 0 0 0 1 1],6
fold_3/sample_1955/image.png,[0 0 0 0 0 0 0 0 0 0 0 0 0 0 0 0 0 0 0 0 0 0 0],6
fold_3/sample_1956/image.png,[0 0 0 0 0 0 0 0 0 0 0 0 0 0 0 0 0 0 0 0 0 0 0 0 0 0 0 0 0 0 0 0 0 1],6
fold_3/sample_1957/image.png,"[0 0 0 0 0 0 0 0 0 0 0 0 0 0 0 0 0 0 0 0 0 0 0 0 0 0 0 0 0 0 0 0 0 0 0 0 0
 0 0 0 0 0 0 0 0 0 0 1 1 1]",6
fold_3/sample_1958/image.png,[0 0 0 0 0 0 0 0 0 0 0 0 0 0 0 0 0 0 0 0 0 0 0 0 0 0 1 2 2 2 2],6
fold_3/sample_1959/image.png,[0 0 0 0 0 0 0 0 0 0 0 0 0 0 0 0 0 0 0 2 2 2 2],6
fold_3/sample_1960/image.png,"[0 0 0 0 0 0 0 0 0 0 0 0 0 0 0 0 0 0 0 0 0 0 0 0 0 0 0 0 0 0 0 0 0 0 0 0 0
 0 0 0 0 0 0 0 0 0 0 1 1 1 1]",6
fold_3/sample_1961/image.png,[0 0 0 0 0 0 0 0 0 0 0 0 0 0 0 0 1 1 2 2 2 2 2 2 2],6
fold_3/sample_1962/image.png,[0 2 2 2 2 2 2 2 2 2 2 2 2 2 2 2 2 2 2],6
fold_3/sample_1963/image.png,[2 2 2 2 2 2 2 2 2 2 2 2 2 2],6
fold_3/sample_1964/image.png,[0 0 0 0 0 0 0 0 0 0 0 0 0 0 0 0 1 1 1 1 1 1 1],6
fold_3/sample_1965/image.png,[0 0 0 0 0 0 0 0 0 0 0 1 1 2 2 2 2 2 2 3 3 3 3 3 3],6
fold_3/sample_1966/image.png,[0 0 0 0 0 0 0 0 0 0 0 0 0 0 1 1 2 2 2 2 3 3 3 3 3],6
fold_3/sample_1967/image.png,[2 3 3 3 3 3 3 3 3 3 3 3 3 3 3 3 3 3 3 3 3 3 3 3 3 3 3 3 3 3 3 3 3 3],6
fold_3/sample_1968/image.png,[0 0 0 0 0 0 0 0 0 0 0 0 0 0 0 0 1 1 1 2 2 2 2 2 2 2 2 2 2],6
fold_3/sample_1969/image.png,[0 0 0 0 0 0 0 0 0 0 0 0 0 0 0 0 0 0 0 1 2 2 2 2 2 2],6
fold_3/sample_1970/image.png,[0 0 0 0 0 0 0 0 0 0 0 0 0 0 0 0 0 1 2 2 2 2 2 2],6
fold_3/sample_1971/image.png,[0 0 0 0 0 0 0 0 0 0 0 0 0 0 2 2 2 2 2],6
fold_3/sample_1972/image.png,[0 0 0 0 0 0 0 0 0 0 0 0 0 0 0 0 0 0 0 0 2 2 2 2],6
fold_3/sample_1973/image.png,[1 1 1 2 2 2 2 2 2 2 2 2 2 2 2 2 2 2 2],6
fold_3/sample_1974/image.png,[1 2 2 2 2 2 2 2 2 2 2 2 2 2 2 2 2 2 2],6
fold_3/sample_1975/image.png,[1 1 1 1 2 2 2 2 2 2 2 2 2 2 2 2 2 2 2 2 2 2 2],6
fold_3/sample_1976/image.png,[1 1 2 2 2 2 2 2 2 2 2 2 2 2 2 2 2 2 2 2 2 2],6
fold_3/sample_1977/image.png,[1 1 1 1 2 2 2 2 2 2 2 2 2 2 2 2 2 2],6
fold_3/sample_1978/image.png,[0 0 0 1 1 1 1 1 2 2 2 2 2],6
fold_3/sample_1979/image.png,[1 1 1 1 2 2 2 2 2 2 2 2 2 2 2 2 2 2 2 2 2 2],6
fold_3/sample_1980/image.png,[1 1 1 1 1 2 2 2 2 2 2 2 2 2 2 2 2 2 2 2 2 2 2 2 2],6
fold_3/sample_1981/image.png,[2 2 2 2 2 2 2 2 2 2 2 2 2 2 2 2 2],6
fold_3/sample_1982/image.png,[2 2 2 2 2 2 2 2 2 2 2 2 2 2 2 2 2 2 2 2 2 2],6
fold_3/sample_1983/image.png,[2 2 2 2 2 2 2 2 2],6
fold_3/sample_1984/image.png,[2 2 2 2 2 2],6
fold_3/sample_1985/image.png,[2 2 2 2 2 2 2 2 2 2 2 2 2 2 2 2 2],6
fold_3/sample_1986/image.png,[2 2 2 2 2 2 2 2 2 2 2 2 2 2 2 2 2 2 2 2 2 2 2 2 2],6
fold_3/sample_1987/image.png,[],7
fold_3/sample_1988/image.png,[],7
fold_3/sample_1989/image.png,[],7
fold_3/sample_1990/image.png,[],7
fold_3/sample_1991/image.png,[],7
fold_3/sample_1992/image.png,[],7
fold_3/sample_1993/image.png,[0 0 0 0 0 0 0 0 0 0 0 0 0 0 0 0 0 1],7
fold_3/sample_1994/image.png,[0 0 0 0 0 0 0 0 0 0 0 0 0 0 0 0 1 2 2 2 2 2 2 2],7
fold_3/sample_1995/image.png,[0 0 1 2 2 2 2 2 2 2 2 2 2 2 2 2 2 2 2 2],7
fold_3/sample_1996/image.png,[0 0 0 0 0 0 0 0 0 0 0 0 0 0 0 0 0 0 0 0 2 2],7
fold_3/sample_1997/image.png,[0 0 0 0 0 0 0 0 0 0 0 0 0 0 0 0 0 1 1 2],7
fold_3/sample_1998/image.png,[0 0 0 0 0 0 0 0 0 0 0 0 0 0 0 0 0 0 2 2],7
fold_3/sample_1999/image.png,[0 0 0 0 0 0 0 0 0 0 0 0 0 0 0 0 2 2],7
fold_3/sample_2000/image.png,[0 0 0 0 0 0 0 0 0 0 0 0 0 0 0 0 0 0 0 0 2 2],7
fold_3/sample_2001/image.png,[2 2 2 2 2 2 2 2 2 2 2 2],7
fold_3/sample_2002/image.png,[2 2 2 2 2 2 2 2 2 2 2 2 2 2 2 2 2 2 2 2 2 2 2 2],7
fold_3/sample_2003/image.png,[1 2 2 2 2 2 2 2 2 2 2 2 2],7
fold_3/sample_2004/image.png,[2 2 2 2 2 2 2 2 2 2 2 2 2 2 2 2 2 2 2 2 2 2 2 2 2 2],7
fold_3/sample_2005/image.png,[0 0 0 0 0 0 0 0 0 0 0 0 0 0 0 0 0 0 0 0 0 0 2 2 2],7
fold_3/sample_2006/image.png,[0 0 0 0 0 0 0 0 0 0 1 1 2 2 2 2 2 2 2 2 2 2 2 2 2 2 2 2 2 2 2],7
fold_3/sample_2007/image.png,[1 1 1 1 1 1 1 1 1 1 2 2 2 2 2 2 2 2 2 2 2 2 2],7
fold_3/sample_2008/image.png,[0 0 0 0 0 0 0 0 0 0 0 0 0 0 1 1 1 1 1 1 2 2 2 2 2 2 2 2 2],7
fold_3/sample_2009/image.png,[1 1 1 1 1 1 1 1 1 1 1 1 1 2 2 2 2 2 2 2 2 2 2 2 2 2 2 2 2 2 2 2 2],7
fold_3/sample_2010/image.png,[0 0 0 0 0 0 1 1 1 1 1 1 1 1 2 2 2 2 2 2 2 2 2 2 2 2 2 2 2 2 2 2 2 2],7
fold_3/sample_2011/image.png,[2],7
fold_3/sample_2012/image.png,"[0 0 0 1 1 1 1 1 1 1 1 1 1 1 1 1 1 1 1 1 1 1 1 1 1 1 1 1 1 1 1 1 1 1 1 1 1
 1 1 1 1 1 1 1 1 1 1 1 1 2 2 2 2]",7
fold_3/sample_2013/image.png,"[0 0 0 0 0 0 1 1 1 1 1 1 1 1 1 1 1 1 1 1 1 1 1 1 1 1 1 1 1 1 1 1 1 1 1 1 1
 1 1 1 1 1 1 1 1 1 1 1 1 1 1 1 1 1 1 1 1 1 1 1 1]",7
fold_3/sample_2014/image.png,"[0 0 0 0 0 0 0 0 0 0 0 0 0 0 0 0 1 1 1 1 1 1 1 1 1 1 1 1 1 1 1 1 1 1 1 1 1
 1 1 1 1 1 1 1 1 1 2 2]",7
fold_3/sample_2015/image.png,[0 0 0 0 0 0 0 0 0 0],7
fold_3/sample_2016/image.png,[0 0 0 0 2],7
fold_3/sample_2017/image.png,[0 0 0 0 0 0 0 0 0 0 0 0 0 0 0 0 2 2],7
fold_3/sample_2018/image.png,[0 0 0 0 0 0 0 0 0 0 0 0 0],7
fold_3/sample_2019/image.png,[0 0 0 0 0 0 0 0 0 0 0 0 0 0 0 0 0 1 2],7
fold_3/sample_2020/image.png,[0 0 0 0 0 0 1 1 1 2],7
fold_3/sample_2021/image.png,[0 0 0 0 0 0 0 0 0],7
fold_3/sample_2022/image.png,[0 0 0 0 0 0 0 0 0 0 0 0 0 0],7
fold_3/sample_2023/image.png,[],7
fold_3/sample_2024/image.png,[0 0 0 0 0 0 0 0 2 2 2 2 2 2 2],7
fold_3/sample_2025/image.png,[],7
fold_3/sample_2026/image.png,[],7
fold_3/sample_2027/image.png,[0 0 0 0 0 0 0 0 0 0 0 0],7
fold_3/sample_2028/image.png,[0 0 0 0 2 2 2 2],7
fold_3/sample_2029/image.png,[0 0 0 0 0 0 0 0 0 0 0 2],7
fold_3/sample_2030/image.png,"[0 0 0 0 0 1 1 1 1 1 1 1 1 1 1 1 1 1 1 1 1 1 1 1 1 1 1 1 1 1 1 1 1 1 1 1 1
 1 1 1 1 1 1 1 1 1 1 1 1 1 1 1 1 1 1 1 1 1 1 1 1 1 1 1 1 1 1 2]",7
fold_3/sample_2031/image.png,"[0 0 0 0 0 0 1 1 1 1 1 1 1 1 1 1 1 1 1 1 1 1 1 1 1 1 1 1 1 1 1 1 1 1 1 1 1
 1 1 1 1 1 1 1 1 1 1 1 1 1 1 1 1 1 1 1 1 1 1 1 1 1 1 1 1 1 1 1 1 1 1 1 1]",7
fold_3/sample_2032/image.png,"[1 1 1 1 1 1 1 1 1 1 1 1 1 1 1 1 1 1 1 1 1 1 1 1 1 1 1 1 1 1 1 1 1 1 1 1 1
 1 1 1 1 1 1 1 1 1 1 1 1 1 1 1 1 1 1 1 1 1 1 1 1 1 1 1 1 1 1 1 1 1 1 1 1 1
 1 1 1 1 1 1 1 1 1 1 1 1 1 1 1 1 1 1 1 1 1 1 2 2 2]",7
fold_3/sample_2033/image.png,"[1 1 1 1 1 1 1 1 1 1 1 1 1 1 1 1 1 1 1 1 1 1 1 1 1 1 1 1 1 1 1 1 1 1 1 1 1
 1 1 1 1 1 1 1 1 1 1 1 1 1 1 1 1 1 1 1 1 1 1 1 1 1 1 1 1 1 1 1 1 1 1 1 1 1
 1 1 1 1 1 1 1 1 1 1 1 1 1 1 1 1 1 1 2 2 2 2]",7
fold_3/sample_2034/image.png,"[0 0 0 0 0 0 0 0 0 0 0 0 1 1 1 1 1 1 1 1 1 1 1 1 1 1 1 1 1 1 1 1 1 1 1 1 1
 1 1 1 1 1 1 1 1 1 1 1 1 1 1 1 1 1 1]",7
fold_3/sample_2035/image.png,"[0 0 0 0 1 1 1 1 1 1 1 1 1 1 1 1 1 1 1 1 1 1 1 1 1 1 1 1 1 1 1 1 1 1 1 1 1
 1 1 1 1 1 1 1 1 1 1 1 1 1 1 1 1 1 1 1 1 1 1 1 1 1 1 1 1 1 1 1 1 1 1 1 1 1
 1 1 1 1 1 1 1 1 1 1 1 1 1 1 1 1 1 1 1 1 2 2 2]",7
fold_3/sample_2036/image.png,"[1 1 1 1 1 1 1 1 1 1 1 1 1 1 1 1 1 1 1 1 1 1 1 1 1 1 1 1 1 1 1 1 1 1 1 1 1
 1 1 1 1 1 1 1 1 1 1 1 1 1 1 1 1 1 1 1 1 1 1 1 1 1 1 1 1 1 1 1 1 1 1 1 1 1
 1 1 1 1 1 1 1 1 1 1 1 1 1 1 1 1 1 1 2 2 2 2 2 2 2]",7
fold_3/sample_2037/image.png,[0 0 0 0 0 0 1 1 1 1 1 1 1 1 1 1 1 1 1 1 1 1 1 1 1],7
fold_3/sample_2038/image.png,"[1 1 1 1 1 1 1 1 1 1 1 1 1 1 1 1 1 1 1 1 1 1 1 1 1 1 1 1 1 1 1 1 1 1 1 1 1
 1 1 1 1 1 1 1 1 1 1 1 1 1 1 1 1 1 1 1 1 1 1 1 1 1 1 1 1 1 1 1 1 1 1 1 1 1
 1 1 1 1 1 1 1 1 1 1 1 2 2 2 2 2]",7
fold_3/sample_2039/image.png,[0 0 0 0 0 0 0 0 0 0 0 0 0 0 0 0 0 0 2 2 2 2 2 2 2 2],7
fold_3/sample_2040/image.png,[0 0 0 0 0 0 0 0 0 0 0 0 0 0 0 0 0 0 0 0 0 2 2 2 2 2],7
fold_3/sample_2041/image.png,[0 0 0 0 0 0 0 0 0 0 0 0 0 0 0 0 0 0 0 0 0 1 1 2 2 2 2 2 2],7
fold_3/sample_2042/image.png,[0 0 0 0 0 0 0 0 0 0 0 0 0 0 0 0 0 1 1 1 1 1 2 2 2],7
fold_3/sample_2043/image.png,[0 0 0 0 0 0 0 0 0 0 0 0 0 0 0 0 0 0 1 1 1 1 2 2 2 2],7
fold_3/sample_2044/image.png,[0 0 0 0 0 0 0 0 0 0 0 0 0 0 0 0 0 0 1 1 1 1 1 1 1 1 2 2 2 2 2],7
fold_3/sample_2045/image.png,[0 0 0 0 0 0 0 0 0 0 0 0 0 0 0 0 0 0 0 0 0 1 1 1 1 1 2 2 2 2],7
fold_3/sample_2046/image.png,[0 0 0 0 0 0 0 0 0 0 0 0 0 0 0 0 0 0 0 0 1 1 1 2 2 2 2 2 2],7
fold_3/sample_2047/image.png,[0 0 0 0 0 0 0 0 0 0 0 0 0 0 0 0 0 0 0 0 0 1 1 1 1 1 1 2 2 2 2],7
fold_3/sample_2048/image.png,[1 1 1 1 1 1 1 1 1 1 1 1 1 1 1 1 1 1 1 1 1 2 2 2 2 2 2 2 2 2 2],7
fold_3/sample_2049/image.png,[2 2 2 2 2 2 2 2 2 2],7
fold_3/sample_2050/image.png,[1 2 2 2 2 2],7
fold_3/sample_2051/image.png,[0 0 0 0 0 0 0 0 0 0 0 0 0 0 0 0 0 0 0 0 1 2 2 2 2 2 2],7
fold_3/sample_2052/image.png,[1 2 2 2 2 2 2],7
fold_3/sample_2053/image.png,[1 1 2 2 2 2 2 2 2 2],7
fold_3/sample_2054/image.png,[2 2 2 2 2 2 2 2 2],7
fold_3/sample_2055/image.png,[1 2 2 2 2 2 2 2 2 2],7
fold_3/sample_2056/image.png,[2 2 2 2 2 2 2],7
fold_3/sample_2057/image.png,[2 2 2 2 2 2 2 2 2 2],7
fold_3/sample_2058/image.png,[1 1 1 2 2 2 2 2 2 2 2 2 2 2 2 2],7
fold_3/sample_2059/image.png,[4 4 4 4 4 4 4 4 4 4 4 4 4 4 4 4 4 4],7
fold_3/sample_2060/image.png,[4 4 4 4 4 4 4 4 4 4 4 4 4 4],7
fold_3/sample_2061/image.png,[4],7
fold_3/sample_2062/image.png,[4 4 4 4 4 4 4 4 4 4 4 4 4 4 4],7
fold_3/sample_2063/image.png,[],7
fold_3/sample_2064/image.png,[],7
fold_3/sample_2065/image.png,[],7
fold_3/sample_2066/image.png,[],7
fold_3/sample_2067/image.png,[],7
fold_3/sample_2068/image.png,[2 2],7
fold_3/sample_2069/image.png,[2 2 2 2 2 2 2 2 2 2],7
fold_3/sample_2070/image.png,[2 2 2 2 2 2 2 2 2 2 2 2],7
fold_3/sample_2071/image.png,[2 2],7
fold_3/sample_2072/image.png,[2],7
fold_3/sample_2073/image.png,[2 2],7
fold_3/sample_2074/image.png,[],7
fold_3/sample_2075/image.png,[1 2 2 2 2 2 2 2 2 2 2 2 2 2 2 2 2 2],7
fold_3/sample_2076/image.png,[2 2 2 2 2 2 2 2 2 2 2 2],7
fold_3/sample_2077/image.png,[2 2 2 2 2 2 2 2 2 2 2 2 2 2 2 2 2 2 2 2 2 2 2],7
fold_3/sample_2078/image.png,[2 2 2 2 2 2 2 2 2 2 2 2 2 2 2 2],7
fold_3/sample_2079/image.png,[2 2 2 2 2 2 2 2 2 2],7
fold_3/sample_2080/image.png,[2 2 2 2 2 2 2 2 2 2 2 2 2 2 2 2 2 2 2 2 2 2 2 2 2 2],7
fold_3/sample_2081/image.png,[2 2 2 2 2 2 2 2 2 2 2 2 2 2 2 2 2 2 2 2 2 2],7
fold_3/sample_2082/image.png,[1 1 2 2 2 2 2 2 2 2],7
fold_3/sample_2083/image.png,[2 2 2 2 2 2 2 2 2 2 2 2 2 2 2 2 2 2 2 2 2 2 2],7
fold_3/sample_2084/image.png,[2 2 2 2 2 2 2 2 2 2 2 2 2 2 2 2],7
fold_3/sample_2085/image.png,"[2 2 2 2 2 2 2 2 2 2 2 2 2 2 2 2 2 2 2 2 2 2 2 2 2 2 2 2 2 2 2 2 2 2 2 2 2
 2 2 2 2 2 2 2 2 2 2 2 2 2 2]",7
fold_3/sample_2086/image.png,[2 2 2 2 2 2 2 2 2 2 2 2 2 2 2 2 2 2 2 2 2 2 2 2 2 2 2 2 2 2 2 2],7
fold_3/sample_2087/image.png,[2 2 2 2 2 2 4 4 4 4],7
fold_3/sample_2088/image.png,[2 2 2 2 2 4 4 4 4],7
fold_3/sample_2089/image.png,[2 2 4 4],7
fold_3/sample_2090/image.png,"[0 0 0 0 0 0 0 0 0 0 0 0 0 0 0 0 0 0 0 0 0 0 0 0 0 0 0 0 1 2 2 2 2 2 2 2 2
 2 2]",7
fold_3/sample_2091/image.png,[1 1 2 2 2 2 2 2 2 2 2],7
fold_3/sample_2092/image.png,[1 1 1 2 2 2 2 2 2 2 2 2],7
fold_3/sample_2093/image.png,[1 2 2 2 2 2 2 2 2 2 2 2 2 2],7
fold_3/sample_2094/image.png,[2 2 2 2 2 2 2 2 2 2 2 2 2 2 2],7
fold_3/sample_2095/image.png,[1 1 2 2 2 2 2 2 2 2 2 2 2 2],7
fold_3/sample_2096/image.png,"[0 0 0 0 0 0 0 0 0 0 0 0 0 0 0 0 0 0 0 0 0 0 0 0 0 0 0 0 0 0 0 0 0 0 0 0 0
 0]",7
fold_3/sample_2097/image.png,"[0 0 0 0 0 0 0 0 0 0 0 0 0 0 0 0 0 0 0 0 0 0 0 0 0 0 0 0 0 0 0 0 0 0 0 0 0
 0]",7
fold_3/sample_2098/image.png,"[0 0 0 0 0 0 0 0 0 0 0 0 0 0 0 0 0 0 0 0 0 0 0 0 0 0 0 0 0 0 0 0 0 0 0 0 0
 0 0 0 0 0 0 0 0 0 0 0 0 0]",7
fold_3/sample_2099/image.png,[0 0 2 2 2 2 2 2],7
fold_3/sample_2100/image.png,[0 2 2 2 2 2 2 2 2 2 2 2 2 2 2 2 2 2],7
fold_3/sample_2101/image.png,[0 0 0 0 0 0 0 0 0 0 0 0 0 0 0 0 0 0 0 0 0 0 0 0 2 2 2 2 2 2 2],7
fold_3/sample_2102/image.png,[1 1 1 1 1 1 1 1 1 1 1 1 2 2 2 2 2 2 2 2 2 2 2 2 2 2],7
fold_3/sample_2103/image.png,[1 1 1 1 1 1 1 1 1 1 1 1 1 2 2 2 2 2 2 2 2 2 2 2],7
fold_3/sample_2104/image.png,"[1 1 1 1 1 1 1 1 1 1 1 1 1 1 1 1 1 1 1 1 1 1 2 2 2 2 2 2 2 2 2 2 2 2 2 2 2
 2 2 2 2 2 2 2]",7
fold_3/sample_2105/image.png,[1 1 1 1 1 1 1 1 1 1 2 2 2 2 2 2 2 2 2 2 2 2 2 2 2 2],7
fold_3/sample_2106/image.png,"[1 1 1 1 1 1 1 1 1 1 1 1 1 1 1 1 1 1 1 1 1 1 1 1 1 2 2 2 2 2 2 2 2 2 2 2 2
 2 2 2 2]",7
fold_3/sample_2107/image.png,[1 1 2 2 2],7
fold_3/sample_2108/image.png,[1 1 1 1 1 1 1 1 1 1 1 1 2 2],7
fold_3/sample_2109/image.png,[0 0 0 0 0 0 0 0 0 0 0 0 0 0 0 0 0 0 0 0 0 0 0 0 0 0 0],7
fold_3/sample_2110/image.png,[0 0 0 0 0 0 0 0 0 0 0 0 0 0 0 0 0 0 0 0 0 0 0 0 0 0 0 0 0 0],7
fold_3/sample_2111/image.png,"[0 0 0 0 0 0 0 0 0 0 0 0 0 0 0 0 0 0 0 0 0 0 0 0 0 0 0 0 0 0 0 0 0 0 0 0 0
 0 0 0 0 0 0 2]",7
fold_3/sample_2112/image.png,[0 0 0 0 0 0 0 0 0 0 0 0 0 0 0 0 0 0 0 0 0 0 0 0 0 0 0 0 0 0 2],7
fold_3/sample_2113/image.png,[0 0 0 0 0 0 0 0 0 0 0 0 0 0 0 0 0 0 0 1 2 2 2 2 2 2 2],7
fold_3/sample_2114/image.png,"[0 0 0 0 0 0 0 0 0 0 0 0 0 0 0 0 0 0 0 0 0 0 0 0 0 0 0 0 0 0 0 0 0 0 0 0 0
 0 0 0 0 0 0 0 0 0 0 0 0 1 1 1 1 1 2 3]",7
fold_3/sample_2115/image.png,[0 0 0 0 0 0 0 0 0 0 0 1 1 1 1 1 1 1 1 1 1 1 1 1 1 2 2 2 2 3 3 3 3 3],7
fold_3/sample_2116/image.png,"[0 0 0 0 0 0 0 0 0 0 0 0 0 0 0 0 0 0 0 0 0 0 0 0 0 0 0 0 0 0 0 0 0 0 0 0 0
 0 0 0 0 0 0 0 0 0 0 0 0 0 0 1 1 1 1 1 1 1 1 1 1 2 3]",7
fold_3/sample_2117/image.png,[1 1 1 1 1 1 1 3 3 3 3 3 3 3 3 3 3 3 3 3 3 3],7
fold_3/sample_2118/image.png,[0 0 0 0 0 0 1 1 1 1 1 1 1 3 3 3 3 3 3 3 3 3 3],7
fold_3/sample_2119/image.png,[0 0 0 0 0 0 0 1 1 1 1 1 1 1 1 1 1 1 1 1 1 1 1 1 1 1 1 1 1 3 3 3],7
fold_3/sample_2120/image.png,[0 0 0 0 0 0 0 0 0 0 0 0 0 0 1 1 1 1 1 1 1 1 1 1 1 1 1 2 3 3 3 3],7
fold_3/sample_2121/image.png,[2 2 2 2],7
fold_3/sample_2122/image.png,[1 2 2 2 2 2 2],7
fold_3/sample_2123/image.png,[],7
fold_3/sample_2124/image.png,[],7
fold_3/sample_2125/image.png,[0 0 0 0 0 0 0 0 0 0 0 2 2 2 2 2 2 2 2 2 2 2 2 2 2 2 2 2 2 2 2 2],7
fold_3/sample_2126/image.png,[0 0 0 0 0 0 0 0 0 0 0 0 0 0 0 0 0 0 0 0 0 0 0 0 0 0 0 0 0 0 0 1 2],7
fold_3/sample_2127/image.png,[0 0 0 0 0 0 0 0 0 0 0 0 0 0 0 0 0 0 0 0 0 0 0 1 2 2 2 2 2 2],7
fold_3/sample_2128/image.png,[0 0 0 0 0 0 0 0 0 0 0 0 0 0 0 0 0 0 0 0 0 0 0 0 0 0 0 0 0 0 0 0 0 0 0 0],7
fold_3/sample_2129/image.png,"[0 0 0 0 0 0 0 0 0 0 0 0 0 0 0 0 0 0 0 0 0 0 0 0 0 0 0 0 0 0 0 0 0 0 0 0 0
 0 1]",7
fold_3/sample_2130/image.png,[0 0 0 0 0 0 0 0 0 0 0 0 0 0 0 0 0 0 0 0 0 0 0 0 0 0 0 0 0 0 0 0 0 0 0 0],7
fold_3/sample_2131/image.png,[0 0 0 0 0 0 0 0 0 0 0 0 0 0 0 0 0 0 0 0 0 0 0 0 0 0 0 0 1],7
fold_3/sample_2132/image.png,[2 2],8
fold_3/sample_2133/image.png,[0 0 0 0 0 0 0 0 0 2 2 2 2 2 2 2 2],8
fold_3/sample_2134/image.png,[0 0 0 0 0 0 0 0 0 0 0 0 0 0 0 0 0 0 0 0 0],8
fold_3/sample_2135/image.png,[0 0 0 0 0 0 0 0 0 0 0 0 0 0 0 2],8
fold_3/sample_2136/image.png,[0 0 0 0 0 0 0 0 0 0 0 0 0 0],8
fold_3/sample_2137/image.png,[1],8
fold_3/sample_2138/image.png,[],8
fold_3/sample_2139/image.png,[1],8
fold_3/sample_2140/image.png,[1 1 1 1],8
fold_3/sample_2141/image.png,[1 1],8
fold_3/sample_2142/image.png,[],8
fold_3/sample_2143/image.png,[],8
fold_3/sample_2144/image.png,[2 2 2],8
fold_3/sample_2145/image.png,[1 2 2 2 2 2 2 2 2 2 2 2 2 2],8
fold_3/sample_2146/image.png,[2 2 2 2 2 2 2 2 2 2 2 2 2 2 2 2],8
fold_3/sample_2147/image.png,[2 2 2 2 2 2 2 2 2 2 2 2],8
fold_3/sample_2148/image.png,[2 2 2 2 2 2 2 2 2 2 2],8
fold_3/sample_2149/image.png,[2 2 2 2],8
fold_3/sample_2150/image.png,[0 0 0 0 0 0 0 0 0 0 0 0 1 1 1 1 1 1 2 2 2 2 2 2],8
fold_3/sample_2151/image.png,[0 0 0 0 0 0 0 0 1 1 1 1 1 2 2 2 2 2 2 2 2 2 2 2 2 2 2 2 2],8
fold_3/sample_2152/image.png,"[0 0 0 0 0 0 0 0 0 0 0 0 1 1 1 1 1 1 1 1 1 1 1 1 1 1 1 1 1 1 1 1 1 1 1 2 2
 2 2 2 2 2 2 2 2 2 2]",8
fold_3/sample_2153/image.png,[0 0 0 0 0 0 0 0 1 1 1 1 2 2 2 2 2 2 2 2 2 2 2 2 2 2 2 2 2 2 2 2 2 2],8
fold_3/sample_2154/image.png,[0 0 0 0 0 0 0 0 0 0 0 0 0 0 0 0 0 0 0 0 2 2 2 2 2 2],8
fold_3/sample_2155/image.png,[0 0 0 0 0 0 0 0 0 0 0 0 1 1 1 1 1 1 1 2 2 2 2 2 2 2 2 2 2],8
fold_3/sample_2156/image.png,[0 0 0 0 0 0 0 0 0 0 0 0 0 0 0 1 2 2 2],8
fold_3/sample_2157/image.png,[2 2 2 2 2 4 4 4 4 4 4 4],8
fold_3/sample_2158/image.png,[2],8
fold_3/sample_2159/image.png,[2 4 4 4],8
fold_3/sample_2160/image.png,[1 2 2 4 4 4 4 4 4 4 4 4],8
fold_3/sample_2161/image.png,[1 1 2 2 2 2 4 4 4 4 4 4 4 4 4 4 4 4 4 4 4 4 4 4 4],8
fold_3/sample_2162/image.png,[2 2 2 2 4 4 4 4 4 4 4 4],8
fold_3/sample_2163/image.png,[0 0 0 0 0 0 0 0 0 0 0 0 0 0 0 0 0 1 1 1],9
fold_3/sample_2164/image.png,[0 0 0 0 0 0 0 0 1 1 1 1 2 2 2 2 2 2 2 2 2 2 2 2 2 2 2 2 2 2 2 2 2 2 2 2],9
fold_3/sample_2165/image.png,[0 0 0 0 2 2 2 2 2 2 2 2 2 2 2 2],9
fold_3/sample_2166/image.png,[0 1 1 2 2 2 2 2 2 2 2 2 2 2 2 2 2 2 2 2 2 2 2 2 2 2 2 2 2 2 2 2 2 2 2 2],9
fold_3/sample_2167/image.png,[0 0 0 0 0 0 0 0 1 1 1 1 1 1 1 1 2 2 2 2 2 2 2 2],9
fold_3/sample_2168/image.png,[0 0 0 0 0 0 1 1 1 1],9
fold_3/sample_2169/image.png,[0 0 0 0 0 1 1 1 1 2 2 2 2],9
fold_3/sample_2170/image.png,[0 0 0 0 1 1 2 2 2],9
fold_3/sample_2171/image.png,[0 0 0 0 0 0 0 0 0 0 0 0 2 2 2],9
fold_3/sample_2172/image.png,[0 0 0 0 0 0 0 0 0 0 0 0 2 2 2],9
fold_3/sample_2173/image.png,[0 0 0 0 0 0 0 0 0 0 0 2 2 2],9
fold_3/sample_2174/image.png,[0 0 0 0 0 0 0 0 0 0 0 0 0 2 2],9
fold_3/sample_2175/image.png,[2 2 2],9
fold_3/sample_2176/image.png,[1 1 1 1 1 1 1 1 1 1 1 2 2 2 2 2 2 2 2 2 2 2 2 2 2 2 2 2 2 2 2 2 2],9
fold_3/sample_2177/image.png,[1 1 2 2 2 2 2 2 2 2 2 2],9
fold_3/sample_2178/image.png,[1 1 1 2 2 2 2 2 2 2 2 2 2 2 2 2],9
fold_3/sample_2179/image.png,[1 2 2 2 2 2 2 2 2 2 2 2 2 2 2 2 2 2 2 2 2 2],9
fold_3/sample_2180/image.png,[0 0 1 1 1 1 1 1 2 2 2 2 2 2 2 2 2 2 2 2 2 2 2 2 2 2],9
fold_3/sample_2181/image.png,"[1 1 1 2 2 2 2 2 2 2 2 2 2 2 2 2 2 2 2 2 2 2 2 2 2 2 2 2 2 2 2 2 2 2 2 2 2
 2 2]",9
fold_3/sample_2182/image.png,"[1 1 1 1 1 1 1 1 1 1 1 1 1 1 1 2 2 2 2 2 2 2 2 2 2 2 2 2 2 2 2 2 2 2 2 2 2
 2 2 2 2 2 2 2 2 2 2 2 2 2 2 2 2 2 2 2 2 2 2 2 2 3]",9
fold_3/sample_2183/image.png,[0 1 1 1 2 2 2 2 2 2 2 2 2 2 2 2 2 2 2 2 2 2 2 2 2 2 2 2 2 2],9
fold_3/sample_2184/image.png,[0 0 0 0 0 0 0 0 0 0 0 0 0 0 0 2 2],9
fold_3/sample_2185/image.png,"[1 1 1 2 2 2 2 4 4 4 4 4 4 4 4 4 4 4 4 4 4 4 4 4 4 4 4 4 4 4 4 4 4 4 4 4 4
 4 4 4 4 4 4 4 4 4 4 4 4 4 4 4 4 4 4 4 4 4 4 4 4 4 4 4 4 4 4 4 4 4 4 4 4]",9
fold_3/sample_2186/image.png,"[1 1 1 2 4 4 4 4 4 4 4 4 4 4 4 4 4 4 4 4 4 4 4 4 4 4 4 4 4 4 4 4 4 4 4 4 4
 4 4 4 4 4 4 4 4 4 4 4 4 4 4 4 4 4 4 4 4 4 4 4 4 4 4 4 4 4 4 4 4 4 4 4 4 4]",9
fold_3/sample_2187/image.png,"[4 4 4 4 4 4 4 4 4 4 4 4 4 4 4 4 4 4 4 4 4 4 4 4 4 4 4 4 4 4 4 4 4 4 4 4 4
 4 4 4 4 4 4 4 4 4 4 4 4 4 4 4 4 4 4 4 4 4 4 4 4 4 4 4 4]",9
fold_3/sample_2188/image.png,"[1 1 1 1 1 2 2 4 4 4 4 4 4 4 4 4 4 4 4 4 4 4 4 4 4 4 4 4 4 4 4 4 4 4 4 4 4
 4 4 4 4 4 4 4 4 4 4 4 4 4 4 4 4 4 4 4 4 4 4]",9
fold_3/sample_2189/image.png,"[0 0 0 0 0 0 0 0 0 0 0 0 1 1 1 1 1 1 1 1 1 1 1 1 1 1 2 2 2 2 2 2 2 2 2 2 2
 2 2 2 2 2 2 2 2 2 2 2 2 2 2 2 2 2 2 2 2]",9
fold_3/sample_2190/image.png,[2 2 2 2 2 2 2 4 4 4 4 4 4 4 4 4 4],9
fold_3/sample_2191/image.png,[2 2 2 2 2 2 4 4 4 4 4 4 4 4 4 4 4],9
fold_3/sample_2192/image.png,[2 4 4 4 4 4 4 4 4 4 4],9
fold_3/sample_2193/image.png,[2 2 4 4 4 4 4 4 4 4 4 4 4 4 4 4 4],9
fold_3/sample_2194/image.png,[2 2 2 4 4 4 4 4 4 4 4 4],9
fold_3/sample_2195/image.png,[1 1 2 4 4 4 4 4 4 4 4 4 4 4 4],9
fold_3/sample_2196/image.png,[2 2 4 4 4 4 4 4 4 4 4 4 4 4 4 4 4 4],9
fold_3/sample_2197/image.png,[2 4 4 4 4 4 4 4 4 4 4 4],9
fold_3/sample_2198/image.png,[0 0 0 0 0 0 0 0 0 0 0 0 0 0 0 0 0 0 0 2],9
fold_3/sample_2199/image.png,[0 0 0 0 0 0 0 0 0 0 0 0 0 0 0 0 0 0 0 0 0 0 0 0 0 1 1 1 2 2 2 2 2 2 2],9
fold_3/sample_2200/image.png,[0 0 0 0 0 0 0 0 0 0 0 0 0 0 0 0 0 0 0 0 0 0 0 0 0 0],9
fold_3/sample_2201/image.png,[0 0 0 0 0 0 0 0 0 0 0 0 0 0 0 0 0 0 1 1 1 2 2 2 2 2 2 2],9
fold_3/sample_2202/image.png,[0 0 0 0 0 0 0 0 0 0 0 0 0 0 0 0 0 0 0 0 0 0 0 1 1 2 2 2 2],9
fold_3/sample_2203/image.png,[0 0 0 0 0 0 0 0 0 0 0 0 0 0 0 0 0 0 0 0 0 0 0 0 0 0 0 0 1 2 2],9
fold_3/sample_2204/image.png,[0 0 0 0 0 0 0 0 0 0 0 0 0 0 0 0 0 0 0 0 0 0 0 0 0 0 0 0 0 0 0 0 0 0 0 1],9
fold_3/sample_2205/image.png,[0 0 0 0 0 0 0 0 0 0 0 0 0 0 0 0 0 0 0 0 0 0 0 0 0 0 0 0 0 0 1 2 2],9
fold_3/sample_2206/image.png,[0 0 0 0 0 0 0 0 0 0 0 0 0 0 0 0 0 0 0 0 0 0 0 2 2],9
fold_3/sample_2207/image.png,[0 0 0 0 0 0 0 0 0 0 0 0 0 0 0 0 0 0 0 0 0 0 0 1 1 2 2 2 2 2 2 2 2],9
fold_3/sample_2208/image.png,[0 0 0 0 0 0 1 1 1 1 1 1 1 1 1 1 1 1 2 2 2 2 2 2 2 2 2 2 2],9
fold_3/sample_2209/image.png,[0 0 0 0 0 0 0 0 0 0 0 0 0 0 0 0 0 0 0 0 0 0 0 0 2 2],9
fold_3/sample_2210/image.png,[0 0 0 0 0 0 0 0 0 0 0 0 0 1 1 1 1 1 1 2 2 2 2 2 2 2 2],9
fold_3/sample_2211/image.png,[0 0 0 0 0 0 0 0 0 0 0 0 0 0 0 0 0 0 0 0 0 0 0 0 0 0 0 0 1 1],9
fold_3/sample_2212/image.png,[0 0 0 0 0 0 0 0 0 1 1 1 2 2 2 2 2 2 2 2],9
fold_3/sample_2213/image.png,[0 0 0 0 0 0 0 0 0 0 0 0 0 0 0 0 0 0 0 0 0 0 0 0 0 0 0 0 0 0 0 0 1 1],9
fold_3/sample_2214/image.png,[0 0 0 0 0 0 0 0 0 0 0 0 0 0 0 0 0 0 0 0 0 0 1],9
fold_3/sample_2215/image.png,[2 2 2 2 2 2 2 2],9
fold_3/sample_2216/image.png,[2 2 2 2 2 2 2 2 2 2 2 2 2],9
fold_3/sample_2217/image.png,[1 2 2 2 2 2 2 2 2 2 2 2 2 2 2],9
fold_3/sample_2218/image.png,[2 2 2 2 2 2 2 2 2 2 2 2 2 2 2 2 2 2 2 2 2 2],9
fold_3/sample_2219/image.png,[1 2 2 2 2 2 2 2 2 2 2],9
fold_3/sample_2220/image.png,[1 1 1 2 2 2 2 2 2 2 2 2 2 2 2 2 2 2 2 2],9
fold_3/sample_2221/image.png,[2 2 2 2 2 2 2 2 2 2 2 2 2 2 2],9
fold_3/sample_2222/image.png,[2 2 2 2 2 2 2 2 2 2 2 2 2],9
fold_3/sample_2223/image.png,[2 2 2 2 2 2 2 2 2 2 2 2 2 2 2 2 2],9
fold_3/sample_2224/image.png,[0 0 0 0 0 0 0 0 0 0 0 0 0 0 0 0 0 0],9
fold_3/sample_2225/image.png,[0 0 0 0 0 0 0 0 0 0 0 0 0 0 0 0 0 0 0 1 1 2],9
fold_3/sample_2226/image.png,[0 0 0 0 0 0 0 0 0 0 0 0 0 0 0 2],9
fold_3/sample_2227/image.png,[0 0 0 0 0 0 0 0 0 0 0 0 0 0 0 0 0 2],9
fold_3/sample_2228/image.png,[0 0 0 0 0 0 0 0 0 0 0 0 0 0 0 1],9
fold_3/sample_2229/image.png,[0 0 0 0 0 0 0 0 1 1 2 2 2 2 2 2 2 2 2],9
fold_3/sample_2230/image.png,[0 0 0 0 0 0 0 0 0 1 2 2 2 2 2 2 2 2 2],9
fold_3/sample_2231/image.png,[2 2 2 2 2 2 2],9
fold_3/sample_2232/image.png,[2 2 2 2 2 2 2 2 2 2 2 2 2 2 2 2 2 2 2],9
fold_3/sample_2233/image.png,[2 2 2 2 2 2 2 2 2 2 2 2 2 2 2 2 2],9
fold_3/sample_2234/image.png,[1 1 1 2 2 2 2 2 2 2 2 2 2 2],9
fold_3/sample_2235/image.png,[1 2 2 2 2 2 2 2 2 2 2 2 2 2 2],9
fold_3/sample_2236/image.png,[0 0 0 0 0 0 0 0 0 0 0 0 0 0 1 2 2 2],9
fold_3/sample_2237/image.png,[2 2 2 2 2 2 2 2 2 2 2 4 4 4 4 4 4],9
fold_3/sample_2238/image.png,[2 4 4 4 4 4 4 4 4 4],9
fold_3/sample_2239/image.png,[4 4 4 4 4 4 4 4 4 4 4 4 4 4 4 4 4 4 4 4],9
fold_3/sample_2240/image.png,[1 1 1 4 4 4 4 4 4 4 4 4 4],9
fold_3/sample_2241/image.png,[1 1 1 1 1 2 2 4 4 4 4 4 4 4 4 4 4],9
fold_3/sample_2242/image.png,[0 0 0 0 0 0 0 0 0 1 1 1 2],9
fold_3/sample_2243/image.png,[0 0 0 0 0 0 0 1 1 1 2 2 2 2 2 2],9
fold_3/sample_2244/image.png,[1 1 1 1 1 2 2 2 2 2 2 2 2 2 2 2 2 2 2 2 2],9
fold_3/sample_2245/image.png,[1 1 2 2 2 2 2 2 2 2 2 2 2 2 2 2 2],9
fold_3/sample_2246/image.png,[1 1 1 1 2 2 2 2 2 2 2 2 2 2],9
fold_3/sample_2247/image.png,[1 1 1 1 1 1 1 2 2 2 2 2 2 2 2 2 2 2 2 2 2],9
fold_3/sample_2248/image.png,[1 2 2 2 2 2 2 2 2 2 2 2 2 2 2 2 2 2],9
fold_3/sample_2249/image.png,[0 0 0 0 0 0 0 0 2 2 2 2 2 2 2 2 2 2 2],9
fold_3/sample_2250/image.png,[1 2 2 2 2 2 2 2 2 2 2 2 2 2 2 2 2 2],9
fold_3/sample_2251/image.png,[0 0 0 0 0 0 0 0 0 0 0 0 0 0 0 0 0 2 2 2 2 2],9
fold_3/sample_2252/image.png,[0 0 0 0 0 0 0 0 0 0 0 0 0 0 0 0 0 0 0],9
fold_3/sample_2253/image.png,[0 0 0 0 0 0 0 0 0 0 0 0 0 0 0 0 0 0 0 0 2],9
fold_3/sample_2254/image.png,[0 0 0 0 0 0 0 0 0 0 0 0 0 0 0 0 0 0 0 2 2],9
fold_3/sample_2255/image.png,[0 0 0 0 0 0 0 0 0 0 0 0 0 0 2 2 2 2],9
fold_3/sample_2256/image.png,[0 0 0 0 0 0 0 0 0 0 0 0 0 0 0 0 0 0 0 0 0 1 1],10
fold_3/sample_2257/image.png,[0 0 0 0 0 0 0 0 0 0 0 0 0 0 0 0 0 0 0 0 0 0 0 0 0 0 0 2],10
fold_3/sample_2258/image.png,[0 0 0 0 0 0 0 0 0 0 0 0 1],10
fold_3/sample_2259/image.png,[0 0 0 0 0 0 0 0 0 0 0 0 0 0 0 0 0 0 0 0 0 1 1 1 2 2],10
fold_3/sample_2260/image.png,[0 0 0 0 1 2 2 2],10
fold_3/sample_2261/image.png,[0 0 0 0 0 0 0 0 0 0 0 0 0 0 0 0],10
fold_3/sample_2262/image.png,[0 0 0 0 0 0 0 0 0 1 1 1 1 2 2],10
fold_3/sample_2263/image.png,[0 0 0 0 1 1 1 1 1 1 2 2 2],10
fold_3/sample_2264/image.png,[0 0 0 0 0 1 1 1 2],10
fold_3/sample_2265/image.png,[1 1 1 1 1 1 2 2 2 2 2 2 2],11
fold_3/sample_2266/image.png,[1 1 1 1 1 1 2 2 2 2 2 2 2 2 2 2 2 2 2 2 2],11
fold_3/sample_2267/image.png,[1 1 1 1 2 2 2 2 2 2 2 2 2 2 2 2 2 2 2 2 2 2 2],11
fold_3/sample_2268/image.png,[1 1 2 2 2 2 2 2 2 2 2],11
fold_3/sample_2269/image.png,[2 2 2 2 2 2 2 2 2 2 2 2 2 2],11
fold_3/sample_2270/image.png,[2 2 2 2],11
fold_3/sample_2271/image.png,"[1 2 2 2 2 2 2 2 2 2 2 2 2 2 2 2 2 2 2 2 2 2 2 2 2 2 2 2 2 2 2 2 2 2 2 2 2
 2 2 2 2 2 2 2 2 2 2]",11
fold_3/sample_2272/image.png,"[2 2 2 2 2 2 2 2 2 2 2 2 2 2 2 2 2 2 2 2 2 2 2 2 2 2 2 2 2 2 2 2 2 2 2 2 2
 2 2 2 2 2 2 2 2 2]",11
fold_3/sample_2273/image.png,[1 1 1 2 2 2 2 2 2 2 2 2 2 2 2 2 2 2 2 2 2 2 2 4 4 4 4 4 4 4 4 4 4 4 4 4 4],11
fold_3/sample_2274/image.png,[2 2 2 2 2 2 2 2 4 4 4 4 4 4 4 4 4 4 4 4 4 4 4 4 4 4 4 4 4 4 4 4 4],11
fold_3/sample_2275/image.png,[4 4 4 4 4 4 4 4 4 4 4 4 4 4 4 4 4 4 4],11
fold_3/sample_2276/image.png,[2 2 2 2 2 2 2 2 2 2 2 2 2 2 4 4 4 4 4 4 4 4 4 4 4 4 4 4],11
fold_3/sample_2277/image.png,[1 1 2 2 2 2 2 2 2 4 4 4 4 4 4 4 4 4 4 4 4 4 4 4 4 4 4 4 4],11
fold_3/sample_2278/image.png,[1 2 2 2 2 2 2 2 2 2 2 2 2 2 2 2 2 2 2 2 2 2 2 2 2 2 2 2 2 2 2 2 2 2 2 2 2],11
fold_3/sample_2279/image.png,[2 2 2 2 2 2 2 2 2 2 2 2 2 2],11
fold_3/sample_2280/image.png,[1 1 2 2 2 2 2 2 2 2 2 2 2 2 2 2 2 2 2 2 2 2 2 2 2 2 2 2 2 2 2 2 2],11
fold_3/sample_2281/image.png,[1 2 2 2 2 2 2 2 2 2 2 2 2 2 4 4 4 4 4 4 4 4 4 4 4 4 4 4],11
fold_3/sample_2282/image.png,[1 2 2 2 2 2 4 4 4 4 4 4 4 4 4 4 4 4 4 4 4 4],11
fold_3/sample_2283/image.png,[0 0 0 0 0 0 0 0 0 0 0 0 0 0 0 0 0 0 0 0 0 0 0 0 0 0 0 0],11
fold_3/sample_2284/image.png,[0 0 0 0 0 0 0 0 1],11
fold_3/sample_2285/image.png,[0 0 0 0 0 0 0 0 0 0 0 0 0 0 0 0 0 0],11
fold_3/sample_2286/image.png,[0 0 0 0 0 0 0 0 0 0 0 0 0 0 0 0 0 0 0 0 0 0 0 0 0 0 0 0 0 0 0 2 2],11
fold_3/sample_2287/image.png,"[0 0 0 0 0 0 0 0 0 0 0 0 0 0 0 0 0 0 0 0 0 0 0 0 0 0 0 0 0 0 0 0 0 0 0 0 0
 0 0]",11
fold_3/sample_2288/image.png,[0 0 0 0 0 0 0 0 0 0 0 0 0 0 0 0 0 0 0 0 0 0 0 0 0 2],11
fold_3/sample_2289/image.png,[0 0 0 0 0 0 0 0 0 0 0 0 0 0 0 0 0 0 0 0 0 0 0 0 0],11
fold_3/sample_2290/image.png,[0 0 0 0 0 0 0 1 1 1 2 2 2 2 2 2],11
fold_3/sample_2291/image.png,"[0 0 0 0 0 0 0 0 0 0 0 0 0 0 0 0 0 0 0 0 0 0 0 0 0 0 0 0 0 0 0 0 0 0 0 0 0
 0 0 0 0 0 0 0 0 1]",11
fold_3/sample_2292/image.png,"[0 0 0 0 0 0 0 0 0 0 0 0 0 0 0 0 0 0 0 0 0 0 0 0 0 0 0 0 0 0 0 0 0 0 0 0 0
 0 2 2 2 2 2]",11
fold_3/sample_2293/image.png,[0 0 0 0 0 0 0 0 0 0 0 0 0 0 0 0 0 0 0 0 0 0 0 2 2 2 2 2],11
fold_3/sample_2294/image.png,"[0 0 0 0 0 0 0 0 0 0 0 0 0 0 0 0 0 0 0 0 0 0 0 0 0 0 0 0 0 0 0 0 0 0 1 1 2
 2 2]",11
fold_3/sample_2295/image.png,[0 0 0 0 0 0 0 0 0 0 0 0 0 0 0 0 0 0 0 0 0 0 0 0 0 0 0 0 0 0 0 0],11
fold_3/sample_2296/image.png,[0 0 0 0 0 0 0 0 0 0 0 0 0 1 1 1 1 2 2 2 2 2 2 2 2 2 2 2 2],11
fold_3/sample_2297/image.png,"[0 0 0 0 0 0 0 0 0 0 0 0 0 0 0 0 0 0 0 0 0 0 0 0 0 0 0 0 0 1 1 1 1 1 2 2 2
 2 2]",11
fold_3/sample_2298/image.png,[0 0 0 0 0 0 0 0 0 0 0 0 0 0 0 0 0 0 0 0 0 0 0 0 1 1 1 1 2 2],11
fold_3/sample_2299/image.png,[0 0 0 0 0 0 0 0 0 0 0 0 0 0 0 0 0 0 0 0 0 0 0 0 0 0 0 1 1 1 2 2],11
fold_3/sample_2300/image.png,[0 0 0 0 0 0 1 1 1 1 1 2 2 2 2 2 2 2 2 2 2 2 2 2 2 2 2 2],11
fold_3/sample_2301/image.png,[0 0 0 0 0 0 0 0 0 0 0 2 2 2 2 2 2 2 2 2 2 2 2 2],11
fold_3/sample_2302/image.png,[0 0 0 0 0 0 0 0 0 0 0 0 0 0 0 0 0 0 0 0 0 0 0 0 0 0],11
fold_3/sample_2303/image.png,[0 0 0 0 0 0 0 0 0 0 0 0 0 0 0 0 0 0 0 0 0 0],11
fold_3/sample_2304/image.png,[0 0 0 0 0 0 0 0 0 0 0 0 0 0 0 0 0 0 0 0 0 0 0 0],11
fold_3/sample_2305/image.png,[0 0 0 0 0 0 0 0 0 0 0 0 0 0 0 0 0 0 0 0 0 0 0 0 0 0],11
fold_3/sample_2306/image.png,[0 0 0 0 0 0 0 0 0 0 0 0 0 0 0 0 0 0 0 0 0 0 0 0 0 2],11
fold_3/sample_2307/image.png,[0 0 0 0 0 0 0 0 0 0 0 0 0 0 0 0 0 0 0 0 0 0 1],11
fold_3/sample_2308/image.png,"[0 0 0 0 0 0 0 0 0 0 0 0 0 0 0 0 0 0 0 0 0 0 0 0 0 0 0 0 0 0 0 0 0 0 0 0 0
 0 0 0 0]",11
fold_3/sample_2309/image.png,"[0 0 0 0 0 0 0 0 0 0 0 0 0 0 0 0 0 0 0 0 0 0 0 0 0 0 0 0 0 0 0 0 0 0 0 0 0
 1 1]",11
fold_3/sample_2310/image.png,[0 0 0 0 0 0 0 0 0 0 0 0 0 0 0 0 0 0 0 0 0 0 0 0 0 0 0 0 0 0 0 0 0 0 0 0 0],11
fold_3/sample_2311/image.png,[0 0 0 0 0 0 0 0 0 0 0 0 0 0 0 0 0 0 0 0 0 0 0 0 0 0 0 0 0 0 0 0],11
fold_3/sample_2312/image.png,[0 0 0 0 0 0 0 0 0 0 0 0 0 0 0 0 0 0 0 0 0 0 0 0],11
fold_3/sample_2313/image.png,[1 2 2 2 2 2 2 2 4 4 4 4 4 4],12
fold_3/sample_2314/image.png,[0 0 0 0 0 0 0 2],12
fold_3/sample_2315/image.png,[0 0 0 0 0 1 2 2 2 2 2 2 2],12
fold_3/sample_2316/image.png,[0 0 1 1 2 2 2 2 2 2 2 2 2 2 2 2 2 2 2 2 2],12
fold_3/sample_2317/image.png,[0 0 0 0 0 0 0 0 0 0 0 0 0 0 0 0 0 0 0 0 0 0 0 1 1 1 2 2 2 2 2 2 2 2 2 2],12
fold_3/sample_2318/image.png,[1 1 1 1 1 1 1 1 1 2 2 2 2 2 2 2 2 2 2 2 2 2 2 2 2 2],12
fold_3/sample_2319/image.png,[1 1 1 1 1 1 1 2 2 2 2 2 2 2 2 2 2 2 2 2 2 2 2 2 2],12
fold_3/sample_2320/image.png,[1 2 2 2 2 2 2 2 2 2 2 2 2 2 2 2 2 2 2 2 2 2 2 2 2],12
fold_3/sample_2321/image.png,[1 1 1 1 1 1 1 1 1 1 2 2 2 2 2 2 2 2 2 2 2 2 2 2 2 2 2 2 2 2],12
fold_3/sample_2322/image.png,[1 1 1 1 1 1 1 2 2 2 2 2 2 2 2 2 2 2 2 2 2 2],12
fold_3/sample_2323/image.png,"[1 2 2 2 2 2 4 4 4 4 4 4 4 4 4 4 4 4 4 4 4 4 4 4 4 4 4 4 4 4 4 4 4 4 4 4 4
 4 4 4 4 4 4 4 4 4 4]",12
fold_3/sample_2324/image.png,"[1 1 1 1 2 2 2 2 2 2 2 2 2 4 4 4 4 4 4 4 4 4 4 4 4 4 4 4 4 4 4 4 4 4 4 4 4
 4 4 4 4 4 4 4 4 4 4 4 4 4 4 4 4 4 4 4 4 4 4 4 4]",12
fold_3/sample_2325/image.png,"[1 2 2 4 4 4 4 4 4 4 4 4 4 4 4 4 4 4 4 4 4 4 4 4 4 4 4 4 4 4 4 4 4 4 4 4 4
 4 4 4 4 4 4 4 4 4 4]",12
fold_3/sample_2326/image.png,[1 1 2 2 2 2 2 2 2],12
fold_3/sample_2327/image.png,[1 2 2 2 2 2 2 2 2 2 2 2 2 2 2 2],12
fold_3/sample_2328/image.png,[1 1 1 2 2 2 2 2 2 2 2 2],12
fold_3/sample_2329/image.png,[2 2 2 2 2 2 2 2 2 2 2 2 2],12
fold_3/sample_2330/image.png,[1 1 1 2 2 2 2 2 2 2 2 2 2 2 2 2 2 2 2 2 2 2 2 2 2 2],12
fold_3/sample_2331/image.png,[0 0 0 1 1 2 2 2 2 2 2 2 2 2 2 2 2 2 2 2 2 2 2 2],12
fold_3/sample_2332/image.png,[0 0 0 0 0 0 0 0 0 0 0 0 0 0 0 0 0 0 0 0 0 0 0 0 0 0],12
fold_3/sample_2333/image.png,[2 2 2 2 2 2 2 2 4 4 4 4 4 4 4 4 4 4 4 4 4 4 4 4 4 4 4 4 4 4],13
fold_3/sample_2334/image.png,[2 2 2 2 2 2 2 4 4 4 4 4 4 4 4 4 4 4 4 4 4 4 4 4 4],13
fold_3/sample_2335/image.png,[2 2 2 2 2 2 2 2 2 2 2 2 2 2 2 2 2 2 2 2 2 4 4 4 4],13
fold_3/sample_2336/image.png,"[2 2 2 2 2 2 2 2 2 2 2 4 4 4 4 4 4 4 4 4 4 4 4 4 4 4 4 4 4 4 4 4 4 4 4 4 4
 4]",13
fold_3/sample_2337/image.png,"[2 2 2 2 2 2 2 2 2 2 2 2 4 4 4 4 4 4 4 4 4 4 4 4 4 4 4 4 4 4 4 4 4 4 4 4 4
 4 4 4 4 4 4]",13
fold_3/sample_2338/image.png,[0 0 0 0 0 0 0 0 0 0 0 0 0 0 0 0 0 0 0 2 2 2],13
fold_3/sample_2339/image.png,[0 0 0 0 0 0 0 0 0 2 2 2],13
fold_3/sample_2340/image.png,[0 0 0 0 0 0 0 0 0 0 0 2],13
fold_3/sample_2341/image.png,[0 0 0 0 0 0 0 0 0 0 0 0 2 2],13
fold_3/sample_2342/image.png,[0 0 0 0 0 0 0 0 2],13
fold_3/sample_2343/image.png,[0 0 0 0 0 0 0 0 0 0 0 0 0 0 2],13
fold_3/sample_2344/image.png,[0 0 0 0 0 0 0 0 0 2 2 2],13
fold_3/sample_2345/image.png,[0 0 0 0 0 0 0 0 0 2],13
fold_3/sample_2346/image.png,[0 1 1 1 1 1 1 2 2 2 2 2 2 2 2 2 2 2 2 2 2 2 2 2 2 2 2 2 2 2 2 2],13
fold_3/sample_2347/image.png,[2 2 2 2 2 2 2 2 2 2 2 2 2 2 2],13
fold_3/sample_2348/image.png,[2 2 2 2 2 2 2 2 2 2 2 2 2 2 2 2 2 2 2 2 2],13
fold_3/sample_2349/image.png,[1 2 2 2 2 2 2 2],13
fold_3/sample_2350/image.png,[0 0 0 0 0 0 0 0 0 0 2 2 2 2 2 2],13
fold_3/sample_2351/image.png,[0 0 0 0 0 0 0 0 0 0 0 0 0 0 0 1 2 2 2 2 2 2 2 2 2 2 2],13
fold_3/sample_2352/image.png,[2 2 2 2 2 2 2 2 2 2],13
fold_3/sample_2353/image.png,[0 0 0 0 0 0 0 0 0 0 0 0 1 2 2 2 2 2 2 2 2 2 2],13
fold_3/sample_2354/image.png,"[0 0 0 0 0 0 0 0 0 0 0 0 0 0 0 0 0 0 0 0 0 0 0 0 0 0 0 0 0 0 0 0 0 0 0 0 0
 0 0 0 0 0 0 0 0 0 0 0 0 0 0 0 0 0 0]",13
fold_3/sample_2355/image.png,[0 0 0 0 0 0 0 0 0 0 0 0 0 0 0 0 0 0 0 0 0 0 0 0 0 0 0 0 0 0 0 0 0 0 0],13
fold_3/sample_2356/image.png,"[0 0 0 0 0 0 0 0 0 0 0 0 0 0 0 0 0 0 0 0 0 0 0 0 0 0 0 0 0 0 0 0 0 0 0 0 0
 0 0 0 0 0 0 0]",13
fold_3/sample_2357/image.png,[0 0 0 0 0 0 0 0 0 0 0 0 0 0 0 0 0 0 0 0 0 0 0 0 0 0 0 0 0 0 0 0 0],13
fold_3/sample_2358/image.png,[0 0 0 0 0 0 0 0 0 0 0 0 0 0 0 0 0 0 0 0 0 0 0 0 0 0 0 0 0 0 0 2 2],13
fold_3/sample_2359/image.png,[0 0 0 0 0 0 0 0 0 0 0 0 0 0 0 0 0 0 0 0 0 0 0 0 2 2],13
fold_3/sample_2360/image.png,[2 2 2 2],13
fold_3/sample_2361/image.png,[2 2],13
fold_3/sample_2362/image.png,[2 2 2 2 2],13
fold_3/sample_2363/image.png,[2 2 2 2 2 2 2 2],13
fold_3/sample_2364/image.png,[2 2 2 2 2 2 2 2 2 2],13
fold_3/sample_2365/image.png,[0 0 0 0 0 0 0 0 0 0 0 0 0 0 0 0 0 0 0 2 2 2 2 2],13
fold_3/sample_2366/image.png,[0 0 0 0 0 0 0 0 0 0 0 0 0 0 0 0 0 0 0 0 0 1 1 2 2],13
fold_3/sample_2367/image.png,[0 0 0 0 0 0 0 0 0 0 0 0 0 0 0 0 0 0 0 0 0 0 0 0 0 0 1 2 2 2 2 2 2 2 2],13
fold_3/sample_2368/image.png,[0 0 0 0 0 1 2 2 2 2 2 2 2 2 2 2 2 2 2],13
fold_3/sample_2369/image.png,[0 0 0 0 0 0 0 0 0 0 0 0 0 0 0 0 0 0 0 0 0 0 0 0 0 0 0 0 2 2 2 2 2 2],13
fold_3/sample_2370/image.png,[0 0 0 0 0 0 0 2 2 2 2 2 2 2 2 2 2 2 2 2],13
fold_3/sample_2371/image.png,[0 0 0 0 0 0 0 0 0 0 2 2 2 2 2 2 2 2 2 2 2 4],13
fold_3/sample_2372/image.png,[0 0 0 0 0 0 0 0 0 0 0 2 2 2 2 2],13
fold_3/sample_2373/image.png,[],13
fold_3/sample_2374/image.png,[0 0 0 0 0 0 0 0 0 0 0 0 0 0 0 2 2],13
fold_3/sample_2375/image.png,[],13
fold_3/sample_2376/image.png,"[0 0 0 0 0 0 0 0 0 0 0 0 0 0 0 0 0 0 0 0 0 0 0 0 0 0 0 0 0 0 0 0 0 0 0 1 1
 1 1 1 1 1 1 1 1 1 1 1 1 1 1 1 1 1 1 1 1 1 1 1 1 1 1 1 1 1 1 1 1 1 1 1 1 1
 1 1 1 1 1 1 1 1 1 1 1 1 1 1 1 1 1 1 1 1 1 1 1 1 1]",14
fold_3/sample_2377/image.png,"[0 0 0 0 0 0 0 0 0 0 0 0 0 0 0 0 0 0 0 0 0 0 0 0 0 0 0 0 0 0 0 0 0 0 1 1 1
 1 1 1 1 1 1 1 1 1 1 1 1 1 1 1 1 1 1 1 1 1 1 1 1 1 1 1 1 1 1 1 1 1 1 1 1 1
 1 1 1 1 1 1]",14
fold_3/sample_2378/image.png,"[0 0 0 0 0 0 0 0 0 0 0 0 0 0 0 0 1 1 1 1 1 1 1 1 1 1 1 1 1 1 1 1 1 1 1 1 1
 1 1 1 1 1 1 1 1 1 1 1 1 1 1 1 1 1 1 1 1 1 1 1 1 1]",14
fold_3/sample_2379/image.png,"[0 0 0 0 0 0 0 0 0 0 0 0 0 0 0 0 0 0 0 0 0 0 0 0 0 0 0 0 0 0 0 0 0 0 0 0 0
 0 0 0 0 0 0 1 1 1 1 1 1 1 1 1 1 1 1 1 1 1 1 1 1 1 1 1 1 1 1 1 1 1 1 1 1 1
 1 1 1 1 1 1 1 1 1 1 1 1 1 1 1 1 1 1 1 1 1 1 1 1 1]",14
fold_3/sample_2380/image.png,"[0 0 0 0 0 0 0 0 0 0 0 0 0 0 0 0 0 0 0 0 0 0 0 0 0 0 0 0 0 0 0 0 0 0 0 0 0
 0 0 1 1 1 1 1 1 1 1 1 1 1 1 1 1 1 1 1 1 1 1 1 1 1 1 1 1 1 1 1 1 1 1 1 1 1
 1 1 1 1 1 1 1 1 1 1]",14
fold_3/sample_2381/image.png,"[0 0 0 0 0 0 0 0 0 0 0 0 0 0 0 0 0 0 0 0 0 0 0 0 0 0 0 0 0 0 0 0 0 0 0 0 0
 0 1 1 1 1 1 1 1 1 1 1 1 1 1 1 1 1 1 1 1 1 1 1 1 1 1 1 1 1 1 1 1 1 1 1 1 1
 1 1 1 1 1]",14
fold_3/sample_2382/image.png,[2 2 2 2],14
fold_3/sample_2383/image.png,[2 2 2 2 2 2 2 2 2 2 2],14
fold_3/sample_2384/image.png,[1 1 1 2 2 2 2 2 2 2],14
fold_3/sample_2385/image.png,[1 1 1 1 2 2 2],14
fold_3/sample_2386/image.png,[2],14
fold_3/sample_2387/image.png,"[0 0 0 0 0 0 0 0 0 0 0 0 0 0 0 0 0 0 0 0 0 0 0 0 0 0 0 0 0 0 0 0 0 0 0 0 0
 0 0 0 0 0 0 0 0 0 0 0 0 0 0 0 0 0 0 0 0 0 0 0 0 0 0 1 2 2]",14
fold_3/sample_2388/image.png,[2 2 4 4 4 4 4 4 4 4 4 4 4 4 4 4 4 4 4 4 4 4],14
fold_3/sample_2389/image.png,[1 4 4 4 4 4 4 4 4 4 4 4 4 4 4 4 4],14
fold_3/sample_2390/image.png,[2 4 4 4 4 4 4 4 4 4 4 4 4 4 4 4 4 4 4 4 4 4 4 4 4 4 4 4 4 4 4 4 4 4 4 4],14
fold_3/sample_2391/image.png,[4 4 4 4 4 4 4 4 4 4 4 4 4 4 4 4 4],14
fold_3/sample_2392/image.png,"[1 1 1 1 1 1 1 1 1 1 1 1 1 1 1 1 1 1 1 1 1 1 1 1 1 1 1 1 1 1 1 1 1 1 1 1 1
 1 1 1 1 1 1 1 1 1 1 1 1 1 1 1 1 1 1 1 1 1 1 1 1 1 1 1 1 1 1 1 1 1 1 1 1 1
 1 1 1 1 1 1 1 1 1 1 1 1 1 1 1 1 1 1 1 1 1 1 1 2 2 2 2 2 2 2 2 2 2 2 2 2 2
 2 2]",14
fold_3/sample_2393/image.png,"[1 1 1 1 1 1 1 1 1 1 1 1 1 1 1 1 1 1 1 1 1 1 1 1 1 1 1 1 1 1 1 1 1 1 1 1 1
 1 1 1 1 1 1 1 1 1 1 2 2 2 2 2 2 2 2 2 2 2 2 2 2 2 2 2 2 2 2 2 2 2 2 2 2]",14
fold_3/sample_2394/image.png,"[1 1 1 1 1 1 1 1 1 1 1 1 1 1 1 1 1 1 1 1 1 1 1 1 1 1 1 1 1 1 1 1 1 1 1 1 1
 1 1 1 1 1 1 1 1 1 1 1 1 1 1 1 1 1 1 1 1 1 1 1 1 1 1 1 1 1 1 1 1 1 1 1 1 1
 1 1 1 1 1 1 1 1 1 1 1 1 1 1 2 2 2 2 2 2 2 2 2 2 2 2 2 2 2 2 2 2 2 2 2 2 2
 2]",14
fold_3/sample_2395/image.png,[0 0 0 0 0 0 0 0 0 0 0 0 0 0 0 0 0 1],14
fold_3/sample_2396/image.png,[0 0 0 0 0 0 0 0 0 0 0 0 0 0 0 0 0 0 0 0 0],14
fold_3/sample_2397/image.png,[0 0 0 0 0 0 0 1 1 1 1 1],14
fold_3/sample_2398/image.png,"[0 0 0 0 0 0 0 0 0 0 0 0 0 0 0 0 0 0 0 0 0 0 0 0 0 0 0 0 0 0 0 0 0 0 0 0 0
 0 0 0 0 0 0 0 0 1 1]",14
fold_3/sample_2399/image.png,"[0 0 0 0 0 0 0 0 0 0 0 0 0 0 0 0 0 0 0 0 0 0 0 0 0 0 0 0 0 0 0 0 0 0 0 0 0
 0 0 0 1]",14
fold_3/sample_2400/image.png,[0 0 0 0 0 0 0 0 0 0 0 0 0 0 0 0 0 0 0 0 0 0 0 0 0 0 0 0 0 0 0 0 0 1 2],14
fold_3/sample_2401/image.png,[0 0 0 0 0 0 0 0],14
fold_3/sample_2402/image.png,[0 0 0 0 1 2 2],14
fold_3/sample_2403/image.png,[0 0 0 0 0 0 0 0 0 0 0 0 0 0 0 0 0 1 1 2],14
fold_3/sample_2404/image.png,[0 0 0 0 0 0 0 0 0 0 0 0 0 0 0 0 0],14
fold_3/sample_2405/image.png,[0 0 0 0 0 0 0 0 0 0 0 0 0 0 0 0 0 0 0 0 0 0 0 1 1 1 1 1 2 2 2],14
fold_3/sample_2406/image.png,[0 0 0 0 0 0 0 0 0 0 0 0 0 0 0 0 0 0 0 0 1 1 1 1 1 1 1 2],14
fold_3/sample_2407/image.png,"[0 0 0 0 0 0 0 0 0 0 0 0 0 0 0 0 0 0 0 0 0 0 0 0 0 0 0 0 0 0 0 1 1 1 1 1 2
 2]",14
fold_3/sample_2408/image.png,[0 0 0 0 0 0 0 0 0 0 0 0 0 0 0 0 0 0 0 0 0 0 0 0 0 0 0 0 0 1 1 1 1 1 2],14
fold_3/sample_2409/image.png,[2],14
fold_3/sample_2410/image.png,[2],14
fold_3/sample_2411/image.png,[2 2 2 2 2 2 2 2 2 2 2 2 2],14
fold_3/sample_2412/image.png,[1 2 2 2 2 2 2 2 2 2 2 2 2 2 2 2 2 2 2],15
fold_3/sample_2413/image.png,[2 2 2 2 2 2 2 2 2],15
fold_3/sample_2414/image.png,[2 2 2 2 2 2 2 2 2 2 2 2 2 2 2 2 2 2 2 2 2 2 2],15
fold_3/sample_2415/image.png,[2 2 2 2 2 2 2 2 2 2 2 2 2 2 2],15
fold_3/sample_2416/image.png,[2 2 2 2 2 2 2 2 2 2 2 2 2 2 2 2 2 2 2 2 2],15
fold_3/sample_2417/image.png,[2 2 2 2 2 2 2 2 2 2 2 2 2 2 2 2 2 2 2 2 2 2],15
fold_3/sample_2418/image.png,[2 2 2 2 2 2 2 2 2 2 2 2 2 2 2 2 2 2 2 2 2 2 2],15
fold_3/sample_2419/image.png,"[0 0 0 0 0 0 0 0 0 0 0 0 0 0 0 0 0 1 1 2 2 2 2 2 2 2 3 3 3 3 3 3 3 3 3 3 3
 3 3 3 3 3 3 3 3 3 3]",15
fold_3/sample_2420/image.png,"[0 0 0 0 0 0 0 0 0 0 0 0 0 0 0 0 0 0 0 0 0 0 0 0 0 0 0 0 0 0 0 0 0 0 0 0 0
 0 0 0 0 0 0 0 0 0 2 2 2 2 2 2 2 2 2 3 3 3 3 3 3]",15
fold_3/sample_2421/image.png,"[0 0 0 0 0 0 0 0 0 0 0 0 0 0 0 0 0 0 0 0 0 0 0 0 0 0 1 2 2 2 2 2 3 3 3 3 3
 3 3 3 3 3 3 3 3 3]",15
fold_3/sample_2422/image.png,"[0 0 0 0 0 0 0 0 0 0 0 0 0 0 0 0 0 0 0 0 0 0 0 0 0 0 0 0 0 0 0 0 0 1 1 2 2
 2 2 2 2 2 2 2 2]",15
fold_3/sample_2423/image.png,[0 0 0 0 1 2 2 2 2 2 2 2 2 2 2 2],15
fold_3/sample_2424/image.png,[0 0 0 0 0 0 0 0 0 0 0 0 0 0 0 0 0 0 0 0 0 0 0 0 0 0 0 1 2 2 2 2 2],15
fold_3/sample_2425/image.png,[0 0 0 0 0 0 0 0 0 0 0 0 0 0 1 1 1 1 1 1 1 1 1 1 1 1 1 1 2 2 2 2 2 2 2 2 2],15
fold_3/sample_2426/image.png,"[0 0 0 0 0 0 0 0 0 0 0 0 0 0 0 0 0 0 0 0 0 0 0 1 1 1 1 1 1 1 1 1 1 2 2 2 2
 2 2 3 3]",15
fold_3/sample_2427/image.png,"[0 0 0 0 0 0 0 0 0 0 0 0 0 0 0 0 0 0 0 0 0 0 0 0 0 0 0 0 0 0 0 0 0 1 1 1 1
 1 1 1 1 1 1 2 2 2 2 2 2 2]",15
fold_3/sample_2428/image.png,[0 0 0 0 0 0 0 0 0 0 0 0 0 0 0 0 1 1 1 1 1 1 1 1 1 1 1 1 1 1 2 2 3 3],15
fold_3/sample_2429/image.png,"[0 0 0 0 0 0 0 0 0 0 0 0 0 0 0 0 0 0 0 0 0 0 0 0 0 0 0 0 0 1 1 1 1 1 1 1 1
 1 1 2 2 2 2 3 3]",15
fold_3/sample_2430/image.png,[0 0 0 0 0 0 0 0 0 0 0 0 0 0 0 0 0 0 0 0 0 0 0 0 0 1 1 1 1 2 2 2 2 2 2 3 3],15
fold_3/sample_2431/image.png,[0 0 0 0 0 0 0 0 0 0 0 0 0 0 0 0 0 0 0 1 1 1 1 1 1 1 1 1 1 1 2 3 3 3],15
fold_3/sample_2432/image.png,[0 0 0 0 0 0 0 0 0 0 0 0 0 0 0 0 0 0 0 0 0 1 1 1 1 1 1 2 2 2 2 2 2],15
fold_3/sample_2433/image.png,"[0 0 0 0 0 0 0 0 0 0 0 0 0 0 0 0 0 0 0 0 0 0 0 0 0 0 0 0 0 0 0 0 1 1 1 2 2
 2 2 2 2 3]",15
fold_3/sample_2434/image.png,[0 0 0 0 0 0 0 0 0 0 0 0 0 0 0 0 0 0 0 0 0 0 0 2 2 2 2 2],15
fold_3/sample_2435/image.png,[0 0 0 2 2 2 2 2 2 2 2 2 2 2 2 2 2 2 2 2 2 2 2 2 2 2 2],15
fold_3/sample_2436/image.png,[0 0 0 0 0 0 0 0 0 0 0 0 0 0 0 0 0 0 0 0 0 0 0 2 2],15
fold_3/sample_2437/image.png,[2 2 2 2 2 2 2 2 2 2 2 2 2 2 2 2],15
fold_3/sample_2438/image.png,[2 2 2 2 2 2 2 2 2 2 2 2 2 2 2 2],15
fold_3/sample_2439/image.png,[0 0 0 0 1 2 2 2 2],15
fold_3/sample_2440/image.png,[0 0 1 2 2 2 2 2 2 2],15
fold_3/sample_2441/image.png,[0 0 0 0 0 0 0 0 0 0 0 0 0 0 0 0 0 0 0 0 0 0 0 0 0 0 0 0 0 0 0 0 0 0],15
fold_3/sample_2442/image.png,[0 0 0 0 0 0 0 0 0 0 0 0 0 0 0 0 0 0 0 0 0 0 0 0 0 1 1 1 2],15
fold_3/sample_2443/image.png,[0 0 0 0 0 0 0 0 0 0 0 0 0 0 0 0 0 0 0 0 0 0 0 0 2 2 2 2],15
fold_3/sample_2444/image.png,[0 0 0 0 0 0 0 0 0 0 0 0 0 0 0 0 0 0 0 0 0 0 0 0 0 0 0 0 0 0 0 0 1 1 2 2],15
fold_3/sample_2445/image.png,[0 0 0 0 0 0 0 0 0 0 0 0 0 0 0 0 0 0 0 2 2],15
fold_3/sample_2446/image.png,[0 0 2 2 2 2 2 2 2 2 2 2 2 2 2 2 2 2 2 2],15
fold_3/sample_2447/image.png,[2 2 2 2 2 2 2 2 2 2 2 2],15
fold_3/sample_2448/image.png,[0 1 2 2 2 2 2 2 2 2],15
fold_3/sample_2449/image.png,[2 2 2 2 2 2 2 2 2 2 2 2 2 2 2 2],15
fold_3/sample_2450/image.png,"[0 0 0 0 0 0 0 0 0 0 0 0 0 0 0 0 0 0 0 0 0 0 0 0 1 1 1 1 1 1 1 1 1 1 1 2 2
 3 3]",15
fold_3/sample_2451/image.png,[0 0 0 0 0 0 0 0 0 0 0 0 0 0 1 1 2 2 2 2 2 2 2 2 2 3 3 3],15
fold_3/sample_2452/image.png,"[0 0 1 1 1 1 1 1 1 1 1 1 1 1 1 1 1 1 1 1 1 1 1 1 1 1 1 1 1 1 1 1 1 1 1 1 1
 1 1 1 1 1 1 1 1 1 1 1 1 1 1 1 1 1 1 1 1 1 1 1 1 1 1 1 1 1 1 1 1 1 2 2 2 2
 2 2 3 3]",15
fold_3/sample_2453/image.png,[0 0 0 0 0 0 0 0 0 0 0 0 0 1 1 1 1 1 1 1 1 1 1 1 1 2 3 3 3 3],15
fold_3/sample_2454/image.png,"[0 0 0 0 0 0 0 0 0 0 0 0 1 1 1 1 1 1 1 1 1 1 1 1 1 1 1 1 1 1 1 1 1 1 1 1 1
 1 1 1 1 1 1 1 1 1 1 1 1 1 1 1 1 1 1 2]",15
fold_3/sample_2455/image.png,[1 2 2 2],16
fold_3/sample_2456/image.png,[1 1 2 2],16
fold_3/sample_2457/image.png,[1 2],16
fold_3/sample_2458/image.png,[1 1 2 2],16
fold_3/sample_2459/image.png,[1 1 1 2],16
fold_3/sample_2460/image.png,[2 2],16
fold_3/sample_2461/image.png,[1 1 2],16
fold_3/sample_2462/image.png,[1],16
fold_3/sample_2463/image.png,[1],16
fold_3/sample_2464/image.png,[2 2 2 2 2 2 2 2 2 2 2],16
fold_3/sample_2465/image.png,[2 2 2 2 2 2 2 2 2 2 2 2 2 2 2 2],16
fold_3/sample_2466/image.png,[0 0 0 0 0 0 0 0 0 0 0 0 0 0 0 0 0 0 0 0 0 0 0],16
fold_3/sample_2467/image.png,[0 0 0 0 0 0 0 0 0 0 0 0 0 0 0 0 0 1 2 2 2 2 2],16
fold_3/sample_2468/image.png,[0 0 0 0 0 0 0 0 0 0 0 0 0 0 0 0 0 0 0 0 0 0 0 0 0 2],16
fold_3/sample_2469/image.png,[0 0 0 0 0 0 0 0 0 0 0 0 0 0 0 0 0 0 0 0 0 0 0 1 1 1 2 2 2],16
fold_3/sample_2470/image.png,[0 0 0 0 0 0 0 0 0 0 0 0 0 0 0 0 0 0 0 0 0 0 0 0 0 0 0],16
fold_3/sample_2471/image.png,[0 0 0 0 0 0 0 0 0 0 0 0 0 0 0 0 0 0 0 0 0 0 0 0 1 1 1 1 2 2],16
fold_3/sample_2472/image.png,"[0 0 0 0 0 0 0 0 0 0 1 1 1 1 1 1 1 1 1 1 1 1 1 1 1 1 1 1 1 1 1 1 1 1 1 1 1
 1 1 1 1 1 1 1 1 1 1 1 1 1 1 1 1 1 1 1 1 1 1 1 1 1 1 1 1 1 1 1 1 1 1 1 1 1
 1 1 1 1 1 1 1 2 2 2 2 2 2 2 2]",16
fold_3/sample_2473/image.png,"[0 0 0 0 0 0 0 0 0 0 0 0 0 1 1 1 1 1 1 1 1 1 1 1 1 1 1 1 1 1 1 1 1 1 1 1 1
 1 1 1 1 1 1 1 1 1 1 1 1 1 1 1 1 1 1 1 1 1 1 1 1 1 1 1 1 1 1 1 1 1 1 1 1 1
 2 2 2 2 2]",16
fold_3/sample_2474/image.png,"[0 0 0 0 0 0 0 0 0 0 0 0 0 0 0 1 1 1 1 1 1 1 1 1 1 1 1 1 1 1 1 1 1 1 1 1 1
 1 1 1 1 1 1 2 2 2 2 2 2 2]",16
fold_3/sample_2475/image.png,"[0 0 0 0 0 0 0 0 0 0 0 0 1 1 1 1 1 1 1 1 1 1 1 1 1 1 1 1 1 1 1 1 1 1 1 1 1
 1 1 1 1 1 1 1 1 1 1 1 1 1 1 1 1 1 1 1 1 1 1 1 1 1 1 2 2 2 2 2 2]",16
fold_3/sample_2476/image.png,"[0 0 0 0 0 0 0 0 0 0 0 0 0 0 0 0 0 0 0 1 1 1 1 1 1 1 1 1 1 1 1 1 1 1 1 1 1
 1 1 1 1 1 1 2 2 2 2 2 2 2 2 2 2 2 2 2]",16
fold_3/sample_2477/image.png,[0 0 0 0 0 0 0 0 0 0 0 0 0 0 0 1 1 1 1 2 2],16
fold_3/sample_2478/image.png,[0 0 0 0 0 0 0 0 0 0 0 0 0 0 0 0 0 0 0 0 0 1 1 1],16
fold_3/sample_2479/image.png,[0 0 0 0 0 0 0 0 0 0 0 0 0 0 0 0 0 0 0 1],16
fold_3/sample_2480/image.png,[0 0 0 0 0 0 0 0 0 0 0 0 0 0 0 0 0 0 0 0 0 0 0 0],16
fold_3/sample_2481/image.png,[0 0 0 0 0 0 0 0 0 0 0 0 0 0 0 0 0 0 0 0 0 0 0],16
fold_3/sample_2482/image.png,[0 0 0 0 0 0 0 0 0 0 0 0 0 0 0 0 0 0 0 0 0 2],16
fold_3/sample_2483/image.png,[1 4 4 4 4],17
fold_3/sample_2484/image.png,[1 1 2 2 4 4 4 4 4 4 4 4 4 4],17
fold_3/sample_2485/image.png,[1 1 2 4 4 4 4 4 4 4 4 4 4 4 4],17
fold_3/sample_2486/image.png,[3 4 4 4 4 4 4 4 4 4 4 4 4 4 4 4 4],17
fold_3/sample_2487/image.png,[1 2 2 2 4 4 4 4 4 4 4 4 4 4 4 4 4 4 4 4 4 4 4],17
fold_3/sample_2488/image.png,[1 2 2 4 4 4 4 4 4 4 4 4 4 4 4 4 4 4 4 4],17
fold_3/sample_2489/image.png,[4 4 4 4 4 4 4 4 4 4 4 4 4 4 4 4],17
fold_3/sample_2490/image.png,[1 1 4 4 4 4 4 4 4 4 4 4 4 4 4 4 4 4 4 4 4 4],17
fold_3/sample_2491/image.png,[1 2 4 4 4 4 4 4 4 4 4 4 4 4 4 4 4 4 4 4],17
fold_3/sample_2492/image.png,[4 4 4 4 4 4 4 4 4 4 4 4 4 4 4 4 4 4 4 4 4 4 4 4 4 4 4 4 4 4 4 4 4 4 4],17
fold_3/sample_2493/image.png,[2 2 2 4 4 4 4 4 4 4 4 4 4 4 4 4 4 4 4 4 4 4 4 4 4 4 4 4 4 4 4 4 4 4 4],17
fold_3/sample_2494/image.png,[2 4 4 4 4 4 4 4 4 4 4 4 4 4 4 4 4],17
fold_3/sample_2495/image.png,[4 4 4],17
fold_3/sample_2496/image.png,[2 2 2 2 2 2 4 4 4 4 4 4],17
fold_3/sample_2497/image.png,[1 1],17
fold_3/sample_2498/image.png,[2 4 4 4 4 4 4 4],17
fold_3/sample_2499/image.png,[1 1 1 2 2 2 4 4 4 4 4 4 4 4 4 4 4 4 4 4 4 4 4 4 4 4 4 4],17
fold_3/sample_2500/image.png,[1 1 2 2 4 4 4 4 4 4 4 4 4 4 4 4 4 4 4 4 4 4 4 4 4 4 4 4],17
fold_3/sample_2501/image.png,[2 2 2 2 2 2 2 2 2 2 2 4 4 4 4 4 4 4 4 4 4 4 4 4 4 4 4 4 4 4 4 4 4 4],17
fold_3/sample_2502/image.png,[2 2 2 2 2 4 4 4 4 4 4 4 4 4 4 4 4 4 4 4 4 4 4 4 4 4 4],17
fold_3/sample_2503/image.png,[1 1 1 1 2 2 4 4 4 4 4 4 4 4 4 4 4 4 4 4 4 4 4 4 4 4 4 4 4 4],17
fold_3/sample_2504/image.png,[1 1 1 1 2 2 2 2 2 4 4 4 4 4 4 4 4 4 4 4 4 4 4 4 4 4 4 4 4 4 4 4 4 4],17
fold_3/sample_2505/image.png,[1 1 1 2 2 2 2 2 2 4 4 4 4 4 4 4 4 4 4 4 4 4 4 4 4 4 4 4 4 4 4 4 4],17
fold_3/sample_2506/image.png,[1 1 1 1 1 2 2 2 2 2 2 2 2 2 4 4 4 4 4 4 4 4 4 4 4 4 4],17
fold_3/sample_2507/image.png,[1 1 1 1 1 1 1 1 1 2 2 2 2 2 4 4 4 4 4],17
fold_3/sample_2508/image.png,"[1 1 1 2 2 2 2 2 4 4 4 4 4 4 4 4 4 4 4 4 4 4 4 4 4 4 4 4 4 4 4 4 4 4 4 4 4
 4 4 4]",17
fold_3/sample_2509/image.png,[1 1 1 1 1 2 2 2 2 2 2 4 4 4 4 4 4 4 4],17
fold_3/sample_2510/image.png,[0 0 0 0 0 0 0 0 0 0 0 0 0 0 0 0 0 0 0 0 0 0 0 0 0 0 0 0 0 0 0 0 0 1 1 2 2],17
fold_3/sample_2511/image.png,"[0 0 0 0 0 0 0 0 0 0 0 0 0 0 0 0 0 0 0 0 0 0 0 0 0 0 0 0 0 0 0 0 0 0 0 0 0
 0 0 0 0 0 0 2 2]",17
fold_3/sample_2512/image.png,"[0 0 0 0 0 0 0 0 0 0 0 0 0 0 0 0 0 0 0 0 0 0 0 0 2 2 2 2 2 2 2 2 2 2 2 2 2
 2]",17
fold_3/sample_2513/image.png,"[0 0 0 0 0 0 0 0 0 0 0 0 0 0 0 0 0 0 0 0 0 0 0 0 0 0 0 0 0 0 2 2 2 2 2 2 2
 2]",17
fold_3/sample_2514/image.png,[0 0 0 0 0 0 0 0 0 0 0 0 0 0 0 0 0 0 0 0 0 0 0 0 0 0 2 4 4 4 4 4 4 4],17
fold_3/sample_2515/image.png,[0 0 0 0 0 0 0 0 0 0 0 0 0 0 0 0 0 0 0 0 0 0 1 2 2 2 2 2 2 2 2 2 4 4 4 4],17
fold_3/sample_2516/image.png,"[0 0 0 0 0 0 0 0 0 0 0 0 0 0 0 0 0 0 0 0 0 0 0 0 0 0 0 0 0 0 0 0 0 0 0 2 2
 2]",17
fold_3/sample_2517/image.png,[0 0 0 0 0 0 0 0 0 0 0 0 0 1 1 2 2 2 2 2 2 2 2],17
fold_3/sample_2518/image.png,[0 0 0 0 0 0 0 0 0 2 2 2 2 2 2 2 2 2 2 2],17
fold_3/sample_2519/image.png,[1 2 4 4 4 4 4 4 4 4 4 4 4 4 4 4 4 4 4 4 4 4 4 4 4 4 4 4 4 4 4 4 4 4 4],17
fold_3/sample_2520/image.png,"[1 1 1 1 1 1 2 2 2 2 2 2 2 4 4 4 4 4 4 4 4 4 4 4 4 4 4 4 4 4 4 4 4 4 4 4 4
 4 4 4 4 4 4 4 4]",17
fold_3/sample_2521/image.png,[2 2 2 2 2 2 4 4 4 4 4 4 4 4 4 4 4 4 4 4 4 4 4 4 4 4 4 4],17
fold_3/sample_2522/image.png,"[1 1 1 2 2 2 2 2 2 2 2 2 2 2 2 4 4 4 4 4 4 4 4 4 4 4 4 4 4 4 4 4 4 4 4 4 4
 4 4 4 4 4 4 4 4]",17
fold_3/sample_2523/image.png,[2 2 2 2 2 2 2 2 2 2 2 2 2 2 2 2 2 2 2],18
fold_3/sample_2524/image.png,[1 1 2 2 2 2 2 2 2 2 2],18
fold_3/sample_2525/image.png,[2 2 2 2 2 2 2 2 2],18
fold_3/sample_2526/image.png,[1 2 2 2 2 2 2 2 2 2 2 2 2 2 2 2 2 2],18
fold_3/sample_2527/image.png,[1 2 2 2 2 2 2 2 2 2 2 2 2 2 2 2 2 2 2 2 2 2 2 2 2 2],18
fold_3/sample_2528/image.png,[2 2 2 2 2 2 2 2 2 2 2 2 2 2 2 2 2 2 2 2 2],18
fold_3/sample_2529/image.png,[2 2 2 2 2 2 2 2 2 2 2 2 2],18
fold_3/sample_2530/image.png,[1 1 2 2 2 2 2 2 2 2],18
fold_3/sample_2531/image.png,[1 1 2 2 2 2 2 2 2 2 2 2 2 2 2 2 2 2],18
fold_3/sample_2532/image.png,[2 2 2 2 2 2 2 2 2 2 2 2 2 2 2],18
fold_3/sample_2533/image.png,[2 2 2 2 2 2 2],18
fold_3/sample_2534/image.png,[2 2 2 2 2 2 2 2 2 2 2 2 2 2 2],18
fold_3/sample_2535/image.png,[2],18
fold_3/sample_2536/image.png,[0 0 0 0 0 0 0 0 0 0 0 0 0 0 0 0 0 0 0 0 0 0 0 0 0 0 0 0],18
fold_3/sample_2537/image.png,[0 0 0 0 0 0 0 0 0 0 0 0 0 0 0 0 0 0 0 0 0 0 0 0 0 0 0 0 0 0 0 0],18
fold_3/sample_2538/image.png,[0 0 0 0 0 0 0 0 0 0 0 0 0 0 0 0 0 0 0 0 0 0 0 0 2 2 2 2 2],18
fold_3/sample_2539/image.png,[0 0 0 0 0 0 0 0 0 0 0 0 0 0 0 0 0 0 0 0 0 0 0 0 0 0 0 0 0 0 0 2 2 2 2 2 2],18
fold_3/sample_2540/image.png,"[0 0 0 0 0 0 0 0 0 0 0 0 0 0 0 0 0 0 0 0 0 0 0 0 0 0 0 0 0 0 0 0 0 0 0 0 0
 0 0 0 0 2 2 2 2]",18
fold_3/sample_2541/image.png,[0 0 0 0 0 0 0 0 0 0 0 0 0 0 0 0 0 0 0 0 0 0 0 0 0 0 0 0 0 0 0 0 0 0 0 0],18
fold_3/sample_2542/image.png,"[0 0 0 0 0 0 0 0 0 0 0 0 0 0 0 0 0 0 0 0 0 0 0 0 0 0 0 0 0 0 0 0 0 0 0 1 1
 2 2]",18
fold_3/sample_2543/image.png,[0 0 0 0 0 0 0 0 0 0 0 0 0 0 0 0 0 0 0 0 0 0 0 0 0 2 2 2 2 2 2],18
fold_3/sample_2544/image.png,[0 0 0 0 0 0 0 0 0 0 0 0 0 0 0 0 0 0 0 0 0 0 0 0 0 0 0 0 0 0],18
fold_3/sample_2545/image.png,[0 0 0 0 0 0 0 0 0 0 0 0 0 0 0 0 0 0 0 0 0 0 0 0 0 0 0 0 0 0 0],18
fold_3/sample_2546/image.png,[0 0 0 0 0 0 0 0 0 0 0 0 0 0 0 0 0 0 0 0 0 0 0 0 0 0 0 0 0 0 0 0 0 0 0 0],18
fold_3/sample_2547/image.png,[0 0 0 0 0 0 0 0 0 0 0 0 0 0 0 0 0 0 0 0 0 0 0 0 0 0],18
fold_3/sample_2548/image.png,[0 0 0 0 0 0 0 0 0 0 0 0 0 0 0 0 0 0 0 0 0 0 0 0 0 0 0 0 0],18
fold_3/sample_2549/image.png,[0 0 0 0 0 0 0 0 0 0 0 0 0 0 0 0 0 0 0 0 0 0 0 0 0 0 0 0 0 0 0 0 0 0],18
fold_3/sample_2550/image.png,[0 0 0 0 0 0 0 0 0 0 0 0 0 0 0 0 0 0 0 0 0 0 0 0 0 2 2 2 2 2 2 2],18
fold_3/sample_2551/image.png,[0 0 0 0 0 0 0 0 0 0 0 0 0 0 0 0 0 0 0 0 1 2 2],18
fold_3/sample_2552/image.png,"[0 0 0 0 0 0 0 0 0 0 0 0 0 0 0 0 0 0 0 0 0 0 0 0 0 0 0 0 0 0 0 0 0 0 0 0 0
 0 0 0 0 0 0 0 0 0 0]",18
fold_3/sample_2553/image.png,[0 0 0 0 0 0 0 0 0 0 0 0 0 0 0 0 0 0 0 0 0 0 0 0 0 0 0 0 0 0 0 0 0 0 0 2],18
fold_3/sample_2554/image.png,[0 0 1 1 2 2 2 2 2 2 2 2 2 2 2 2 2 2 2],18
fold_3/sample_2555/image.png,[0 0 0 0 0 0 0 0 0 0 0 0 0 0 0 0 2 2],18
fold_3/sample_2556/image.png,[0 0 0 0 0 0 0 0 0 0 0 0 0 0 0 0 0 0 0 0 0 0 0 0 0 0 0 0 0 0 0 0 0 2 2 2 2],18
fold_3/sample_2557/image.png,[0 0 0 0 0 0 0 0 0 0 0 0 0 0 0 0 0 2 2 2],18
fold_3/sample_2558/image.png,[1 2 2 2 2 2 2 2 2 2 2 2 2 2 2 2],18
fold_3/sample_2559/image.png,[0 0 0 0 0 0 0 0 0 0 0 0 0 0 0 0 0 0 0 0 0 0 0 0 2 2 2 2 2 2 2 2],18
fold_3/sample_2560/image.png,[0 0 0 0 0 0 0 0 0 0 0 0 0 0 0 0 2 2 2 2 2 2 2 2 2 2 2 2 2 2 2 2],18
fold_3/sample_2561/image.png,[0 0 1 2 2 2 2 2 2 2 2 2 2 2 2 2 2 2 2 2 2 2 2 2 2 2 2],18
fold_3/sample_2562/image.png,[2 2 2 2 2 2 2 2 2 2 2 2 2 2 2 2 2 2 2],18
fold_3/sample_2563/image.png,[0 0 0 0 0 0 0 0 0 0 0 0 0 0 0 0 0 0 0 0 0 0 0 0 0 0 0 0 0 0 0 1 2],18
fold_3/sample_2564/image.png,[1 1 1 2 2 2 2 2 2 2 2 2 2 2 2 2 2 2 2 2 2],18
fold_3/sample_2565/image.png,[0 0 0 0 1 1 1 1 2 2 2 2 2 2 2 2 2 2 2 2],18
fold_3/sample_2566/image.png,"[1 1 1 2 2 2 2 2 2 2 2 2 2 2 2 2 2 2 2 2 2 2 2 2 2 2 2 2 2 2 2 2 2 2 2 2 2
 2 2 2 2 2 2 2]",18
fold_3/sample_2567/image.png,"[2 2 2 2 2 2 2 2 2 2 2 2 2 2 2 2 2 2 2 2 2 2 2 2 2 2 2 2 2 2 2 2 2 2 2 2 2
 2 2 2 2 2 2 2]",18
fold_3/sample_2568/image.png,[1 1 1 1 1 1 1 2 2 2 2 2 2 2 2 2 2 2 2 2 2 2 2 2 2 2 2 2 2 2 2 2 2 2 2 2 2],18
fold_3/sample_2569/image.png,[1 1 1 2 2 2 2 2 2 2 2 2 2 2 2 2 2 2 2 2 2 2 2 2 2 2 2 2 2 2 2 2 2 2],18
fold_3/sample_2570/image.png,[1 1 1 2 2 2 2 2 2 2 2 2 2 2 2 2 2 2 2 2 2 2 2 2 2 2 2 2 2 2 2 2 2 2],18
fold_3/sample_2571/image.png,"[1 2 2 2 2 2 2 2 2 2 2 2 2 2 2 2 2 2 2 2 2 2 2 2 2 2 2 2 2 2 2 2 2 2 2 2 2
 2 2 2 2 2 2 2 2 2]",18
fold_3/sample_2572/image.png,[2 2 2 2 2 2 2 2 2 2 2 2 2 2 2 2 2 2 2 2 2 2 2 2 2 2],18
fold_3/sample_2573/image.png,"[1 1 1 1 1 2 2 2 2 2 2 2 2 2 2 2 2 2 2 2 2 2 2 2 2 2 2 2 2 2 2 2 2 2 2 2 2
 2 2 2 2 2 2 2 2]",18
fold_3/sample_2574/image.png,"[1 1 1 1 1 1 1 1 1 1 1 1 2 2 2 2 2 2 2 2 2 2 2 2 2 2 2 2 2 2 2 2 2 2 2 2 2
 2 2 2 2 2 2 2 2]",18
fold_3/sample_2575/image.png,"[1 1 2 2 2 2 2 2 2 2 2 2 2 2 2 2 2 2 2 2 2 2 2 2 2 2 2 2 2 2 2 2 2 2 2 2 2
 2 2 2 2 2 2 2]",18
fold_3/sample_2576/image.png,[2 2 2 2 2 2 2 2 2 2 2 2 2 2 2 2 2 2 2 2 2 2 2 2 2 2 2 2 2 2 2 2 2 2 2 2 2],18
fold_3/sample_2577/image.png,"[1 1 2 2 2 2 2 2 2 2 2 2 2 2 2 2 2 2 2 2 2 2 2 2 2 2 2 2 2 2 2 2 2 2 2 2 2
 2 2 2]",18
fold_3/sample_2578/image.png,[1 1 1 1 1 1 1 1 1 1 1 1 2 2 2 2 2 2 2 2 2 2 2 2 2 2 2 2 2 2 2 2 2 2 2 2 2],18
fold_3/sample_2579/image.png,"[1 1 2 2 2 2 2 2 2 2 2 2 2 2 2 2 2 2 2 2 2 2 2 2 2 2 2 2 2 2 2 2 2 2 2 2 2
 2 2 2 2 2 2 2 2 2 2]",18
fold_3/sample_2580/image.png,[1 1 2 2 2 2 2 2 2 2 2 2 2 2 2 2 2 2 2 2 2 2 2 2 2 2 2 2 2 2 2 2 2 2],18
fold_3/sample_2581/image.png,"[0 0 0 0 0 0 0 0 0 0 0 0 0 0 0 0 0 0 0 0 0 0 0 0 0 0 0 0 0 0 0 0 0 1 1 2 2
 2 2 2 2 2 2 2 2 2 2 2 2 2 2 2]",18
fold_3/sample_2582/image.png,[0 0 0 0 0 0 0 0 0 0 0 0 0 0 0 0 0 0 0 0],18
fold_3/sample_2583/image.png,[0 0 0 0 0 0 0 0 0 0 0 0 0 0 0 0 0 2 2],18
fold_3/sample_2584/image.png,[0 0 0 0 0 0 0 0 0 0 0 0 0 0 1 1 2 2 2 2 2 2 2 2 2 2 2 2 2],18
fold_3/sample_2585/image.png,[0 0 0 0 0 0 0 0 0 0 0 0 0 0 0 0 0 1 2 2 2 2 2 2 2 2 2 2 2 2 2],18
fold_3/sample_2586/image.png,[0 0 0 0 0 0 0 0 0 0 0 0 0 0 0 0 0 0 2 2 2 2 2 2],18
fold_3/sample_2587/image.png,[0 0 0 0 0 0 0 0 0 0 0 0 0 0 0 0 0 0 0 0 0 0 0 0 0 0 0 0 1 2],18
fold_3/sample_2588/image.png,[0 0 0 0 0 0 0 0 0 0 0 0 0 0 0 0 0 0 0 0 0 0 0 0 0 0 0 1 1 2 2 2 2 2 2 2],18
fold_3/sample_2589/image.png,[0 0 0 0 0 0 0 0 0 0 0 0 0 0 0 0 0 0 0 0 0 0 0 0 1 1 2 2 2],18
fold_3/sample_2590/image.png,"[0 0 0 0 0 0 0 0 0 0 0 0 0 0 0 0 0 0 0 0 0 0 0 0 0 0 0 0 0 0 0 0 0 0 0 0 0
 0 0 0 0 0 0 0 0 0 0 0 0 2 2]",18
fold_3/sample_2591/image.png,[0 0 0 0 0 0 0 0 0],18
fold_3/sample_2592/image.png,[0 0 0 2],18
fold_3/sample_2593/image.png,"[0 0 0 0 0 0 0 0 0 0 0 0 0 0 0 0 0 0 0 0 0 0 0 0 0 0 0 0 0 0 0 0 0 0 0 0 0
 0 1 1 2 2 2 2 2 2]",18
fold_3/sample_2594/image.png,[2 2 2 2 2 2 2 2 2 2 2 2 2 2 2 2 2 2 2 2 2],18
fold_3/sample_2595/image.png,"[1 2 2 2 2 2 2 2 2 2 2 2 2 2 2 2 2 2 2 2 2 2 2 2 2 2 2 2 2 2 2 2 2 2 2 2 2
 3 3 3]",18
fold_3/sample_2596/image.png,[2 2 2 2 2 2 2 2 2 2 2 2 2 2 2 2 2 2 2 2 2 2 2 2 2 2 2 2 2 2 2 2 2 2 2],18
fold_3/sample_2597/image.png,[2 2 2 2 2 2 2 2 2 2 2 2 2 2 2 2 2],18
fold_3/sample_2598/image.png,[2 2 2 2 2 2 2 2 2 2 2 2 2 2 2 2 2 2 2 2],18
fold_3/sample_2599/image.png,[2 2 2 2 2 2 2 2 2 2 2 2 2 2 2 2 2 2 2 2 3],18
fold_3/sample_2600/image.png,[2 2 2 2 2 2 2 2 2 2 2 2 2 3],18
fold_3/sample_2601/image.png,[1 2 2 2 2 2 2 2 2 2 2 2 2 2 2 2 2 2 2 2 3 3 3],18
fold_3/sample_2602/image.png,[1 1 1 2 2 2 2 2 2 2 2 2 2 2 2 2 2 2 2 2 2 3],18
fold_3/sample_2603/image.png,[1 2 2 2 2 2 2 2 2 2 2 2 2 2 2 2 2 3],18
fold_3/sample_2604/image.png,[2 2 2 2 2 2 2 2 2 2 2 2 2 2 2 2 2 2 2 3],18
fold_3/sample_2605/image.png,[2 2 2 2 2 2 2 2 2 2 2 2 2 2 2 2 2 2 2],18
fold_3/sample_2606/image.png,[1 2 2 2 2 2 2 2 2 2 2 2 2 2 2 2 2 2 2 2 2 2 2 2 2 2 2],18
fold_3/sample_2607/image.png,"[0 0 0 0 0 0 0 0 0 0 0 0 0 0 0 0 0 0 0 0 0 0 0 0 0 0 0 0 0 0 0 0 0 0 0 0 0
 0 0 0 0 0 0 0 0 0 0 0 0 0 0 0 0 0 0 0 0 0 0 0 0 0 0 0 0 0 0 0 0 0 0 0 0 0
 0 0 0 0 0 0 0 0 0 0 0 0 0 0 1 1 1 2 2 2 2 2 2 2 2 2 2 2 2 2 2 2 2 2 2 2 2
 2 2 2]",18
fold_3/sample_2608/image.png,"[0 0 0 0 0 0 0 0 0 0 0 0 0 0 0 0 0 0 0 0 0 0 0 0 0 0 0 0 0 0 0 0 0 0 0 0 0
 0 0 0 0 0 0 0 0 0 0 0 0 0 0 0 0 0 0 0 0 0 0 0 0 0 0 0 0 0 0 0 0 0 0 0 0 0
 0 0 0 0 0 0 0 0 0 0 0 0 1 1 1 1 1 1 1 1 2 2 2 2 2 2 2 2]",18
fold_3/sample_2609/image.png,"[0 0 0 0 0 0 0 0 0 0 0 0 0 0 0 0 0 0 0 0 0 0 0 0 0 0 0 0 0 0 0 0 0 0 0 0 0
 0 0 0 0 0 0 0 0 0 0 0 0 0 0 0 0 0 0 0 0 0 0 0 0 0 0 0 0 0 0 0 0 0 0 0 0 0
 0 0 0 0 0 0]",18
fold_3/sample_2610/image.png,"[0 0 0 0 0 0 0 0 0 0 0 0 0 0 0 0 0 0 0 0 0 0 0 0 0 0 0 0 0 0 0 0 0 0 0 0 0
 0 0 0 0 0 0 0 0 0 0 0 0 0 0 0 0 0 0 0 1 2 2 2 2 2 2 2 2]",18
fold_3/sample_2611/image.png,"[0 0 0 0 0 0 0 0 0 0 0 0 0 0 0 0 0 0 0 0 0 0 0 0 0 0 0 0 0 0 0 0 0 0 0 0 0
 0 0 0 0 0 0 0 0 0 0 0 0 0 0 0 0 0 0 0 0 0 0 0 0 0 0 0 0 0 0 0 0 0 0 0 0 0
 0 0 0 0 0 0 0]",18
fold_3/sample_2612/image.png,"[0 0 0 0 0 0 0 0 0 0 0 0 0 0 0 0 0 0 0 0 0 0 0 0 0 0 0 0 0 0 0 0 0 0 0 0 0
 0 0 0 0 0 0 0 0 0 0 0 0 0 0 0 0 0 0 0 0 0 0 0 0 0 0 0 0 0 0 0 0 0 0 0 0 0
 0 0 0 0 0 0 0 0 0 0 0 0 0 0 0 0 0 0 0 0 0 0 0 0 0 0 0 0 0 0 0 0 0 0 0 0 0
 0 0 0 0 0 0 0 0 0 0 0 1 1 1 1]",18
fold_3/sample_2613/image.png,"[0 0 0 0 0 0 0 0 0 0 0 0 0 0 0 0 0 0 0 0 0 0 0 0 0 0 0 0 0 0 0 0 0 0 0 0 0
 0 0 0 0 0 0 0 0 0 0 0 0 0 0 0 0 0 0 0 0 0 0 0 0 0 0 0 0 0 0 0 0 0 0 0 0 0
 0 0 0 0 0 0 0 0 0 0 0 0 0 0 0 0 0 0 0 0 0 0 0 0 0 0 0 0 0 0 0 0 0 0 0 0 0
 0 0 0 0 0 0 0 0 2]",18
fold_3/sample_2614/image.png,"[0 0 0 0 0 0 0 0 0 0 0 0 0 0 0 0 0 0 0 0 0 0 0 0 0 0 0 0 0 0 0 0 0 0 0 0 0
 0 0 0 0 0 0 0 0 0 0 0 0 0 0 0 0 0 0 0 0 0 0 0 0 0 0 0 0 0 0 0 0 0 0 0 0 0
 0 0 0 0 0 0 0 0 0 0 0 0 0 0 0 0 0 0 1 1]",18
fold_3/sample_2615/image.png,"[0 0 0 0 0 0 0 0 0 0 0 0 0 0 0 0 0 0 0 0 0 0 0 0 0 0 0 0 0 0 0 0 0 0 0 0 0
 0 0 0 0 0 0 0 0 0 0 0 0 0 0 0 0 0 0 0 0 0 0 0 0 0 0 0 0 0 0 0 0 0 0 0 0 0
 0 0 0 0 0 0 0 0 0 0 0 0 0 0 0 0 0 0 0 0 0 0 0 0 0 0 0 0 1 2 2 2 2]",18
fold_3/sample_2616/image.png,"[0 0 0 0 0 0 0 0 0 0 0 0 0 0 0 0 0 0 0 0 0 0 0 0 0 0 0 0 0 0 0 0 0 0 0 0 0
 0 0 0 0 0 0 0 0 0 0 0 0 0 0 0 0 0 0 0 0 0 0 0 0 0 0 0 0 0 0 0 0 0 0 0 0 0
 0 0 0 0 0 0 0 0 0 0 0 0 0 0 0 0 0 0 0 0 1 1 1 1 1 1 1 2 2 2 2 2 2 2 2 2 2
 2 2 2 2 2]",18
fold_3/sample_2617/image.png,"[0 0 0 0 0 0 0 0 0 0 0 0 0 0 0 0 0 0 0 0 0 0 0 0 0 0 0 0 0 0 0 0 0 0 0 0 0
 0 0 0 0 0 0 0 0 0 0 0 0 0 0 0 0 0 0 0 0 0 0 0 0 0 0 0 0 0 0 0 0 0 0 0 0 0
 0 0 0 0 0 0 0 0 0 0 0 0 0 0 0 0 0 0 0 0 0 0 0 0 0 0 0 0 0 0 0 0 0 1 1 2]",18
fold_3/sample_2618/image.png,"[0 0 0 0 0 0 0 0 0 0 0 0 0 0 0 0 0 0 0 0 0 0 0 0 0 0 0 0 0 0 0 0 0 0 0 0 0
 0 0 0 0 0 0 0 0 0 0 0 0 0 0 0 0 0 0 0 0 0 0 0 0 0 0 0 0 0 0 0 0 0 0 0 0 0
 0 0 0 0 0 0 0 0 0 0 1 2 2 2 2]",18
fold_3/sample_2619/image.png,"[0 0 0 0 0 0 0 0 0 0 0 0 0 0 0 0 0 0 0 0 0 0 0 0 0 0 0 0 0 0 0 0 0 0 0 0 0
 0 0 0 0 0 0 0 0 0 0 0 0 0 0 0 0 0 0 0 0 0 0 0 0 0 0 0 0 0 0 0 0 0 0 0 0 0
 0 0 0 0 0 0 0 0 0 0 0 0 0 0 0 0 0 0 0 0 0 0 0 1 1 1 1 2 2 2 2 2 2 2 2 2 2
 2 2 2 2 2 2 2 2 2 2 2 3]",18
fold_3/sample_2620/image.png,"[0 0 0 0 0 0 0 0 0 0 0 0 0 0 0 0 0 0 0 0 0 0 0 0 0 0 0 0 0 0 0 0 0 0 0 0 0
 0 0 0 0 0 0 0 0 0 0 0 0 0 0 0 0 0 0 0 0 0 0 0 0 0 0 0 0 0 0 0 0 0 0 0 0 0
 0 0 0 0 0 0 0 0 0 0 0 0 0 0 0 0 0 0 0 0 0 0 0 0 0 0 0 0 0 0 0 0 0 0 0 0 0
 0 0 0 0 1 2 2 2 2 2 3 3 3]",18
fold_3/sample_2621/image.png,"[0 0 0 0 0 0 0 0 0 0 0 0 0 0 0 0 0 0 0 0 0 0 0 0 0 0 0 0 0 0 0 0 0 0 0 0 0
 0 0 0 0 0 0 0 0 0 0 0 0 0 0 0 0 0 0 0 0 0 0 0 0 0 0 0 0 0 0 0 0 0 0 1 1 1
 1 1 1 1 3]",18
fold_3/sample_2622/image.png,[0 0 0 0 0 0 0 0 0 0 0 0 0 0 0 0 0 0 0 0 0 0 0 0 0 0 0 0 0 0 0],18
fold_3/sample_2623/image.png,[0 0 0 0 0 0 0 0 0 0 0 0 0 0 0 0 0 0 0 0 0 0 0 0],18
fold_3/sample_2624/image.png,"[0 0 0 0 0 0 0 0 0 0 0 0 0 0 0 0 0 0 0 0 0 0 0 0 0 0 0 0 0 0 0 0 0 0 0 0 0
 0 1 1 1]",18
fold_3/sample_2625/image.png,"[0 0 0 0 0 0 0 0 0 0 0 0 0 0 0 0 0 0 0 0 0 0 0 0 0 0 0 0 0 0 0 0 0 0 0 0 0
 0 0 1]",18
fold_3/sample_2626/image.png,"[0 0 0 0 0 0 0 0 0 0 0 0 0 0 0 0 0 0 0 0 0 0 0 0 0 0 0 0 0 0 0 0 0 0 0 0 0
 0 0 0 0 0 0 0 0 0 0 0 2]",18
fold_3/sample_2627/image.png,"[0 0 0 0 0 0 0 0 0 0 0 0 0 0 0 0 0 0 0 0 0 0 0 0 0 0 0 0 0 0 0 0 0 0 0 0 0
 0 0 0 0 0 0 0 0 1 2]",18
fold_3/sample_2628/image.png,[0 0 0 0 0 0 0 0 0 0 0 0 0 0 0 0 0 0 0 0 0 0 0 2 2 2 3],18
fold_3/sample_2629/image.png,"[0 0 0 0 0 0 0 0 0 0 0 0 0 0 0 0 0 0 0 0 0 0 0 0 0 0 0 0 0 0 0 0 0 0 0 0 0
 0 0 0 0 0]",18
fold_3/sample_2630/image.png,"[0 0 0 0 0 0 0 0 0 0 0 0 0 0 0 0 0 0 0 0 0 0 0 0 0 0 0 0 0 0 0 0 0 0 0 0 0
 0 0 0 0 0 0 0 0 0 0 0 0 0 0 0 0 0 0 0 0 0 0 0 0 0 0 0 0 0 1 1]",18
fold_3/sample_2631/image.png,[0 0 0 0 0 0 0 0 0 0 0 0 0 0 0 0 0 0 0 0 0 0 0 0 0 0 0 0 0 0 0 0 0 0 0 0],18
fold_3/sample_2632/image.png,[0 0 0 0 0 0 0 0 0 0 0 0 0 0 0 0 0 0],18
fold_3/sample_2633/image.png,[0 0 0 0 0 0 0 0 0 0 0 0 0 0 0 0 0 0 0 0 0 0 0 0],18
fold_3/sample_2634/image.png,"[1 1 1 1 1 1 1 1 1 1 1 1 1 1 1 1 1 1 1 1 1 1 1 1 1 1 1 1 2 2 2 2 2 2 2 2 2
 2 2 2 2 2 2 2 2 2 2 2 2 2 2 2 2 2 2 2 2 2 2 2 2 2 2 2 4 4 4 4 4 4 4 4 4 4
 4 4 4 4]",5
fold_3/sample_2635/image.png,"[1 1 1 1 1 1 1 1 1 1 1 1 1 2 2 2 2 2 2 2 2 2 2 2 2 2 2 2 2 2 4 4 4 4 4 4 4
 4 4 4 4 4 4 4 4 4 4 4 4 4 4 4 4 4 4 4 4 4 4 4 4 4 4 4 4]",5
fold_3/sample_2636/image.png,[1 4 4 4 4 4 4 4 4 4 4 4 4 4 4 4 4 4],5
fold_3/sample_2637/image.png,[2 2 2 2 2],5
fold_3/sample_2638/image.png,[2 2 2 2 2 2 2 2 2 2 2 2],5
fold_3/sample_2639/image.png,[2 2 2 2 2 2 2 2 2 2 2 2],5
fold_3/sample_2640/image.png,[2 2 2 2 2 2],5
fold_3/sample_2641/image.png,[2 2 2],5
fold_3/sample_2642/image.png,[2 2 2 2 2 2 2 2 2 2],5
fold_3/sample_2643/image.png,[2 2 2 2 2],5
fold_3/sample_2644/image.png,[1 1 1 1 1 1 1 2 2 2 2 2 2 2 2 2 2 2 2 2],5
fold_3/sample_2645/image.png,"[0 0 0 0 0 0 0 0 0 0 0 0 0 0 0 0 0 0 0 0 0 0 0 0 0 0 0 0 0 0 0 0 0 0 0 0 0
 0 0 0 0 0 0 0 0 0 0 0 0 0 0 0 0 0 0 0 0 0 0 0 0 0 2 2 2]",5
fold_3/sample_2646/image.png,[0 0 0 0 0 0 0 0 0 0 0 0 0 0 0 0 0 0 0 0 0 0 0 0],5
fold_3/sample_2647/image.png,"[0 0 0 0 0 0 0 0 0 0 0 0 0 0 0 0 0 0 0 0 0 0 0 0 0 0 0 0 0 0 0 0 0 0 0 0 0
 0 0 1 1 1 1 1 1 2 2 2 2 2 2 2 2 2 2 2 2]",5
fold_3/sample_2648/image.png,[0 0 1 1 2 2 2 2 2 2 2 2 2 2 2 2 2 2 2 2 2 2 2 2 2 2],5
fold_3/sample_2649/image.png,[0 0 0 0 0 0 0 0 0 0 0 0 0 0 0 0 0 0 0 0 0 0 0],5
fold_3/sample_2650/image.png,[1 1 1 2 2 2 2 2 2 2 2 2 2 2 2 2 2 2 2],5
fold_3/sample_2651/image.png,[1 1 1 2 2 2 2 2 2 2 2 2 2 2 2 2 2 2],5
fold_3/sample_2652/image.png,[1 2 2 2 2 2 2 2 2 2],5
fold_3/sample_2653/image.png,[1 2 2 2],5
fold_3/sample_2654/image.png,[2 2],5
fold_3/sample_2655/image.png,[1 1 1 1 2 2 2 2],5
fold_3/sample_2656/image.png,[2 2],5
fold_3/sample_2657/image.png,[1 1 1 1 2 2 2 2 2 2 2 2 2 2 2 2 2 2 2 2 2 2],5
fold_3/sample_2658/image.png,"[0 0 0 0 0 0 0 0 0 0 0 0 0 0 0 0 0 0 0 0 0 0 0 0 0 0 0 0 0 0 0 0 0 0 0 0 0
 0 0 0 0 0 0 0 0 0 0 0 0 0 0 1 1]",5
fold_3/sample_2659/image.png,"[0 0 0 0 0 0 0 0 0 0 0 0 0 0 0 0 0 0 0 0 0 0 0 0 0 0 0 0 0 0 0 0 0 0 0 0 0
 0 0 0 0 0 0 0 1 1 1 1 2 2 2 2 2 2]",5
fold_3/sample_2660/image.png,"[0 0 0 0 0 0 0 0 0 0 0 0 0 0 0 0 0 0 0 0 0 0 0 0 0 0 0 0 0 0 0 0 0 0 0 0 0
 0 0 0 0 0 0 0 0 0 0 0 0 0 0 0 0 0 0 0 0 0 0 0 0 0 0 0 0 0 0 0 0 0 0 0 0 0
 0 0 0 0 0 0 0 1 1 2 2]",5
fold_3/sample_2661/image.png,"[0 0 0 0 0 0 0 0 0 0 0 0 0 0 0 0 0 0 0 0 0 0 0 0 0 0 0 0 0 0 0 0 0 0 0 0 0
 0 0 0 0 0 0 0 0 0 0 0 0 0 0 0 0 0 0 0 1]",5
fold_3/sample_2662/image.png,"[1 1 1 1 1 1 1 1 1 1 1 1 1 1 1 1 1 1 1 1 1 1 1 1 1 1 1 1 1 1 1 1 1 1 1 1 1
 1 1 1 1 1 1 1 1 1 1 1 1 1 1 1 1 1 1 1 1 1 1 1 1 1 1 1 1 1 1 1 1 1 1 1 1 1
 1 1 1 1 1 1 1 1 1 1 1 1 1 1 1 1 1 1 1 1 1 1 1 1 1 1 1 1 1 1 1 1 1 1 1 1 1
 1 1 1 1 1 1 1 1 1 1 1 1 1 1 1 1 1 1 1 1 1 1 1 1 1 1 1 2 2 2 2 2 2 2 2 2 2
 2 2 2 2 2 2 2 2 2 2 2 2 2 2 2 2]",5
fold_3/sample_2663/image.png,"[1 1 1 1 1 1 1 1 1 1 1 1 1 1 1 1 1 1 1 1 1 1 1 1 1 1 1 1 1 1 1 1 1 1 1 1 1
 1 1 1 1 1 1 1 1 1 1 1 1 1 1 1 1 1 1 1 1 1 1 1 1 1 1 1 1 1 1 1 1 1 1 1 1 1
 1 1 1 1 1 1 1 1 1 1 1 1 1 1 1 1 1 1 1 1 1 1 1 1 1 1 1 1 1 1 1 1 1 1 1 1 1
 1 1 1 1 1 1 1 1 1 1 1 1 1 1 1 1 1 1 2 2 2 2 2 2 2 2 2 2 2 2 2]",5
fold_3/sample_2664/image.png,"[1 1 1 1 1 1 1 1 1 1 1 1 1 1 1 1 1 1 1 1 1 1 1 1 1 1 1 1 1 1 1 1 1 1 1 1 1
 1 1 1 1 1 1 1 1 1 1 1 1 1 1 1 1 1 1 1 1 1 1 1 1 1 1 1 1 1 1 1 1 1 1 1 1 1
 1 1 1 1 1 1 1 1 1 1 1 1 1 1 1 1 1 1 1 1 1 1 1 1 1 1 1 1 1 1 1 1 1 1 1 1 1
 1 1 1 1 1 1 1 1 1 1 1 1 1 1 1 1 1 1 1 1 1 1 1 1 1 1 1 1 1 1 2 2 2 2 2 2 2
 2 2 2 2 2 2 2 2 2 2 2 2 2 2 2]",5
fold_3/sample_2665/image.png,"[0 0 0 0 0 0 0 0 0 0 0 0 2 2 2 2 2 2 2 2 2 2 2 2 2 2 2 2 2 2 2 2 2 2 2 2 2
 2 2 2 2 2 2 2 2 2 2]",5
fold_3/sample_2666/image.png,"[0 0 0 0 0 0 0 0 0 0 0 0 0 0 0 0 0 0 0 0 0 0 0 0 0 0 0 0 0 0 0 0 0 0 1 1 1
 1 1 1 1 1 1 2 2 2 2 2 2 2 2 2 2 2 2 2 2 2 2 2 2 2 2 2 2 2 2 2 2 2 2]",5
fold_3/sample_2667/image.png,"[1 1 1 1 1 1 1 2 2 2 2 2 2 2 4 4 4 4 4 4 4 4 4 4 4 4 4 4 4 4 4 4 4 4 4 4 4
 4 4 4 4 4 4 4 4 4 4 4 4 4 4 4 4]",5
fold_3/sample_2668/image.png,"[1 1 1 1 1 2 2 2 2 2 2 4 4 4 4 4 4 4 4 4 4 4 4 4 4 4 4 4 4 4 4 4 4 4 4 4 4
 4 4 4 4 4 4 4]",5
fold_3/sample_2669/image.png,[1 2 2 2 2 2 2 2 2 2 2 2 2 2 2 2 2 2 2],5
fold_3/sample_2670/image.png,[1 2 2 2 2 2 2 2 2 2 2],5
fold_3/sample_2671/image.png,[2 2 2 2 2 2 2 2 2 2 2 2 2 2 2 2 2 2 2 2 2 2 2 2 2 2 2],5
fold_3/sample_2672/image.png,"[1 1 1 1 1 1 1 1 1 1 1 1 1 1 1 1 1 2 2 2 2 2 2 2 2 2 2 2 2 2 2 2 2 2 2 2 2
 2 2 2 2 2 2 2 2 2 2 2 2 2 2 2 2 2 2]",5
fold_3/sample_2673/image.png,"[1 1 1 1 1 1 2 2 2 2 2 2 2 2 2 2 2 2 2 2 2 2 2 2 2 2 2 2 2 2 2 2 2 2 2 2 2
 2 2]",5
fold_3/sample_2674/image.png,"[1 1 1 1 1 1 1 1 1 1 2 2 2 2 2 2 2 2 2 2 2 2 2 2 2 2 2 2 2 2 2 2 2 2 2 2 2
 2 2 2 2 2 2 2 2 2 2 2 2 2 2 2 2 2 2 2 2 2 2 2 2 2]",5
fold_3/sample_2675/image.png,"[0 0 0 0 0 0 0 0 0 0 0 0 0 0 0 0 0 0 0 0 0 0 0 0 0 0 0 0 0 0 0 0 0 0 0 0 0
 0 0 0 0 0 0 0 0 0 0 0 0 0 0 0 0 1 2 2 2 2 2 2 2 2]",5
fold_3/sample_2676/image.png,"[0 0 0 0 0 0 0 0 0 0 0 0 0 0 0 0 0 0 0 0 0 0 0 0 0 0 0 0 0 0 0 0 0 0 0 0 0
 0 0 0 0 0 0 0 0 0 0 0 0 0 0 0 0 0 0 0 0 0 0 0 0 0 0 0 0 0 1 2 2 2 2 2 2 2
 2]",5
fold_3/sample_2677/image.png,[0 1 1 1 1 1 2 2 2 2 2 2 2 2 2 2 2 2 2 2 2 2 2 2 2 2 2 2 2 2],5
fold_3/sample_2678/image.png,"[0 0 0 0 0 0 0 0 0 0 0 0 0 0 0 0 0 0 0 0 0 0 0 0 0 0 0 0 0 0 0 0 0 0 0 0 0
 0 0 0 0 0 0 0 0 0 0 0 0 0 0 0 0 0 0 0 0 0 0 0 0 0 0 0 0 0 0 0 0 0 0 0 0 0
 0 0 0 0 0 0 1]",5
fold_3/sample_2679/image.png,[1 1 1 1 1 1 1 1 1 1 1 1 1 1 1 1 1 2 2 2 2 2 2 2 2 2 2 2 2 2 2 2 2 2],5
fold_3/sample_2680/image.png,"[1 1 1 1 1 1 1 1 1 1 1 1 1 2 2 2 2 2 2 2 2 2 2 2 2 2 2 2 2 2 2 2 2 2 2 2 2
 2 2 2 2 2 2 2 2 2 2 2 2 2 2 2 2 2 2 2 2]",5
fold_3/sample_2681/image.png,"[0 0 0 0 0 0 0 0 0 0 0 0 0 0 0 0 0 0 1 1 1 1 1 2 2 2 2 2 2 2 2 2 2 2 2 2 2
 2 2 2 2 2 2 2 2 2 2 2 2 2 2 2 2 2]",5
fold_3/sample_2682/image.png,[0 0 0 0 0 0 0 0 0 0 0 0 0 0 0 1 1 1 1 1],5
fold_3/sample_2683/image.png,"[0 0 0 0 0 0 0 0 0 0 0 0 0 0 0 1 1 1 1 1 1 1 1 1 1 1 1 1 1 1 1 1 1 1 1 1 2
 2 2 2 2 2 2 2 2 2 2 2 2 2 2 2 2 2 2 2]",5
fold_3/sample_2684/image.png,[2 2],5
fold_3/sample_2685/image.png,[2 2],5
fold_3/sample_2686/image.png,[2 2],5
fold_3/sample_2687/image.png,[1 1 1 1 1 1 2 2 2 2 2 2],5
fold_3/sample_2688/image.png,[1 1 1 1],5
fold_3/sample_2689/image.png,[1 1],5
fold_3/sample_2690/image.png,[2 2 2],5
fold_3/sample_2691/image.png,[2 2 2 2 2 2 2 2 2],5
fold_3/sample_2692/image.png,[2 2 2 2 2 2 2 2 2 2],5
fold_3/sample_2693/image.png,[1 1 1 1 1 1 2],5
fold_3/sample_2694/image.png,[],5
fold_3/sample_2695/image.png,[],5
fold_3/sample_2696/image.png,[2 2],5
fold_3/sample_2697/image.png,[1 2 2 2 2 2 2 2 2 2 2 2 2 2 2 2 2 2],5
fold_3/sample_2698/image.png,"[0 0 0 0 0 0 0 0 0 0 0 0 0 0 0 0 0 0 0 0 1 1 1 1 1 1 1 1 1 1 1 1 1 1 2 2 2
 2 2 2 2 2 2 2 2 2 2 2 2 2 2 2 2 2 2 2 2 2 2 2 2 2 2 2 2 2 2 2 2 2 2 2 2 2
 2 2 2]",5
fold_3/sample_2699/image.png,"[0 0 0 0 0 0 0 0 0 0 0 0 0 0 0 0 0 0 0 0 0 0 0 1 1 2 2 2 2 2 2 2 2 2 2 2 2
 2 2 2 2 2 2]",5
fold_3/sample_2700/image.png,"[0 0 0 0 0 0 0 0 0 0 0 0 0 0 0 0 0 0 0 0 0 0 0 0 0 0 0 0 1 1 2 2 2 2 2 2 2
 2 2 2 2 2 2 2 2 2]",5
fold_3/sample_2701/image.png,"[0 0 0 0 0 0 0 0 0 0 0 0 0 0 0 0 0 0 0 0 0 0 0 0 0 0 0 0 0 0 0 0 0 2 2 2 2
 2 2 2 2 2 2]",5
fold_3/sample_2702/image.png,"[0 0 0 0 0 0 0 0 0 0 0 0 0 0 0 0 0 0 0 0 0 0 0 0 0 0 0 0 0 0 0 0 0 0 0 1 1
 2 2 2 2 2 2 2]",5
fold_3/sample_2703/image.png,[2 2 2],5
fold_3/sample_2704/image.png,[2 2 2 2],5
fold_3/sample_2705/image.png,[2 2 2 2],5
fold_3/sample_2706/image.png,[2 2 2 2 2 2 2 2 2 2 2 2],5
fold_3/sample_2707/image.png,[2 2],5
fold_3/sample_2708/image.png,[2],5
fold_3/sample_2709/image.png,[2 2 2 2 2 2],5
fold_3/sample_2710/image.png,"[1 1 1 1 1 1 1 1 1 1 1 1 1 1 1 1 1 1 1 1 1 1 1 1 1 1 1 1 1 1 1 1 1 1 1 2 2
 2 2 2 2 2 2 2 2 2 2 2 2 2 2 2 2 2 2 2 2 2 2 2 2 2 2 2 2 4 4 4 4 4 4 4 4 4
 4 4 4 4 4 4 4 4 4 4 4 4 4 4 4 4]",5
fold_3/sample_2711/image.png,[1 1 1 1 1 1 1 1 1 2 2 2 2 2 2 2 2 2 2 2 4 4 4 4 4 4 4 4 4 4 4 4 4],5
fold_3/sample_2712/image.png,"[1 1 1 1 1 1 1 1 1 1 1 2 2 2 2 2 2 2 2 2 2 2 2 2 2 2 2 2 2 4 4 4 4 4 4 4 4
 4 4 4 4 4 4 4 4 4 4 4 4 4 4 4 4 4 4]",5
fold_3/sample_2713/image.png,"[1 1 1 1 1 1 1 1 1 1 1 1 1 1 1 2 2 2 2 2 2 2 2 2 2 2 2 2 2 2 2 2 2 2 2 2 2
 4 4 4 4 4 4 4 4 4 4 4 4 4 4 4 4 4 4 4 4 4 4 4 4 4 4]",5
fold_3/sample_2714/image.png,"[0 0 0 0 0 0 0 0 0 0 0 0 0 0 0 0 0 0 0 0 0 0 0 0 0 0 0 0 0 0 0 0 0 0 0 0 0
 0 0 0 3 3 3 3 3 3 3 3 3 3 3 3 3 3 3 3 3]",5
fold_3/sample_2715/image.png,"[0 0 0 0 0 0 0 0 0 0 0 0 0 0 0 0 0 0 0 0 0 0 0 0 0 0 0 0 0 0 0 1 1 1 2 2 2
 2 2 2 2 2 2 2 2 2]",5
fold_3/sample_2716/image.png,"[0 0 0 0 0 0 0 0 0 0 0 0 0 0 0 0 0 0 0 0 0 0 0 0 0 0 0 0 0 0 0 0 0 0 0 0 0
 0 0 0 0 0 0 0 0 1 1 1 1 2 2 2 2]",5
fold_3/sample_2717/image.png,"[0 0 0 0 0 0 0 0 0 0 0 0 1 1 1 1 1 1 1 1 1 1 1 1 1 1 1 1 1 1 1 1 1 1 1 1 1
 1 1 1 1 1 1 1 1 1 1 1 1 1 1 1 1 1 1 1 2 2 2 2 2 2 2 2 2 2 2 2 2 2 2 2 2 2
 2 2 2 2 2 2 2 2 2 2 2 2 2 2 2 2 2 2 2 2 2 2 2 2]",5
fold_3/sample_2718/image.png,"[0 0 0 0 0 0 0 0 0 0 0 0 0 0 0 0 0 0 0 0 0 2 2 2 2 2 2 2 2 2 2 2 2 2 2 2 2
 2 2 2]",5
fold_3/sample_2719/image.png,"[1 1 1 1 1 1 1 1 1 1 2 2 2 2 2 2 2 2 2 2 2 2 2 2 2 2 2 2 2 2 2 2 2 2 2 2 2
 2 2 2 2 2 2 2 2 2]",5
fold_3/sample_2720/image.png,"[1 1 1 1 1 1 1 1 1 1 1 1 1 1 1 1 1 1 2 2 2 2 2 2 2 2 2 2 2 2 2 2 2 2 2 2 2
 2 2 2 2 2 2 2 2 2 2 2 2 2 2]",5
fold_3/sample_2721/image.png,"[1 1 1 1 1 1 1 1 1 1 1 1 1 1 1 1 1 1 1 1 1 1 1 1 1 1 1 1 1 1 1 1 1 1 1 1 1
 1 1 2 2 2 2 2 2 2 2 2 2 2 2 2 2 2 2 2 2 2 2 2 2 2 2 2 2 2 2 2 2 2 2 2 2 2
 2]",5
